CustomerID,Age,Gender,AnnualIncome,SpendingScore,PurchaseFrequency,AvgTransactionValue,TotalSpend,Recency
50001,56,Male,143,40,18,152,38676,22
50002,69,Female,61,1,13,26,34329,132
50003,46,Female,19,19,14,294,27028,113
50004,32,Female,192,87,10,14,30382,134
50005,60,Male,38,26,3,20,45484,67
50006,25,Female,189,29,7,217,17706,77
50007,38,Female,32,59,18,445,2157,90
50008,56,Female,98,63,16,427,43119,116
50009,36,Male,170,98,17,90,30306,87
50010,40,Male,19,83,6,42,46209,68
50011,28,Female,44,62,12,314,25993,162
50012,28,Female,15,48,19,386,23282,101
50013,41,Female,100,62,3,168,13531,162
50014,53,Male,96,18,3,283,35857,57
50015,57,Male,188,66,18,124,22543,165
50016,41,Male,83,27,11,226,47983,134
50017,20,Female,45,6,6,270,46837,71
50018,39,Male,105,70,19,167,40107,173
50019,19,Female,198,59,5,54,1958,169
50020,41,Female,107,6,13,129,32113,103
50021,61,Male,141,31,5,224,41049,133
50022,47,Female,170,94,3,137,37309,60
50023,55,Male,30,56,19,263,41114,145
50024,19,Female,68,54,17,47,33439,109
50025,38,Female,195,85,3,374,29012,101
50026,50,Male,154,41,15,219,36148,9
50027,29,Female,34,18,17,361,10752,132
50028,39,Female,96,87,13,103,40784,170
50029,61,Female,176,23,14,38,16682,174
50030,42,Female,195,92,16,173,693,74
50031,66,Female,165,36,11,146,30039,96
50032,44,Female,123,25,17,32,2357,129
50033,59,Female,169,7,5,140,37547,87
50034,45,Female,127,82,15,95,42583,115
50035,33,Male,31,20,18,193,13327,145
50036,32,Male,190,5,16,433,41665,116
50037,64,Female,163,18,14,246,12697,128
50038,68,Female,192,33,14,193,8752,91
50039,61,Male,182,79,13,323,41313,79
50040,69,Female,140,35,1,168,24691,118
50041,20,Male,17,65,6,479,16204,7
50042,54,Male,31,63,11,20,17116,133
50043,68,Male,64,85,11,51,15919,116
50044,24,Female,136,72,16,244,43171,103
50045,38,Female,104,71,3,140,35325,53
50046,26,Female,101,41,17,194,31393,119
50047,56,Male,20,50,14,23,43943,3
50048,35,Male,170,30,2,311,47031,62
50049,21,Male,69,38,9,263,2169,32
50050,42,Female,187,35,8,156,37939,2
50051,31,Male,161,66,11,389,43507,80
50052,67,Male,116,46,7,69,12828,124
50053,26,Female,43,8,2,424,17218,81
50054,43,Male,165,68,4,301,2801,53
50055,19,Male,125,37,14,169,15839,140
50056,37,Female,174,85,13,456,25512,124
50057,45,Female,24,13,13,35,33575,133
50058,64,Male,105,73,13,74,39389,4
50059,24,Female,191,45,5,395,5458,56
50060,61,Male,43,29,12,79,36033,80
50061,25,Female,59,41,6,391,8066,45
50062,64,Male,65,56,14,182,40221,148
50063,52,Female,115,88,8,471,30795,53
50064,31,Male,142,16,8,485,5770,73
50065,34,Female,25,12,7,234,18769,16
50066,53,Female,96,66,17,162,25772,93
50067,67,Female,142,62,11,49,43738,113
50068,57,Female,20,19,10,155,7705,30
50069,21,Female,81,30,13,375,1379,20
50070,19,Female,76,16,10,107,21286,106
50071,23,Female,147,88,14,257,31960,87
50072,59,Male,151,13,9,21,10312,36
50073,21,Male,42,69,7,484,28007,22
50074,46,Female,52,23,7,33,42492,129
50075,35,Female,57,62,18,234,14616,21
50076,43,Male,131,31,16,254,19328,176
50077,61,Male,163,53,8,472,2460,5
50078,51,Female,60,17,16,180,39088,120
50079,27,Male,180,49,19,41,3698,168
50080,53,Male,63,49,15,123,5678,82
50081,31,Female,53,67,15,218,5998,79
50082,48,Female,85,26,6,492,8297,45
50083,65,Female,141,13,9,312,49557,159
50084,32,Male,172,38,15,438,15895,143
50085,25,Female,163,22,7,44,5580,58
50086,31,Female,15,85,8,214,18393,45
50087,40,Male,174,29,18,387,25675,170
50088,57,Female,150,45,16,393,41907,152
50089,38,Male,83,46,15,402,32186,38
50090,33,Male,44,39,3,275,32675,51
50091,62,Male,129,69,1,74,13364,24
50092,35,Male,22,78,13,452,27405,91
50093,64,Male,127,82,12,107,43602,161
50094,41,Male,33,68,9,194,49270,147
50095,43,Female,73,97,2,247,47004,25
50096,42,Female,197,39,9,494,29208,70
50097,62,Female,172,20,8,482,42921,49
50098,58,Male,93,77,5,479,46036,17
50099,46,Female,50,68,13,275,12766,149
50100,32,Male,69,35,2,483,37896,43
50101,62,Female,58,8,10,412,21733,82
50102,18,Male,169,52,6,241,6134,150
50103,42,Female,91,40,7,118,17522,63
50104,24,Male,92,36,3,498,21834,24
50105,26,Female,115,6,14,187,45779,33
50106,41,Male,196,86,16,258,37523,17
50107,18,Female,190,70,6,333,39506,176
50108,61,Male,44,73,8,369,39524,44
50109,25,Female,53,16,1,14,21852,153
50110,41,Female,27,46,15,166,22836,107
50111,28,Female,136,59,17,239,31155,99
50112,68,Male,158,38,18,125,39089,29
50113,34,Male,186,97,3,270,34418,12
50114,25,Male,126,18,6,325,5305,100
50115,52,Male,169,12,17,330,38604,127
50116,52,Male,59,54,13,136,34171,137
50117,50,Female,133,91,17,37,40020,86
50118,22,Male,49,47,16,348,26648,53
50119,59,Female,170,1,17,237,22728,61
50120,56,Female,21,15,1,138,2391,159
50121,58,Male,124,91,16,38,26454,113
50122,45,Female,128,80,6,188,47578,48
50123,24,Male,65,21,8,173,24416,108
50124,26,Male,60,1,1,169,45542,79
50125,25,Male,34,93,2,329,43697,47
50126,29,Female,110,67,15,407,42825,161
50127,51,Male,52,12,5,297,38658,67
50128,50,Male,118,28,15,274,21408,64
50129,65,Male,46,39,10,476,19595,122
50130,40,Female,168,37,5,404,40587,145
50131,41,Male,72,95,3,441,25019,44
50132,54,Female,181,60,6,444,41299,5
50133,52,Female,162,31,15,397,35416,94
50134,61,Male,96,58,18,306,33692,79
50135,57,Female,64,97,14,34,26340,39
50136,39,Female,66,97,10,154,45419,170
50137,44,Male,100,11,4,184,16687,102
50138,52,Male,129,29,11,17,37015,92
50139,18,Male,164,89,7,323,262,21
50140,52,Female,67,13,15,118,35030,175
50141,54,Male,80,51,9,138,28645,74
50142,64,Female,131,54,15,11,20149,28
50143,31,Female,57,19,12,19,27002,149
50144,20,Female,96,58,18,356,39552,113
50145,18,Female,165,36,6,126,16047,28
50146,22,Female,78,28,18,420,14846,86
50147,43,Male,151,68,18,406,12464,102
50148,31,Male,127,3,6,328,5033,19
50149,56,Female,149,89,15,20,20230,63
50150,44,Female,183,41,19,407,42950,116
50151,26,Male,68,35,5,105,14491,38
50152,32,Male,79,93,4,473,16713,46
50153,32,Female,16,93,17,389,35983,152
50154,43,Female,146,76,10,102,16025,92
50155,59,Male,92,99,12,111,5490,173
50156,30,Male,46,84,5,107,34948,9
50157,68,Female,114,81,7,291,38493,9
50158,49,Male,144,76,12,462,2019,21
50159,56,Male,118,50,2,476,31968,24
50160,66,Female,156,74,17,304,5307,95
50161,69,Female,162,82,13,357,12936,93
50162,49,Female,103,30,5,165,26983,40
50163,21,Male,63,72,5,154,11680,132
50164,47,Female,150,77,12,430,37751,131
50165,54,Male,188,95,12,373,35863,141
50166,40,Female,163,70,7,220,18340,21
50167,56,Female,101,54,6,164,18911,8
50168,62,Male,174,71,10,251,43288,120
50169,32,Male,22,85,19,85,19780,110
50170,60,Female,115,51,16,332,26993,129
50171,46,Female,30,28,2,387,36621,14
50172,53,Male,54,64,4,461,48917,76
50173,30,Female,120,85,9,184,44321,36
50174,49,Male,41,21,5,120,10819,150
50175,24,Male,118,88,1,468,13347,117
50176,68,Female,119,27,11,427,39222,164
50177,39,Male,160,27,19,27,4459,45
50178,45,Male,49,77,3,300,33382,144
50179,19,Male,127,50,1,283,28870,11
50180,59,Female,66,29,4,247,29026,67
50181,62,Male,157,39,9,207,6537,98
50182,23,Female,67,57,16,171,8346,153
50183,45,Female,105,92,7,426,13987,90
50184,45,Female,95,37,5,393,47988,159
50185,61,Male,118,93,13,209,31744,113
50186,61,Male,80,64,11,243,43228,90
50187,37,Female,127,48,14,392,25798,89
50188,47,Female,45,22,17,349,39220,11
50189,28,Male,75,30,12,477,33366,80
50190,45,Female,115,28,19,52,20554,84
50191,42,Female,119,23,5,91,41288,106
50192,56,Male,112,97,8,36,26308,116
50193,50,Female,48,4,2,313,23154,166
50194,18,Male,197,3,17,78,35920,2
50195,44,Male,73,61,2,208,16927,54
50196,69,Female,17,96,3,415,9816,93
50197,30,Male,31,4,18,427,33571,7
50198,58,Male,92,65,15,436,13806,177
50199,20,Male,60,12,5,470,9982,40
50200,56,Female,180,13,17,381,31115,45
50201,23,Female,49,34,14,489,40004,132
50202,25,Female,143,59,1,225,37796,107
50203,44,Male,126,93,14,133,22516,34
50204,26,Male,171,73,9,25,6783,8
50205,54,Female,146,31,5,135,2348,32
50206,50,Female,75,71,4,23,6244,146
50207,68,Male,111,13,1,48,3556,168
50208,59,Female,159,54,3,208,5388,75
50209,61,Female,170,2,11,117,585,37
50210,41,Female,192,33,16,277,16011,36
50211,32,Female,104,50,11,477,4433,10
50212,49,Female,150,7,10,362,29119,70
50213,49,Male,176,18,12,320,6446,118
50214,41,Female,73,51,5,399,1935,162
50215,58,Female,32,8,10,49,19141,95
50216,69,Male,109,55,13,356,13886,72
50217,66,Male,169,76,19,278,37790,145
50218,66,Male,30,43,7,78,34146,123
50219,69,Male,24,59,16,161,14622,61
50220,29,Female,118,30,6,467,33847,146
50221,56,Female,90,59,10,196,18089,36
50222,19,Female,164,9,10,439,38265,161
50223,20,Female,30,92,11,361,3857,151
50224,66,Male,26,68,10,466,10697,38
50225,54,Male,89,39,14,250,16856,158
50226,66,Female,193,81,15,236,35863,144
50227,34,Female,143,11,7,437,36063,104
50228,66,Female,41,2,13,213,18190,92
50229,19,Female,26,23,11,276,35415,6
50230,19,Male,44,63,7,127,39464,133
50231,45,Female,23,22,11,326,27627,92
50232,40,Male,67,61,14,301,1524,1
50233,54,Male,68,26,17,465,10449,14
50234,49,Male,179,12,16,403,20486,83
50235,50,Male,184,32,1,471,23794,31
50236,18,Female,63,9,9,231,19706,179
50237,36,Female,18,69,9,394,26930,121
50238,19,Female,93,90,10,72,18313,79
50239,61,Female,193,71,19,405,38322,147
50240,43,Male,105,93,15,14,3094,102
50241,49,Male,93,33,16,343,28139,32
50242,23,Male,173,24,11,301,49096,57
50243,49,Female,117,89,17,154,47763,31
50244,21,Male,125,95,19,451,34929,58
50245,28,Male,72,93,13,159,12816,154
50246,34,Male,96,69,6,168,32128,48
50247,55,Male,146,38,15,419,37830,123
50248,41,Female,36,11,16,278,19259,41
50249,22,Male,145,32,4,456,18523,153
50250,69,Male,93,64,8,460,29349,175
50251,51,Female,113,72,7,328,49365,121
50252,23,Female,189,20,17,20,48193,61
50253,39,Female,52,34,16,78,45982,132
50254,28,Male,175,42,2,201,47483,159
50255,65,Male,190,8,17,111,43170,120
50256,33,Male,131,66,4,461,27389,96
50257,50,Male,40,21,14,41,14840,112
50258,26,Female,150,79,8,211,4770,41
50259,23,Male,64,70,5,275,40677,26
50260,33,Male,52,5,5,117,35914,19
50261,46,Female,152,67,5,63,45779,87
50262,20,Female,56,43,5,448,36150,25
50263,37,Female,51,16,3,347,39532,47
50264,53,Male,168,99,6,199,21090,8
50265,36,Male,154,73,1,248,20662,3
50266,43,Male,63,35,8,448,34875,33
50267,20,Male,156,83,13,352,36959,112
50268,36,Male,60,43,6,347,35631,156
50269,37,Female,177,98,18,300,8327,22
50270,49,Female,43,39,18,332,34850,99
50271,24,Male,26,10,16,330,16912,98
50272,69,Male,130,74,8,282,37335,30
50273,58,Male,96,20,17,51,12662,47
50274,50,Male,58,1,8,452,10597,164
50275,57,Male,16,6,15,207,21301,59
50276,56,Female,31,53,10,386,45396,14
50277,35,Female,152,46,1,130,5800,73
50278,57,Female,32,66,9,404,581,105
50279,18,Male,36,38,17,343,11984,14
50280,28,Male,97,33,1,293,15224,152
50281,45,Female,72,67,9,304,9825,49
50282,42,Female,67,77,14,191,36849,171
50283,67,Male,15,35,5,109,41076,3
50284,40,Female,75,79,6,20,28217,23
50285,48,Female,173,45,5,380,28180,148
50286,47,Male,45,22,4,242,12636,109
50287,59,Female,80,68,16,451,43364,143
50288,52,Female,161,17,16,126,6947,43
50289,24,Female,67,5,10,433,18783,71
50290,33,Male,109,85,14,397,20116,161
50291,43,Female,164,57,13,73,29247,55
50292,65,Female,37,88,4,185,35697,126
50293,69,Female,157,95,14,463,8987,82
50294,66,Male,168,40,9,495,8238,41
50295,19,Male,145,30,3,92,4110,146
50296,18,Female,101,42,10,424,36464,131
50297,65,Male,162,7,15,11,44279,3
50298,29,Female,139,71,19,308,40470,100
50299,22,Male,123,91,2,226,36768,144
50300,54,Male,54,88,2,251,8362,171
50301,49,Female,135,19,9,306,11462,23
50302,26,Female,53,41,4,69,32498,143
50303,58,Female,134,34,5,377,35791,127
50304,52,Male,32,22,2,212,34460,58
50305,36,Female,183,52,7,439,30470,168
50306,65,Male,169,91,19,49,19900,118
50307,33,Male,157,6,6,324,43469,166
50308,20,Female,51,74,16,54,37905,117
50309,37,Male,19,95,14,307,24001,82
50310,41,Female,87,25,12,128,16056,102
50311,50,Male,149,66,6,414,13563,134
50312,41,Female,55,10,13,140,21168,108
50313,69,Male,24,74,15,459,12252,46
50314,28,Male,168,26,14,404,27989,6
50315,66,Female,82,5,8,289,13883,123
50316,25,Male,38,86,11,59,39362,92
50317,53,Female,92,68,9,97,8372,148
50318,55,Male,183,98,12,30,39425,19
50319,57,Male,159,71,6,418,36264,14
50320,37,Male,123,50,19,397,22368,65
50321,52,Female,38,17,3,241,40191,96
50322,65,Female,169,11,1,390,15898,157
50323,42,Female,21,53,15,52,11984,159
50324,52,Female,87,50,15,440,31672,153
50325,42,Female,121,8,5,32,31926,46
50326,46,Male,113,92,11,453,24748,16
50327,35,Male,136,97,1,225,28331,108
50328,63,Female,26,62,10,286,12651,139
50329,35,Male,99,89,11,203,38528,18
50330,19,Male,17,85,7,224,17558,108
50331,52,Male,93,76,17,188,6476,69
50332,33,Male,99,90,12,152,6424,120
50333,58,Female,24,29,4,323,40086,88
50334,53,Male,47,99,12,35,8384,90
50335,50,Female,60,44,3,227,21755,16
50336,21,Female,73,45,18,485,37773,102
50337,50,Male,66,29,12,68,26307,134
50338,31,Female,20,88,19,355,20400,125
50339,38,Male,144,59,13,54,15508,120
50340,65,Male,43,15,16,459,5333,76
50341,37,Male,133,70,8,428,13896,73
50342,25,Female,182,96,6,233,14248,177
50343,24,Female,111,44,10,359,15760,41
50344,20,Female,82,98,10,265,10604,106
50345,34,Male,171,36,6,119,13048,121
50346,50,Male,74,84,8,329,32076,89
50347,65,Male,138,57,18,349,8973,118
50348,29,Female,98,64,17,259,16443,156
50349,68,Male,55,76,10,86,6462,159
50350,39,Male,127,99,2,292,8018,66
50351,39,Female,79,38,12,96,16314,46
50352,63,Female,93,17,10,259,15228,108
50353,47,Female,77,27,9,217,20141,4
50354,55,Male,190,17,16,168,35350,150
50355,55,Male,162,63,7,21,22265,173
50356,62,Male,132,11,9,234,16814,156
50357,68,Female,51,64,6,367,39422,138
50358,25,Female,78,39,10,310,18467,177
50359,44,Female,100,2,7,393,10303,95
50360,44,Female,147,66,18,41,6231,106
50361,51,Male,48,54,11,63,4376,80
50362,38,Male,53,29,1,459,10347,51
50363,47,Male,81,45,19,251,37451,171
50364,50,Male,76,88,5,378,34336,134
50365,45,Male,102,88,6,124,2466,121
50366,64,Male,166,80,7,480,17235,153
50367,50,Male,145,31,4,297,35078,4
50368,22,Male,123,49,16,408,14975,152
50369,65,Female,103,9,10,113,36066,91
50370,36,Female,81,27,15,320,2955,54
50371,21,Male,93,56,13,306,40516,3
50372,52,Female,192,78,8,136,20632,175
50373,66,Male,43,45,13,49,30659,30
50374,34,Male,88,89,7,81,13759,76
50375,61,Female,46,43,17,244,17761,41
50376,45,Male,101,22,4,379,15581,106
50377,47,Male,53,99,7,442,40717,59
50378,46,Male,151,33,16,479,25818,40
50379,63,Male,115,27,2,256,19140,45
50380,23,Male,156,40,14,303,12076,150
50381,52,Male,82,26,14,256,47977,15
50382,58,Male,162,83,8,321,11327,17
50383,54,Female,42,45,6,43,42783,108
50384,41,Female,28,45,7,138,7796,25
50385,46,Male,186,26,7,19,18668,43
50386,66,Female,91,70,2,177,19055,179
50387,63,Male,130,67,4,281,21362,61
50388,48,Male,181,6,13,225,30667,173
50389,52,Male,42,28,10,439,18969,131
50390,50,Male,103,67,9,417,8357,164
50391,69,Female,46,13,15,249,42454,28
50392,38,Female,151,63,12,23,45228,107
50393,49,Female,170,13,10,99,1118,124
50394,40,Female,109,77,19,432,15302,173
50395,50,Male,31,1,5,27,4947,84
50396,20,Female,131,40,7,349,30475,149
50397,35,Male,91,37,11,178,42763,27
50398,42,Male,69,31,16,65,27771,83
50399,59,Female,24,17,13,173,22165,100
50400,48,Male,94,9,4,161,8767,76
50401,20,Female,148,64,16,99,40834,35
50402,57,Female,190,57,13,294,24207,176
50403,63,Female,130,13,1,31,6750,97
50404,41,Female,183,37,4,276,42568,100
50405,67,Female,93,14,15,306,18687,151
50406,49,Male,74,75,16,442,31394,13
50407,64,Female,56,25,4,255,22219,158
50408,39,Female,130,95,17,148,22500,148
50409,40,Male,123,78,11,61,24792,6
50410,19,Female,85,57,5,76,33400,147
50411,44,Female,170,71,13,94,33204,74
50412,59,Male,116,88,12,259,506,10
50413,19,Male,27,42,3,340,12920,21
50414,43,Female,29,42,4,401,32991,127
50415,34,Male,50,47,10,424,44469,56
50416,57,Female,29,44,9,132,42173,57
50417,50,Male,131,41,10,211,34483,130
50418,26,Female,89,3,13,15,17535,39
50419,60,Female,70,90,1,346,5607,61
50420,65,Female,109,90,12,495,614,173
50421,56,Male,146,1,11,208,37816,110
50422,46,Female,66,79,8,233,26199,156
50423,59,Male,152,11,14,22,5171,146
50424,43,Female,187,7,14,15,15345,14
50425,52,Female,98,12,17,460,5185,59
50426,67,Female,43,38,19,420,24553,109
50427,42,Female,67,54,17,130,7850,147
50428,41,Female,171,67,6,54,21954,41
50429,30,Male,165,53,14,371,13164,140
50430,24,Male,199,90,18,35,43607,148
50431,53,Male,192,94,17,13,31772,162
50432,62,Female,35,32,6,302,23105,125
50433,37,Female,126,45,5,286,27967,36
50434,18,Male,185,51,13,293,22041,21
50435,25,Female,152,37,16,219,17033,56
50436,63,Female,90,59,9,297,44095,41
50437,33,Female,44,54,12,368,40296,127
50438,31,Male,139,18,10,190,27952,169
50439,29,Male,65,1,13,262,13337,171
50440,68,Male,175,21,19,426,23212,106
50441,40,Male,160,28,16,291,12908,86
50442,32,Male,92,16,17,154,15251,38
50443,45,Female,36,48,16,449,27375,146
50444,51,Female,78,28,14,125,19535,8
50445,19,Female,35,22,16,358,44878,148
50446,49,Female,143,83,15,477,1737,106
50447,40,Male,121,1,12,39,36136,146
50448,39,Male,130,95,5,386,5887,108
50449,68,Female,138,42,11,251,16552,130
50450,42,Male,157,98,5,14,40771,170
50451,39,Female,50,70,11,383,41344,64
50452,39,Female,61,92,2,271,34424,44
50453,66,Female,196,3,19,115,34462,179
50454,69,Female,46,95,17,133,5260,101
50455,59,Male,188,80,19,455,28181,106
50456,23,Female,68,81,12,403,9679,65
50457,32,Male,175,44,5,335,29723,65
50458,60,Female,181,27,12,147,27014,118
50459,54,Female,37,51,16,115,10265,124
50460,50,Female,185,24,1,222,34718,108
50461,25,Female,197,20,2,309,26020,95
50462,61,Male,16,32,10,65,10638,167
50463,61,Female,180,99,2,141,23071,136
50464,22,Male,171,13,10,278,49525,67
50465,56,Female,124,43,18,131,37280,111
50466,21,Female,138,20,1,211,19861,76
50467,23,Female,81,2,5,217,18605,49
50468,62,Male,85,68,12,284,1596,164
50469,49,Female,178,91,17,463,373,7
50470,69,Female,43,60,19,99,44554,15
50471,47,Female,133,89,18,199,16113,85
50472,64,Female,179,4,13,274,24135,153
50473,52,Female,127,96,3,55,11280,38
50474,57,Male,59,17,10,321,47740,37
50475,69,Male,30,1,14,339,35214,122
50476,33,Female,45,33,8,49,19662,16
50477,30,Female,176,30,10,76,34667,1
50478,67,Male,64,5,2,122,15163,175
50479,59,Female,136,12,13,348,19675,37
50480,47,Male,185,32,5,71,20368,45
50481,36,Female,198,38,11,236,2044,142
50482,34,Female,29,17,1,183,39365,162
50483,36,Male,190,58,10,143,45853,159
50484,45,Female,63,40,13,294,49076,83
50485,43,Male,186,96,4,284,40488,172
50486,54,Male,24,24,10,123,10142,23
50487,43,Male,34,12,12,117,33860,94
50488,40,Female,84,95,14,152,8606,81
50489,26,Male,22,19,3,66,20013,66
50490,29,Male,187,29,2,303,13371,139
50491,18,Female,48,85,19,286,23329,177
50492,18,Female,193,90,11,60,30503,58
50493,64,Female,18,52,7,432,20228,29
50494,51,Female,122,92,18,480,27391,83
50495,49,Female,181,17,14,285,21923,179
50496,65,Female,38,73,7,243,17189,129
50497,42,Male,69,21,7,251,47640,133
50498,57,Female,40,60,9,267,16512,115
50499,62,Male,39,98,12,246,32703,34
50500,18,Female,50,75,6,41,29600,125
50501,33,Male,85,20,7,376,40011,78
50502,56,Male,26,53,4,357,17761,19
50503,22,Female,143,80,16,257,45606,88
50504,39,Female,130,63,7,141,21765,168
50505,46,Male,192,57,8,272,18067,81
50506,20,Female,167,29,8,268,29821,95
50507,29,Female,147,1,3,290,20869,72
50508,43,Male,97,82,9,377,23897,145
50509,33,Male,20,59,19,259,9937,38
50510,68,Male,40,64,13,274,32235,171
50511,54,Female,127,86,7,224,46921,40
50512,39,Female,117,72,15,224,48387,173
50513,46,Female,134,71,19,291,9888,168
50514,31,Female,197,89,2,497,13174,120
50515,45,Male,181,94,12,329,24848,88
50516,22,Female,23,98,8,27,38326,90
50517,64,Male,59,44,8,481,23143,30
50518,66,Female,28,48,13,356,28812,163
50519,47,Female,126,75,1,11,43386,172
50520,63,Male,69,15,10,10,42776,132
50521,69,Female,151,35,9,313,14783,133
50522,22,Female,29,23,2,473,21386,176
50523,29,Male,51,53,19,456,25763,66
50524,33,Female,192,45,14,372,26891,95
50525,43,Male,141,85,10,225,1791,27
50526,43,Male,131,92,10,173,15658,152
50527,65,Male,98,13,8,200,6101,56
50528,38,Male,86,34,14,84,41047,45
50529,56,Female,110,38,13,35,41747,68
50530,53,Female,125,70,6,271,9234,156
50531,50,Female,163,68,13,291,36617,5
50532,47,Male,199,5,3,230,28392,108
50533,54,Female,119,40,13,52,15316,47
50534,40,Female,161,70,19,131,18149,133
50535,27,Female,72,21,16,138,35897,5
50536,22,Female,109,28,4,274,33689,176
50537,53,Male,132,3,3,292,2004,121
50538,51,Male,20,23,15,80,12811,73
50539,69,Female,18,72,15,382,854,47
50540,48,Male,57,19,18,383,8536,155
50541,27,Female,107,75,7,268,48077,4
50542,36,Female,56,50,5,454,42856,177
50543,49,Female,17,74,8,210,23037,91
50544,18,Male,143,58,10,139,13429,65
50545,22,Female,197,92,1,389,27487,96
50546,62,Male,29,20,11,339,17476,80
50547,21,Male,61,92,3,90,27340,87
50548,33,Female,99,93,3,263,4490,61
50549,41,Male,188,72,15,424,28330,148
50550,33,Male,72,83,17,74,28322,100
50551,19,Female,53,53,18,387,46867,119
50552,66,Male,145,85,8,155,37881,109
50553,45,Male,172,82,13,143,23920,136
50554,49,Female,49,9,10,111,43936,82
50555,44,Female,199,4,3,498,7550,13
50556,37,Male,171,41,14,51,42296,165
50557,41,Female,192,25,13,376,2723,43
50558,29,Female,66,34,3,205,34628,92
50559,67,Male,132,73,13,369,7830,178
50560,52,Male,28,9,9,269,4712,20
50561,50,Female,177,82,16,108,34826,48
50562,50,Male,170,75,8,397,25486,100
50563,68,Female,44,13,12,74,8529,19
50564,60,Female,104,9,12,306,11952,69
50565,54,Male,149,80,19,436,11248,17
50566,29,Male,181,4,17,232,40303,156
50567,20,Female,109,34,15,254,14271,36
50568,18,Female,83,7,18,192,17317,166
50569,50,Female,177,15,7,412,6720,82
50570,57,Female,141,38,13,158,41554,70
50571,27,Male,66,75,19,451,5491,116
50572,60,Female,156,96,16,423,19101,154
50573,61,Male,77,91,11,125,15306,1
50574,46,Male,50,94,5,400,36295,81
50575,30,Female,105,52,2,462,32623,130
50576,29,Male,166,81,1,329,6324,164
50577,48,Male,182,83,16,267,13631,35
50578,63,Female,171,7,5,380,46063,127
50579,19,Male,67,45,7,460,49148,27
50580,68,Male,123,59,9,393,33214,46
50581,67,Female,164,21,4,88,21908,148
50582,52,Female,86,28,19,240,7787,8
50583,40,Female,29,3,15,366,3338,93
50584,34,Female,127,14,7,128,49693,72
50585,43,Female,83,2,18,83,31264,114
50586,25,Female,130,29,5,18,47195,91
50587,46,Female,18,18,13,288,28544,26
50588,43,Male,89,37,3,279,2634,103
50589,27,Male,160,45,6,63,49693,62
50590,43,Female,56,45,12,389,16691,94
50591,51,Male,44,24,18,54,39788,161
50592,68,Male,157,46,18,234,21677,61
50593,58,Female,84,12,4,25,46581,148
50594,24,Male,197,53,14,221,38194,68
50595,21,Female,195,45,14,209,8002,29
50596,67,Male,30,32,1,250,13072,46
50597,62,Female,125,18,11,111,10916,165
50598,28,Male,118,13,9,491,28307,101
50599,46,Male,121,4,18,104,10752,90
50600,53,Male,137,23,5,374,13665,133
50601,42,Female,176,62,10,194,6120,88
50602,38,Male,41,54,15,145,41768,127
50603,53,Male,27,74,10,34,5668,107
50604,27,Female,169,55,16,434,15325,66
50605,54,Female,87,69,4,327,14277,143
50606,26,Male,100,40,4,342,27417,46
50607,41,Male,45,14,8,411,40664,8
50608,52,Male,17,98,6,59,43507,165
50609,66,Male,44,28,11,178,2939,101
50610,52,Female,163,72,13,299,14045,142
50611,65,Male,113,80,19,109,5260,133
50612,53,Male,148,95,11,379,25061,73
50613,35,Female,174,71,2,90,10862,123
50614,66,Male,184,67,3,21,8885,43
50615,56,Male,174,29,15,217,17601,177
50616,49,Male,113,61,13,86,3690,123
50617,41,Female,100,68,10,84,3014,172
50618,40,Female,181,9,5,471,43149,48
50619,49,Male,78,17,11,179,47648,158
50620,54,Male,132,49,14,320,37882,161
50621,29,Female,172,63,15,357,10758,165
50622,66,Male,128,84,13,452,13853,178
50623,30,Male,173,78,3,188,44610,7
50624,40,Female,101,46,9,97,26432,171
50625,42,Female,54,93,8,446,27518,40
50626,52,Female,175,13,15,474,49941,32
50627,58,Male,39,45,1,274,41794,105
50628,47,Male,178,53,2,231,28816,94
50629,34,Male,166,17,9,494,24983,111
50630,66,Male,109,47,17,12,18817,89
50631,37,Female,181,62,9,127,25752,77
50632,65,Male,60,50,1,145,26840,9
50633,42,Male,152,43,8,475,17897,137
50634,39,Female,46,68,5,196,24753,64
50635,30,Female,111,84,11,39,12741,173
50636,36,Male,178,75,6,76,17554,91
50637,66,Female,170,86,17,320,37674,95
50638,53,Female,158,72,18,427,39557,93
50639,29,Male,30,28,18,388,49257,94
50640,58,Male,32,45,5,308,31915,166
50641,36,Male,150,41,5,421,42639,174
50642,29,Male,89,94,19,430,9562,124
50643,26,Female,15,97,13,226,13371,70
50644,24,Female,139,97,7,167,3385,103
50645,45,Male,52,36,14,80,7464,64
50646,31,Male,59,91,8,327,48709,95
50647,48,Female,95,84,3,119,26175,163
50648,69,Male,143,33,4,294,15729,12
50649,36,Male,46,25,10,380,39418,48
50650,64,Male,150,19,4,267,16782,63
50651,33,Male,132,47,18,99,36216,173
50652,22,Female,54,85,12,370,1347,6
50653,52,Male,198,33,15,66,39718,45
50654,29,Female,88,67,13,450,32229,90
50655,42,Male,125,14,12,307,4906,101
50656,69,Male,117,79,8,58,29792,160
50657,38,Female,117,33,9,194,30774,104
50658,53,Male,88,42,9,208,4235,131
50659,40,Female,178,86,17,27,49208,127
50660,33,Male,128,65,1,207,27058,130
50661,56,Male,137,95,6,498,10117,20
50662,62,Male,71,47,7,241,26093,39
50663,59,Male,88,35,9,36,29656,140
50664,56,Male,97,84,10,127,31761,36
50665,31,Female,187,32,4,63,4168,92
50666,48,Female,93,55,16,498,11481,9
50667,22,Male,144,54,12,161,38022,44
50668,52,Male,107,76,9,234,46453,75
50669,40,Female,64,51,3,488,27204,53
50670,46,Female,43,80,9,171,23871,30
50671,60,Male,95,59,17,159,37831,115
50672,28,Male,24,72,14,225,14631,66
50673,35,Female,169,14,5,328,45053,38
50674,64,Male,131,18,1,429,6374,38
50675,29,Female,157,55,1,357,18728,161
50676,26,Male,74,94,3,349,26269,55
50677,27,Female,173,97,9,326,33672,76
50678,61,Female,163,98,6,347,10160,116
50679,34,Male,74,56,9,51,34037,85
50680,55,Female,72,49,4,361,45034,23
50681,24,Male,183,98,19,170,27059,142
50682,63,Male,188,60,5,83,40696,96
50683,30,Male,59,53,5,402,23064,49
50684,57,Male,138,71,14,384,6628,113
50685,59,Female,40,6,10,34,9160,114
50686,26,Male,116,70,16,406,47998,45
50687,67,Male,65,86,6,312,47842,155
50688,44,Male,178,8,14,251,44883,96
50689,19,Male,66,15,18,387,8651,49
50690,22,Female,65,26,9,182,23230,2
50691,46,Male,145,39,7,398,39703,103
50692,54,Female,28,3,18,296,48594,59
50693,55,Female,191,57,10,168,26363,60
50694,36,Female,15,10,2,363,31941,22
50695,25,Male,199,3,13,227,24859,89
50696,65,Male,159,94,6,464,21089,106
50697,62,Male,192,46,9,434,5475,174
50698,18,Male,28,22,8,124,23055,53
50699,39,Female,95,67,10,439,47241,19
50700,69,Female,17,65,16,250,42799,49
50701,34,Male,112,97,15,317,18977,17
50702,24,Male,54,19,13,221,22824,127
50703,42,Male,103,62,18,372,18814,155
50704,62,Male,139,98,6,95,44558,19
50705,21,Male,176,57,9,142,20331,30
50706,53,Male,109,95,18,277,1095,78
50707,23,Male,23,88,7,286,41820,174
50708,48,Female,108,76,5,274,11241,106
50709,36,Female,98,13,11,102,10817,64
50710,61,Female,35,16,13,100,1310,32
50711,56,Female,39,16,3,154,39791,151
50712,44,Male,116,52,1,369,9550,36
50713,27,Male,136,84,4,161,2337,10
50714,43,Male,186,41,19,164,31407,59
50715,36,Male,39,48,18,145,13307,102
50716,56,Male,151,91,6,262,2040,118
50717,20,Female,117,39,10,437,28440,157
50718,62,Male,168,13,7,327,44070,11
50719,30,Female,71,4,12,38,33710,166
50720,67,Male,51,96,8,92,3360,79
50721,45,Female,30,98,13,339,37509,160
50722,37,Male,51,43,18,417,40649,91
50723,45,Female,90,81,14,43,23591,102
50724,25,Male,166,88,11,325,20389,129
50725,58,Male,40,93,10,113,25816,14
50726,56,Male,34,46,6,424,14495,131
50727,18,Male,151,92,13,380,41076,30
50728,20,Female,117,47,10,397,42815,159
50729,30,Male,43,86,12,242,47236,129
50730,45,Female,45,92,1,246,47989,174
50731,66,Male,33,53,18,232,18151,142
50732,42,Female,162,25,13,402,18394,164
50733,50,Male,41,41,4,99,40842,174
50734,55,Male,108,3,6,342,38091,164
50735,23,Female,99,77,18,386,44176,171
50736,61,Male,58,95,5,249,15068,105
50737,62,Male,177,13,18,227,26270,43
50738,49,Female,127,18,5,191,15797,143
50739,62,Male,164,37,7,266,25380,38
50740,64,Female,88,43,9,241,41637,89
50741,38,Male,101,34,3,198,23864,44
50742,33,Female,157,81,12,338,38820,109
50743,38,Female,108,55,14,424,37673,55
50744,28,Female,112,52,8,353,341,55
50745,54,Female,155,85,12,264,47965,78
50746,53,Male,146,36,7,54,4855,107
50747,52,Male,70,54,9,325,31127,57
50748,36,Female,165,59,12,95,43730,130
50749,37,Male,111,52,4,210,28802,124
50750,35,Male,112,19,5,368,38357,162
50751,64,Male,48,12,9,352,25985,49
50752,58,Female,114,92,7,221,33775,64
50753,66,Male,159,11,14,128,7588,87
50754,31,Male,170,48,17,307,26904,136
50755,32,Female,28,92,1,478,37472,69
50756,48,Male,176,99,15,164,33941,171
50757,18,Female,126,79,15,195,35906,62
50758,20,Female,89,16,1,206,31601,121
50759,33,Female,199,71,15,346,285,52
50760,40,Male,111,47,2,491,24307,33
50761,28,Male,135,67,4,210,42956,20
50762,29,Female,69,31,17,427,14639,112
50763,27,Female,131,76,16,275,25235,37
50764,49,Female,107,8,18,388,15275,106
50765,33,Female,51,89,16,245,30595,105
50766,25,Female,40,61,8,203,19092,51
50767,55,Female,81,44,6,376,15911,29
50768,29,Male,98,50,2,34,28664,137
50769,41,Female,194,35,19,268,44420,86
50770,45,Female,32,76,13,427,48172,40
50771,25,Female,195,61,6,80,22416,171
50772,45,Male,195,85,6,37,13642,100
50773,53,Male,41,90,13,402,37234,23
50774,43,Male,45,55,1,20,42513,103
50775,25,Male,120,66,9,358,34159,8
50776,67,Female,143,14,12,127,49335,74
50777,45,Male,20,4,12,389,26308,64
50778,45,Female,25,17,4,217,26692,151
50779,54,Female,176,69,19,432,16070,93
50780,58,Female,195,24,16,102,9639,120
50781,53,Female,32,49,12,150,6121,109
50782,44,Female,35,55,1,364,29408,96
50783,34,Female,33,71,4,20,20095,142
50784,26,Male,18,23,9,300,29415,80
50785,50,Male,91,81,7,248,38709,103
50786,37,Male,130,12,10,273,32556,17
50787,30,Male,171,11,13,272,13661,20
50788,45,Male,39,75,8,78,40992,115
50789,65,Female,198,98,10,79,24456,12
50790,46,Male,91,29,10,194,23083,124
50791,30,Male,169,62,8,380,49116,122
50792,63,Male,63,53,15,133,46000,72
50793,52,Female,79,48,1,428,30871,169
50794,23,Female,180,91,15,231,41127,85
50795,35,Female,97,86,17,20,46275,160
50796,68,Male,194,66,13,175,37596,165
50797,22,Male,15,48,12,100,39484,110
50798,64,Male,182,94,3,257,3683,18
50799,42,Male,95,59,19,350,10330,29
50800,19,Male,35,71,5,471,6357,135
50801,27,Female,100,57,3,314,39326,40
50802,47,Male,29,76,5,300,5339,101
50803,67,Female,64,3,9,166,17511,120
50804,62,Male,62,81,6,97,42671,134
50805,22,Female,174,32,16,237,39547,148
50806,50,Female,63,8,10,434,13832,55
50807,18,Female,122,87,16,374,3238,73
50808,35,Female,59,30,3,489,7419,88
50809,49,Male,46,15,18,143,6700,125
50810,64,Male,146,74,11,275,18305,161
50811,66,Male,111,55,19,93,29478,22
50812,28,Female,94,38,15,221,28195,50
50813,38,Male,160,15,11,227,3025,27
50814,43,Male,68,30,10,350,23254,48
50815,42,Male,141,46,9,246,43894,66
50816,39,Male,189,64,3,160,41378,141
50817,44,Female,148,26,9,183,41681,130
50818,66,Female,80,78,18,149,16988,46
50819,30,Male,151,67,12,64,13277,71
50820,50,Male,123,36,16,150,31213,128
50821,51,Male,37,90,4,83,6358,11
50822,58,Female,121,78,1,144,21005,26
50823,52,Female,185,31,13,494,38034,49
50824,18,Female,65,78,8,405,10227,63
50825,38,Male,86,40,6,326,33125,21
50826,65,Female,117,74,8,418,22495,177
50827,23,Female,167,73,19,139,42781,79
50828,45,Female,94,46,12,241,28453,80
50829,34,Female,177,42,1,35,40011,9
50830,22,Female,159,18,4,497,8121,149
50831,48,Male,32,36,13,444,47053,116
50832,22,Male,169,76,17,78,17389,120
50833,55,Male,157,50,19,71,26081,55
50834,20,Male,95,61,19,209,43354,41
50835,40,Female,121,40,5,499,40203,6
50836,54,Male,83,3,11,466,17087,1
50837,54,Male,94,82,7,176,24310,95
50838,27,Male,157,7,3,477,5383,133
50839,27,Female,56,31,11,125,19223,26
50840,36,Male,48,65,17,380,9157,1
50841,34,Female,62,95,11,148,16820,1
50842,38,Female,150,64,15,241,4691,93
50843,31,Female,152,77,19,457,43164,38
50844,26,Male,19,93,8,223,38928,41
50845,63,Female,130,3,16,217,34767,156
50846,18,Male,190,93,15,499,3587,133
50847,68,Male,131,35,3,111,16225,149
50848,62,Male,168,15,6,307,1646,63
50849,30,Female,122,21,3,19,33099,86
50850,21,Female,37,62,5,482,39337,84
50851,18,Male,76,83,1,132,38560,140
50852,66,Female,27,28,14,284,26810,134
50853,57,Female,151,4,12,13,37181,157
50854,49,Female,34,13,13,476,29509,109
50855,51,Male,106,79,14,268,32830,104
50856,45,Female,122,51,12,218,30634,35
50857,48,Female,199,48,13,407,45594,75
50858,25,Male,166,39,6,275,34426,125
50859,56,Female,122,96,15,271,5498,52
50860,43,Male,47,67,16,296,18606,33
50861,51,Female,162,94,9,40,34916,153
50862,20,Female,190,58,8,185,23189,14
50863,67,Female,78,84,5,18,42780,53
50864,29,Female,44,2,15,213,45931,61
50865,18,Female,122,25,7,117,12205,13
50866,61,Female,87,11,17,133,7061,15
50867,22,Male,123,1,16,247,40239,55
50868,47,Female,159,48,11,419,10553,47
50869,47,Female,114,48,7,139,40835,173
50870,34,Female,28,10,11,243,15830,97
50871,65,Male,33,81,2,13,4918,75
50872,64,Male,85,30,2,489,37118,15
50873,40,Male,73,35,6,229,17107,21
50874,32,Female,111,19,3,271,35449,36
50875,54,Female,58,53,1,39,4684,153
50876,38,Male,174,34,16,448,23394,44
50877,31,Male,125,32,14,421,24086,129
50878,19,Male,25,76,17,326,8737,42
50879,28,Female,120,81,18,86,35280,33
50880,68,Male,16,6,4,192,23599,103
50881,56,Female,139,13,3,375,23855,160
50882,55,Female,159,86,8,301,26474,153
50883,51,Female,108,75,4,467,33108,40
50884,55,Male,182,64,15,211,7092,97
50885,67,Female,188,7,13,398,40744,115
50886,51,Male,107,45,14,166,42281,102
50887,35,Male,18,45,14,109,19467,64
50888,47,Male,180,85,5,405,40596,147
50889,32,Male,77,65,5,131,46225,28
50890,44,Female,43,94,13,415,47868,80
50891,68,Female,33,19,4,324,31540,112
50892,51,Female,105,47,18,119,32336,170
50893,69,Female,43,46,6,176,40429,86
50894,55,Male,177,29,5,139,42142,178
50895,50,Male,130,99,3,279,43604,106
50896,41,Male,84,84,3,147,36428,48
50897,32,Male,137,61,3,185,27089,9
50898,47,Female,37,65,2,73,9548,158
50899,59,Male,60,23,18,140,15837,146
50900,68,Female,186,95,10,337,11424,173
50901,34,Male,190,51,7,197,46380,110
50902,22,Male,194,63,14,474,1507,83
50903,46,Male,22,99,10,461,15836,78
50904,21,Male,197,22,16,286,12626,66
50905,27,Female,80,71,6,359,15780,139
50906,34,Female,182,33,17,156,45324,90
50907,27,Female,173,44,6,344,3052,72
50908,34,Female,190,7,18,29,36412,15
50909,37,Male,114,91,10,323,45800,109
50910,41,Male,75,2,10,51,47604,40
50911,22,Female,126,17,9,359,26447,141
50912,51,Female,66,65,15,403,17979,86
50913,23,Male,180,58,11,416,25790,33
50914,19,Male,50,30,7,353,4941,126
50915,30,Female,126,86,18,149,47702,130
50916,60,Female,101,92,2,18,44374,109
50917,60,Female,197,97,2,88,17340,110
50918,65,Male,99,26,13,422,26807,162
50919,28,Female,27,35,11,347,19204,16
50920,68,Female,179,63,19,157,46924,14
50921,64,Female,61,75,1,202,47201,46
50922,40,Female,104,71,17,268,12958,50
50923,33,Female,36,28,18,145,42391,113
50924,48,Male,181,25,8,48,36992,133
50925,28,Female,72,61,13,329,15278,43
50926,33,Male,44,31,4,296,33002,146
50927,25,Female,160,54,19,376,40401,48
50928,21,Female,120,67,3,465,46231,154
50929,57,Female,160,97,6,472,16604,142
50930,21,Male,88,51,6,388,46419,21
50931,42,Male,181,58,6,159,44631,55
50932,20,Male,108,34,8,361,49808,116
50933,49,Female,168,59,17,14,23871,108
50934,20,Female,85,21,10,245,40868,2
50935,44,Male,21,56,5,245,27773,131
50936,46,Male,79,37,19,323,37446,13
50937,49,Female,60,64,11,466,43742,21
50938,67,Male,32,19,10,114,1262,161
50939,68,Female,155,85,3,216,40095,148
50940,36,Male,167,78,10,248,40157,125
50941,38,Male,22,74,2,328,9982,146
50942,22,Male,88,53,9,326,41062,38
50943,35,Female,174,71,5,61,26641,25
50944,45,Female,159,93,17,117,41206,166
50945,59,Male,116,63,6,366,30279,143
50946,39,Female,93,62,11,42,40617,157
50947,38,Female,93,72,5,31,21751,97
50948,23,Female,135,77,7,316,4974,32
50949,18,Female,190,19,7,20,5279,43
50950,22,Male,77,75,4,136,30915,13
50951,58,Female,54,2,10,451,12380,78
50952,29,Female,98,6,18,59,34621,25
50953,43,Male,29,29,1,207,16628,49
50954,63,Female,113,41,14,26,37338,88
50955,51,Female,148,51,6,439,20348,120
50956,66,Female,135,5,11,53,44542,136
50957,31,Male,77,41,14,194,33053,156
50958,43,Male,150,62,3,398,11568,126
50959,62,Female,142,30,16,48,14266,11
50960,44,Female,126,62,16,451,45432,10
50961,26,Male,125,27,7,146,30641,59
50962,43,Male,46,50,8,486,15748,65
50963,64,Male,59,82,4,288,40195,133
50964,39,Female,136,52,12,440,36259,80
50965,64,Female,194,49,12,173,8979,148
50966,47,Male,96,62,10,40,41762,92
50967,60,Female,27,60,12,349,16351,133
50968,65,Female,38,80,11,32,48494,112
50969,34,Female,182,54,11,449,20100,158
50970,43,Female,28,5,15,208,17840,87
50971,53,Female,84,9,6,183,10553,162
50972,18,Female,76,34,11,67,46787,113
50973,25,Female,134,98,2,429,47915,118
50974,66,Male,103,36,9,205,31070,92
50975,52,Male,15,95,11,97,13071,1
50976,69,Male,140,20,16,453,19619,112
50977,32,Male,46,81,13,151,43577,155
50978,64,Male,155,84,13,290,7716,119
50979,39,Male,175,92,18,464,21870,120
50980,31,Male,46,85,1,216,10511,34
50981,43,Male,70,83,10,181,5155,95
50982,45,Male,166,63,19,311,43560,32
50983,40,Female,105,67,17,406,13522,116
50984,31,Female,18,30,1,327,43948,174
50985,41,Male,37,69,1,284,33605,22
50986,19,Female,43,70,17,405,352,157
50987,62,Female,112,3,15,377,13673,98
50988,43,Male,163,49,2,355,6109,45
50989,31,Male,44,42,11,57,27209,173
50990,68,Male,104,24,2,170,15703,67
50991,24,Female,162,44,9,472,338,21
50992,20,Female,158,1,19,174,14741,149
50993,64,Male,81,54,2,399,6439,29
50994,40,Female,191,52,16,388,46635,33
50995,63,Female,115,36,9,226,11934,167
50996,60,Female,72,79,4,126,15047,90
50997,64,Male,186,38,13,346,218,126
50998,62,Female,39,44,15,436,42596,45
50999,35,Female,37,82,2,260,10846,73
51000,55,Female,143,87,18,365,40080,82
51001,52,Female,111,47,9,443,22105,129
51002,68,Female,157,29,1,253,16684,11
51003,32,Female,142,51,3,439,25368,160
51004,42,Female,95,41,17,256,39806,107
51005,54,Male,194,86,11,82,47321,177
51006,45,Male,183,64,8,293,14664,91
51007,27,Female,186,88,12,492,7335,158
51008,56,Male,18,48,11,204,6229,60
51009,34,Female,149,77,13,276,12853,138
51010,56,Female,60,97,15,413,2709,102
51011,39,Female,23,22,17,96,46440,149
51012,43,Male,175,99,12,255,2155,6
51013,61,Female,47,17,19,167,10046,166
51014,42,Female,98,86,11,366,7278,125
51015,34,Male,146,5,10,45,40511,116
51016,30,Male,79,61,17,245,26464,8
51017,37,Female,120,89,13,257,17494,70
51018,42,Male,48,6,16,469,6363,162
51019,21,Male,99,53,17,109,45801,177
51020,27,Female,102,81,5,236,24577,40
51021,20,Female,167,95,9,128,6915,86
51022,58,Female,69,17,4,363,22726,29
51023,62,Male,151,59,9,205,39573,9
51024,35,Male,31,97,16,97,32661,21
51025,64,Male,163,39,7,45,49956,32
51026,53,Female,155,54,14,323,18954,72
51027,64,Male,145,48,14,37,31008,171
51028,39,Male,18,37,7,48,43170,10
51029,51,Female,21,48,16,331,12527,177
51030,64,Female,40,68,18,436,47255,87
51031,25,Female,38,78,6,14,13421,84
51032,57,Male,24,77,7,485,16786,141
51033,66,Female,27,27,19,150,16292,86
51034,61,Male,139,88,8,237,14070,41
51035,36,Male,186,27,1,18,33210,31
51036,59,Female,53,72,17,368,3940,109
51037,58,Female,161,63,19,487,19305,32
51038,54,Female,193,52,7,66,9051,173
51039,23,Female,33,47,18,292,41872,13
51040,69,Female,90,21,6,454,45055,121
51041,43,Male,66,57,6,470,9566,153
51042,51,Male,189,75,1,499,38187,118
51043,62,Male,134,95,10,368,25022,106
51044,23,Female,172,91,8,187,17314,15
51045,54,Male,60,42,7,485,28719,64
51046,50,Female,163,48,9,91,8887,117
51047,39,Female,89,27,1,427,23142,8
51048,38,Male,138,72,11,94,43822,145
51049,23,Male,62,33,3,74,30280,5
51050,23,Female,76,76,18,438,2775,141
51051,65,Male,72,35,6,352,24092,21
51052,21,Female,32,98,11,299,1282,117
51053,47,Male,122,16,5,365,29770,124
51054,28,Male,62,36,4,466,8935,115
51055,47,Male,77,66,8,145,11455,44
51056,48,Male,26,76,10,259,39801,53
51057,41,Male,48,91,3,103,10294,156
51058,26,Female,116,56,13,57,20898,66
51059,20,Male,101,17,17,429,21674,149
51060,68,Male,195,20,5,109,30851,105
51061,48,Male,39,85,8,347,35118,126
51062,57,Female,146,94,19,203,6303,120
51063,54,Female,155,84,18,126,17467,57
51064,53,Female,184,8,1,276,36943,55
51065,41,Female,63,18,4,317,49358,130
51066,48,Female,92,18,18,173,27211,94
51067,23,Male,198,18,14,488,24229,65
51068,19,Male,189,2,11,296,38368,110
51069,37,Male,150,76,9,33,4391,131
51070,45,Female,69,96,13,414,5823,5
51071,28,Female,32,72,17,105,2493,66
51072,21,Male,49,51,15,263,40359,90
51073,32,Female,174,10,2,423,20793,146
51074,23,Female,166,75,6,130,27367,137
51075,66,Female,21,14,7,81,37393,150
51076,47,Male,27,26,2,362,11966,156
51077,55,Male,140,47,13,380,36192,140
51078,68,Female,126,30,10,73,17824,37
51079,19,Female,83,56,16,252,16048,119
51080,32,Female,114,42,9,136,47575,98
51081,28,Female,104,4,8,382,15959,170
51082,25,Male,56,11,15,48,7717,54
51083,43,Female,123,24,7,394,36461,170
51084,68,Male,173,86,19,362,31180,122
51085,62,Male,124,67,4,435,3790,67
51086,61,Male,40,37,9,86,25492,56
51087,22,Female,90,2,19,479,8655,46
51088,23,Male,46,12,2,14,7144,5
51089,43,Male,105,21,7,149,33285,56
51090,21,Female,139,69,19,261,27300,151
51091,36,Female,140,71,6,166,840,62
51092,37,Female,66,64,15,268,1058,141
51093,50,Male,162,68,7,326,37211,59
51094,37,Female,117,43,6,444,30718,28
51095,66,Male,119,54,1,429,42630,6
51096,29,Male,182,62,14,376,15637,61
51097,64,Female,28,86,1,246,25750,173
51098,18,Male,186,93,6,84,26061,93
51099,43,Male,118,73,18,483,41211,12
51100,31,Male,131,90,17,395,29129,163
51101,55,Male,62,12,2,38,1219,62
51102,54,Female,107,1,8,50,24484,112
51103,28,Male,185,72,2,38,12014,5
51104,53,Female,158,33,16,109,45503,66
51105,30,Male,124,64,4,329,49344,68
51106,60,Male,177,68,2,67,10304,86
51107,20,Female,67,14,5,220,8679,109
51108,50,Male,176,93,17,147,5573,114
51109,23,Male,17,14,2,20,32571,80
51110,67,Male,82,9,14,400,13434,66
51111,27,Male,147,73,7,342,6557,169
51112,22,Male,152,26,15,498,21795,155
51113,40,Male,66,49,18,373,45799,76
51114,27,Female,171,17,13,198,7972,5
51115,61,Female,110,68,12,459,14767,133
51116,19,Female,45,60,2,103,36869,86
51117,30,Male,80,3,12,351,28884,141
51118,57,Male,105,93,6,190,11908,80
51119,19,Male,83,25,1,330,7870,90
51120,37,Female,179,21,1,292,49184,137
51121,18,Male,169,12,15,400,5134,176
51122,54,Female,101,54,16,330,2866,32
51123,26,Male,47,1,7,67,2653,83
51124,34,Male,82,1,14,34,20336,36
51125,26,Male,102,45,19,313,41447,143
51126,28,Female,186,46,19,269,2673,137
51127,32,Male,109,48,13,487,49787,16
51128,41,Female,122,7,12,401,25765,6
51129,55,Male,191,10,1,222,22808,72
51130,52,Male,67,15,12,124,28335,161
51131,47,Female,88,40,4,461,35373,110
51132,48,Male,63,11,15,197,31621,100
51133,66,Male,127,56,16,269,41414,170
51134,22,Male,128,46,15,145,30748,59
51135,61,Male,109,45,8,499,43169,36
51136,67,Female,39,87,19,99,34802,34
51137,31,Female,146,13,15,230,40010,130
51138,28,Male,193,27,18,25,29037,13
51139,26,Male,153,81,11,156,20935,171
51140,51,Female,159,50,9,394,17006,57
51141,29,Male,122,61,1,110,46492,7
51142,52,Female,83,13,9,427,29428,59
51143,52,Male,98,12,12,486,38901,111
51144,18,Female,171,29,2,228,48186,116
51145,57,Female,99,85,11,377,43055,51
51146,39,Female,133,84,14,54,31444,3
51147,46,Female,86,20,2,72,15611,155
51148,25,Male,34,31,15,359,26064,54
51149,28,Male,41,8,18,399,39040,94
51150,58,Female,22,24,14,301,26124,34
51151,54,Female,99,75,12,386,754,23
51152,31,Female,75,39,10,368,49358,48
51153,47,Female,170,33,14,75,18349,55
51154,52,Male,17,42,15,128,2291,17
51155,38,Female,21,15,5,243,27949,79
51156,54,Female,18,68,2,471,37798,62
51157,22,Female,147,65,6,17,46859,125
51158,36,Female,153,32,12,204,9203,61
51159,31,Female,139,11,2,236,7663,44
51160,43,Female,29,94,4,36,49842,71
51161,21,Female,27,37,7,299,8709,125
51162,42,Male,132,19,16,37,30066,128
51163,62,Female,21,51,1,168,12705,3
51164,59,Female,118,34,1,154,24666,67
51165,42,Female,20,71,14,476,19132,112
51166,35,Male,198,60,11,243,26616,99
51167,57,Male,78,84,12,117,42376,136
51168,25,Male,192,53,11,388,39067,154
51169,56,Female,44,12,6,448,19184,120
51170,57,Female,36,62,12,212,36062,143
51171,31,Female,167,96,12,274,49025,133
51172,49,Male,170,66,10,487,35231,141
51173,68,Female,132,86,8,322,34034,103
51174,55,Male,98,48,19,310,28208,140
51175,50,Male,181,40,7,399,2990,63
51176,40,Male,147,24,14,407,40047,136
51177,32,Male,157,50,4,424,44649,34
51178,50,Male,104,95,1,447,27445,22
51179,42,Female,182,68,8,20,18257,50
51180,34,Female,135,88,5,334,31536,140
51181,50,Male,120,43,8,104,45128,150
51182,64,Female,83,17,8,139,36469,91
51183,19,Female,109,83,7,112,35782,82
51184,31,Male,91,55,19,282,23226,19
51185,57,Male,185,34,4,495,33316,123
51186,57,Female,15,97,6,119,35090,133
51187,68,Female,164,70,12,301,48216,16
51188,56,Female,76,60,18,140,48027,113
51189,68,Female,168,51,12,200,20717,169
51190,23,Male,32,77,18,308,47565,19
51191,23,Female,62,73,3,102,28293,108
51192,20,Male,151,35,10,298,16795,22
51193,24,Male,15,34,7,215,3729,145
51194,68,Female,151,16,3,367,14161,35
51195,25,Female,165,82,19,38,29656,167
51196,59,Female,121,18,13,416,28412,73
51197,69,Male,187,38,4,196,39317,55
51198,32,Male,144,43,10,346,14130,133
51199,64,Male,156,32,6,186,42426,73
51200,46,Male,52,7,1,448,33115,115
51201,50,Female,54,87,6,340,1909,11
51202,69,Male,96,87,8,165,19606,78
51203,47,Male,30,46,15,255,46602,110
51204,56,Female,141,61,8,208,31306,168
51205,44,Male,131,18,6,118,4190,84
51206,53,Male,107,71,19,369,28240,97
51207,46,Female,148,40,14,81,14162,132
51208,55,Male,17,88,2,498,8054,127
51209,50,Male,28,78,7,230,36804,80
51210,54,Male,80,50,8,290,14456,115
51211,44,Male,109,5,10,400,4723,64
51212,50,Female,100,54,13,386,33336,67
51213,21,Male,128,86,1,223,29519,96
51214,39,Female,173,58,9,466,27869,34
51215,19,Male,175,22,10,84,2797,113
51216,27,Female,143,74,2,427,29410,89
51217,22,Female,186,90,11,484,1502,135
51218,27,Female,29,79,5,251,11716,163
51219,50,Male,51,38,18,159,34862,157
51220,55,Male,169,49,7,332,12454,25
51221,30,Male,190,1,3,187,2724,28
51222,48,Female,41,78,16,185,7684,69
51223,64,Male,26,36,15,113,14411,155
51224,53,Male,81,95,8,128,24166,76
51225,62,Male,44,28,5,209,3556,82
51226,41,Male,110,98,3,79,22800,136
51227,69,Female,149,35,5,66,34070,166
51228,32,Female,48,60,9,418,17651,119
51229,46,Male,46,62,16,75,33712,94
51230,25,Male,131,87,14,409,3274,137
51231,22,Male,53,46,18,67,31058,112
51232,46,Female,110,83,7,126,35830,43
51233,64,Male,185,82,15,434,27854,25
51234,21,Female,185,79,8,316,14389,94
51235,29,Female,145,61,3,30,2760,66
51236,62,Male,188,65,11,88,37759,17
51237,19,Male,174,89,18,321,36802,109
51238,44,Male,57,26,15,363,24852,135
51239,48,Female,95,35,10,56,47203,22
51240,68,Female,17,57,3,383,46499,10
51241,68,Male,88,79,15,180,1212,90
51242,53,Female,131,63,6,93,37253,141
51243,53,Male,77,4,11,117,42034,42
51244,43,Male,125,79,11,296,20941,28
51245,60,Female,54,42,19,280,36524,100
51246,44,Female,32,45,3,185,47944,11
51247,22,Female,81,39,13,327,2525,137
51248,37,Female,117,65,8,485,26501,81
51249,28,Male,152,22,11,79,32606,55
51250,27,Male,194,11,11,396,20572,5
51251,57,Male,60,37,13,175,18938,69
51252,55,Female,69,90,3,352,12359,38
51253,23,Male,188,51,6,67,11046,66
51254,25,Female,89,91,10,460,11619,64
51255,40,Female,111,58,19,254,45555,153
51256,64,Female,40,77,12,54,18978,166
51257,43,Male,169,7,14,181,38510,77
51258,63,Female,180,8,11,273,37489,19
51259,60,Female,36,51,10,392,16625,99
51260,29,Female,40,23,3,75,47619,25
51261,43,Female,177,90,13,336,29509,48
51262,30,Female,87,91,18,198,18432,73
51263,57,Female,129,9,13,282,10516,35
51264,35,Female,65,46,14,80,4391,179
51265,42,Female,127,38,14,362,13224,143
51266,50,Female,160,13,7,45,26422,49
51267,64,Female,185,7,12,248,13799,158
51268,57,Female,26,11,4,77,3534,149
51269,60,Female,17,74,16,117,20243,89
51270,29,Male,134,97,19,217,23663,86
51271,61,Male,149,50,10,286,9784,169
51272,53,Female,148,67,16,219,28444,131
51273,65,Female,96,41,5,311,24659,125
51274,21,Female,59,29,16,439,21955,73
51275,22,Male,141,37,1,357,5652,152
51276,54,Male,100,56,5,116,21423,111
51277,25,Male,129,80,13,389,7793,145
51278,59,Female,181,16,13,25,14830,105
51279,66,Female,193,44,3,248,31561,88
51280,45,Female,23,50,17,415,49636,8
51281,48,Female,165,71,19,399,42500,134
51282,26,Male,26,79,5,231,33479,9
51283,68,Female,130,6,5,449,44215,15
51284,46,Male,102,18,15,265,20708,64
51285,31,Male,76,19,10,310,12203,178
51286,57,Female,118,51,12,451,36046,124
51287,58,Male,87,66,11,421,37605,11
51288,39,Male,91,3,1,154,47267,95
51289,28,Male,54,89,3,173,12415,120
51290,40,Male,196,54,4,21,41374,174
51291,18,Female,149,49,19,59,30059,45
51292,63,Female,31,28,3,324,43428,77
51293,54,Male,133,38,18,369,5319,94
51294,38,Female,140,28,3,21,35276,59
51295,43,Male,192,32,7,493,16201,153
51296,63,Female,38,41,1,199,5319,140
51297,53,Female,16,36,19,305,22320,85
51298,40,Female,106,36,18,102,765,26
51299,18,Female,175,87,2,139,40607,114
51300,68,Female,163,66,12,358,12290,37
51301,57,Male,131,10,17,487,9192,23
51302,32,Female,67,70,3,493,28406,65
51303,38,Male,60,72,12,373,45901,45
51304,64,Male,59,79,12,418,23775,74
51305,26,Female,23,93,6,350,5284,163
51306,26,Male,20,63,10,223,42151,102
51307,27,Female,65,92,6,339,29500,176
51308,69,Male,133,22,14,392,14262,28
51309,43,Male,49,98,2,296,43685,129
51310,58,Female,96,20,11,184,22197,72
51311,52,Female,195,33,15,453,10821,41
51312,69,Female,161,15,8,210,23101,23
51313,42,Female,39,7,13,114,43760,160
51314,43,Male,153,88,19,240,39873,87
51315,28,Female,31,90,10,107,13834,7
51316,55,Male,50,50,9,112,27936,72
51317,19,Male,110,10,18,50,43299,43
51318,24,Male,35,79,7,443,576,142
51319,35,Male,32,37,3,160,41110,14
51320,44,Male,160,59,12,277,30537,100
51321,51,Male,15,88,15,336,10539,169
51322,44,Female,156,75,13,361,22258,111
51323,34,Male,150,63,6,476,38210,91
51324,60,Male,65,21,8,287,3047,84
51325,61,Male,93,79,14,65,11859,102
51326,68,Female,176,79,3,25,8414,14
51327,41,Female,50,37,16,451,39630,28
51328,42,Male,76,45,18,465,44929,30
51329,24,Female,143,14,17,231,15654,79
51330,69,Male,99,43,18,188,9310,54
51331,23,Female,56,85,10,143,10371,140
51332,41,Male,15,84,17,267,33344,114
51333,50,Female,68,33,16,71,15584,120
51334,66,Female,189,3,2,491,39402,75
51335,46,Female,114,87,4,486,26026,167
51336,60,Male,53,44,11,497,42356,70
51337,39,Male,172,87,7,132,26446,67
51338,43,Male,21,91,17,51,24204,15
51339,45,Female,164,35,19,382,15847,132
51340,67,Female,135,25,6,382,44300,98
51341,38,Male,192,96,10,308,11744,102
51342,66,Female,59,86,4,61,11302,172
51343,24,Male,88,8,1,388,23069,167
51344,34,Male,134,62,7,451,29741,105
51345,37,Male,86,18,16,413,34324,86
51346,58,Male,152,92,17,321,18350,37
51347,66,Female,156,28,5,76,22089,160
51348,37,Female,60,75,10,68,10756,123
51349,39,Female,137,12,7,313,28752,156
51350,45,Male,132,64,13,44,38394,132
51351,57,Female,89,2,7,145,36809,10
51352,66,Male,20,59,15,85,17127,27
51353,24,Male,35,37,17,251,11663,84
51354,18,Male,161,4,3,297,44823,164
51355,49,Male,117,41,5,230,30760,5
51356,30,Male,102,45,10,310,14610,178
51357,47,Male,113,34,5,94,22631,160
51358,40,Female,76,87,7,132,16551,99
51359,68,Female,121,13,7,204,34588,151
51360,36,Female,97,7,14,111,37280,129
51361,49,Female,195,32,15,292,15168,31
51362,47,Male,166,23,5,384,8923,19
51363,46,Male,70,49,5,12,29320,54
51364,66,Female,176,72,4,322,40796,128
51365,62,Female,36,47,9,458,48334,162
51366,46,Female,82,37,12,256,17472,132
51367,47,Female,199,98,16,157,28832,176
51368,33,Female,24,48,8,208,49744,48
51369,57,Female,80,29,9,130,42781,49
51370,36,Female,22,37,12,178,36425,117
51371,35,Female,137,23,7,10,30042,172
51372,18,Male,52,38,4,339,2563,162
51373,31,Male,137,93,3,118,31373,56
51374,68,Male,76,44,1,469,23938,74
51375,64,Male,170,5,7,397,27636,6
51376,67,Female,152,52,9,336,33285,76
51377,19,Male,59,40,2,19,23121,113
51378,45,Female,79,11,7,479,12866,126
51379,66,Male,81,78,10,136,9096,36
51380,67,Female,151,2,2,482,48097,163
51381,47,Female,147,35,13,166,13985,25
51382,55,Male,120,45,3,240,27650,177
51383,68,Male,152,49,13,24,20828,55
51384,21,Female,154,35,10,284,48339,169
51385,18,Female,96,92,12,496,39853,57
51386,25,Female,72,72,3,451,43669,150
51387,46,Male,163,32,6,375,32103,172
51388,56,Male,163,68,3,446,4206,157
51389,20,Female,145,71,2,55,12202,71
51390,49,Male,83,39,14,283,27800,48
51391,27,Female,103,48,15,115,45950,104
51392,27,Male,78,91,18,12,47870,3
51393,36,Male,191,37,19,335,47569,85
51394,63,Male,86,60,10,262,21226,173
51395,51,Male,31,81,17,31,14150,20
51396,50,Male,87,74,17,64,29963,73
51397,40,Female,174,4,19,383,24784,164
51398,45,Female,84,23,4,457,48484,60
51399,49,Male,127,14,11,306,20238,78
51400,67,Female,35,5,17,119,47767,18
51401,24,Female,149,66,10,382,42483,97
51402,46,Male,21,24,17,232,38407,66
51403,25,Female,125,18,12,478,43456,31
51404,18,Male,41,27,10,257,49348,9
51405,20,Female,22,24,10,145,35571,148
51406,41,Female,42,29,6,330,5947,148
51407,40,Female,61,11,17,396,36501,47
51408,25,Female,100,18,19,422,24149,1
51409,64,Female,24,4,2,255,41552,83
51410,54,Female,128,33,4,79,3166,100
51411,20,Female,47,78,18,490,29440,142
51412,68,Male,149,42,4,27,44288,129
51413,50,Male,145,32,6,499,31111,10
51414,45,Male,28,51,14,195,43726,177
51415,64,Male,186,4,7,126,7771,142
51416,25,Female,60,20,12,266,19591,42
51417,51,Female,75,85,2,287,49274,124
51418,52,Female,178,67,18,104,40174,25
51419,49,Male,27,89,13,416,41352,164
51420,41,Male,30,68,13,401,41486,95
51421,31,Male,147,62,5,422,31402,35
51422,49,Female,52,58,7,437,37088,139
51423,63,Male,192,47,12,124,20781,10
51424,60,Female,52,75,14,71,45472,8
51425,33,Male,117,80,1,284,37805,105
51426,21,Female,70,59,10,324,4225,151
51427,69,Male,77,6,9,133,37225,134
51428,54,Female,134,95,10,89,47590,124
51429,38,Male,62,40,7,156,42045,64
51430,31,Male,119,77,16,494,4153,46
51431,48,Female,73,23,12,31,18878,104
51432,65,Female,91,52,12,92,6517,38
51433,35,Male,186,4,19,333,36435,153
51434,24,Female,141,37,13,14,17616,86
51435,27,Male,69,42,18,270,1671,2
51436,24,Female,69,44,3,418,5313,24
51437,50,Male,143,97,7,289,31707,101
51438,40,Female,150,42,1,138,7939,67
51439,38,Male,141,29,3,123,1348,90
51440,36,Male,146,19,14,293,24816,94
51441,65,Male,99,84,4,56,23064,93
51442,36,Female,129,32,19,350,20340,71
51443,53,Male,195,44,6,197,31245,137
51444,46,Female,72,55,9,28,44916,173
51445,35,Female,51,80,11,96,15745,16
51446,19,Female,63,5,15,151,40376,119
51447,18,Male,81,46,9,260,11802,108
51448,64,Female,33,76,11,335,11358,142
51449,22,Female,143,45,10,489,13503,154
51450,37,Female,43,21,2,379,48036,174
51451,28,Male,101,78,14,489,23247,101
51452,59,Female,47,22,4,17,36764,30
51453,19,Female,133,30,2,46,3647,124
51454,20,Female,194,23,5,95,8476,56
51455,40,Female,183,5,14,81,29078,94
51456,29,Male,165,63,15,390,11810,32
51457,37,Male,147,93,19,495,12937,78
51458,22,Female,85,59,6,275,43323,23
51459,54,Female,199,94,15,76,4657,17
51460,55,Female,148,82,14,150,11351,122
51461,47,Female,191,52,8,304,10622,152
51462,26,Male,36,65,12,73,11115,175
51463,51,Male,91,39,4,39,48655,139
51464,61,Male,18,81,6,397,2839,41
51465,52,Male,86,3,11,54,25806,15
51466,69,Female,179,42,7,143,40655,91
51467,39,Female,173,71,4,25,13898,52
51468,61,Male,179,27,15,287,13881,162
51469,41,Male,142,28,1,228,13250,60
51470,34,Female,59,54,9,286,27435,57
51471,27,Female,150,95,8,230,47382,33
51472,47,Female,182,15,12,202,6102,149
51473,63,Female,107,53,7,167,46500,152
51474,40,Female,19,72,18,33,22411,20
51475,49,Male,170,70,1,329,20393,113
51476,34,Male,118,92,9,150,30494,68
51477,67,Female,95,4,7,231,9985,101
51478,68,Female,101,94,14,35,14506,101
51479,34,Male,151,17,1,107,32422,174
51480,31,Female,144,34,13,285,15217,33
51481,26,Male,77,6,15,70,9512,31
51482,57,Male,65,36,5,389,26457,162
51483,19,Male,130,99,5,252,2124,22
51484,62,Male,127,39,14,399,2640,106
51485,42,Female,45,80,14,436,23597,30
51486,56,Female,21,66,14,442,36410,5
51487,26,Male,172,8,5,18,30937,169
51488,39,Female,17,15,11,393,17791,173
51489,60,Female,65,63,19,366,5782,61
51490,63,Female,70,91,5,430,41221,117
51491,21,Female,87,80,4,281,8554,13
51492,43,Male,24,65,15,269,4847,137
51493,46,Female,75,59,7,41,14714,163
51494,62,Male,64,10,5,349,49219,18
51495,51,Male,136,7,15,102,42243,127
51496,40,Female,189,74,14,488,13739,140
51497,54,Male,15,76,3,137,49590,119
51498,28,Female,199,81,5,246,43775,169
51499,23,Female,52,12,12,26,11185,144
51500,35,Male,93,79,14,50,14619,13
51501,38,Female,103,46,5,482,36754,124
51502,59,Male,96,32,4,310,26816,146
51503,53,Male,198,32,16,281,11504,76
51504,58,Female,81,90,7,285,41597,118
51505,55,Female,31,78,3,51,25304,98
51506,51,Female,141,90,4,275,41264,179
51507,34,Male,126,61,6,61,47840,33
51508,54,Female,150,69,3,197,45637,82
51509,42,Male,74,61,1,441,40228,67
51510,55,Male,54,46,3,160,26014,54
51511,29,Female,103,68,8,253,28752,6
51512,40,Female,55,92,16,298,32639,36
51513,59,Female,154,55,7,136,10656,55
51514,39,Male,129,1,18,214,24926,127
51515,38,Female,114,77,9,418,46653,178
51516,44,Male,131,67,3,315,34761,71
51517,48,Female,196,49,18,366,39924,94
51518,23,Female,103,25,16,109,25406,143
51519,44,Male,107,16,1,353,48776,22
51520,57,Male,153,85,16,463,45677,49
51521,51,Female,74,13,12,88,29517,166
51522,29,Female,82,52,6,192,10359,136
51523,62,Female,92,36,9,107,24691,136
51524,24,Female,60,72,13,77,406,100
51525,27,Female,52,44,12,343,35790,37
51526,62,Male,31,83,13,397,25609,78
51527,34,Male,80,47,18,37,44933,121
51528,43,Male,50,80,19,38,27411,153
51529,38,Male,88,76,19,347,20905,21
51530,45,Female,21,20,19,131,48933,101
51531,63,Male,30,18,6,221,14314,127
51532,19,Male,28,54,16,185,22833,159
51533,60,Male,94,12,7,114,19731,6
51534,18,Female,39,25,7,489,37579,170
51535,68,Male,119,60,19,81,31867,119
51536,53,Female,18,75,16,119,12674,175
51537,68,Male,171,86,17,122,41102,156
51538,43,Female,141,34,19,406,47835,164
51539,46,Male,70,13,16,241,3919,128
51540,38,Female,20,38,16,52,45194,40
51541,28,Male,143,12,19,274,22678,141
51542,57,Female,181,36,15,305,45903,177
51543,28,Female,143,28,3,55,18649,132
51544,53,Male,129,91,15,67,20964,98
51545,66,Female,71,39,16,234,48629,122
51546,56,Female,79,77,5,449,44139,101
51547,57,Male,79,43,19,149,13501,64
51548,52,Male,117,91,10,110,27728,98
51549,51,Female,35,31,13,290,47023,80
51550,64,Male,172,2,15,247,49289,23
51551,41,Male,47,82,12,98,24769,87
51552,39,Male,190,90,17,255,6600,143
51553,22,Female,36,42,15,409,42402,89
51554,50,Female,196,31,4,188,11083,93
51555,53,Female,124,61,15,389,26743,100
51556,64,Female,18,56,17,473,18988,127
51557,37,Female,197,86,11,240,49607,79
51558,36,Female,186,83,15,108,27431,101
51559,52,Female,154,14,7,224,30169,99
51560,69,Male,88,14,13,209,39445,174
51561,60,Female,133,29,13,265,26612,39
51562,34,Female,194,81,2,446,40503,47
51563,62,Male,107,50,10,445,6340,37
51564,60,Male,79,50,18,204,22742,169
51565,51,Male,79,63,5,389,33146,92
51566,26,Female,24,73,19,33,39205,173
51567,43,Male,160,65,2,372,21524,30
51568,19,Female,61,68,4,479,11858,68
51569,26,Female,80,71,16,279,32995,7
51570,26,Female,63,11,16,287,47289,97
51571,57,Male,36,14,17,235,27520,47
51572,34,Male,100,83,15,237,14610,47
51573,18,Female,40,3,13,137,41213,79
51574,42,Female,151,8,1,40,41480,126
51575,60,Female,163,93,5,350,36598,99
51576,57,Male,109,43,1,260,23487,101
51577,59,Female,121,9,12,67,28081,133
51578,42,Male,148,19,15,334,30667,176
51579,56,Female,28,12,4,156,13741,87
51580,52,Male,175,27,19,115,6121,150
51581,20,Female,85,58,16,446,531,95
51582,67,Male,166,25,18,94,34685,151
51583,54,Male,89,45,17,11,33284,92
51584,61,Male,134,48,11,446,22828,173
51585,61,Male,126,50,13,460,14783,52
51586,68,Male,65,81,9,312,3751,174
51587,47,Male,144,44,17,380,39066,38
51588,55,Female,157,59,17,62,35885,168
51589,51,Female,177,33,5,450,7992,143
51590,29,Female,50,78,8,231,29092,113
51591,36,Female,132,28,3,491,26138,140
51592,54,Male,181,18,6,34,41307,77
51593,61,Female,18,55,3,44,15548,67
51594,66,Male,20,33,8,166,47178,121
51595,34,Male,199,15,12,469,24047,19
51596,27,Male,172,61,4,352,42892,90
51597,66,Female,124,11,2,485,7774,30
51598,64,Male,113,36,10,375,35596,92
51599,29,Female,136,15,15,154,21157,18
51600,33,Female,131,53,13,345,14311,63
51601,41,Female,110,62,15,442,31967,7
51602,36,Female,81,48,19,449,24632,88
51603,25,Female,134,94,18,466,12410,116
51604,48,Male,29,15,13,396,48186,63
51605,38,Male,31,63,1,287,1409,88
51606,34,Female,32,87,16,488,16753,75
51607,40,Male,129,43,8,407,42727,123
51608,54,Female,161,50,6,396,31357,39
51609,33,Male,90,60,3,303,31936,171
51610,23,Male,102,59,16,352,20980,138
51611,25,Male,166,15,2,286,15223,107
51612,42,Male,105,29,2,188,20019,20
51613,35,Male,62,75,15,289,2077,106
51614,42,Male,172,82,10,361,20636,167
51615,29,Male,29,40,1,310,36003,99
51616,32,Male,189,31,15,206,3448,115
51617,43,Male,137,73,1,234,10583,156
51618,58,Male,141,86,16,437,8914,158
51619,62,Male,186,11,18,56,36520,58
51620,43,Male,112,81,5,194,32435,70
51621,64,Male,169,97,5,412,22189,62
51622,49,Female,98,62,10,171,2906,129
51623,27,Male,55,75,12,140,16419,153
51624,33,Male,110,8,10,304,32868,167
51625,24,Male,82,51,2,101,2732,139
51626,34,Male,19,57,1,84,36476,59
51627,40,Male,67,4,16,453,49546,165
51628,43,Male,136,36,18,147,17049,157
51629,38,Female,150,19,7,177,35993,98
51630,39,Female,36,24,4,267,48487,82
51631,24,Female,120,41,10,247,2737,137
51632,31,Male,21,49,10,54,33067,46
51633,32,Male,164,82,11,496,8507,137
51634,24,Male,60,97,3,420,29251,71
51635,26,Female,44,46,14,318,27647,103
51636,68,Male,140,36,13,146,10502,42
51637,65,Male,115,10,19,112,6475,162
51638,25,Female,158,78,10,138,42431,28
51639,67,Female,93,7,15,170,14930,100
51640,40,Male,147,12,8,47,19274,61
51641,46,Male,81,86,17,66,34402,40
51642,35,Male,37,91,6,170,2102,59
51643,48,Male,88,48,7,185,35991,173
51644,47,Female,19,37,14,268,13939,167
51645,69,Male,165,75,8,297,39781,170
51646,56,Male,96,36,12,470,27551,139
51647,52,Female,39,60,18,414,15885,166
51648,35,Male,22,77,14,333,19177,57
51649,59,Male,163,96,1,154,39486,123
51650,56,Female,16,8,4,435,37907,140
51651,34,Female,36,7,17,77,37361,170
51652,31,Male,86,43,18,349,7339,137
51653,48,Female,101,58,19,277,29167,150
51654,41,Female,86,81,4,227,28986,166
51655,52,Male,82,86,6,310,15028,57
51656,61,Female,78,46,8,173,7424,67
51657,62,Male,108,34,15,345,44373,30
51658,51,Male,33,84,1,188,39830,121
51659,20,Male,142,72,5,400,31571,154
51660,54,Male,101,22,16,426,11058,54
51661,60,Female,96,91,6,57,38972,32
51662,57,Male,195,98,10,203,34794,22
51663,43,Male,101,21,10,298,48405,136
51664,40,Male,111,15,5,215,33993,109
51665,61,Male,66,5,8,93,985,66
51666,56,Female,189,17,1,110,45290,14
51667,32,Female,96,72,5,164,31314,133
51668,66,Female,196,19,1,56,28065,13
51669,21,Male,186,5,7,243,5386,87
51670,46,Female,111,23,15,350,7436,124
51671,39,Female,149,83,14,459,48551,77
51672,42,Male,129,14,9,308,39569,83
51673,30,Female,106,10,8,345,34194,24
51674,35,Male,15,31,8,156,2840,35
51675,50,Female,77,13,3,205,36617,68
51676,33,Female,181,22,4,403,47600,154
51677,62,Female,33,37,17,31,29817,74
51678,59,Female,45,39,6,469,38605,166
51679,61,Male,91,10,2,203,36171,34
51680,19,Male,135,31,9,395,10192,34
51681,52,Female,38,43,14,498,40203,19
51682,59,Male,83,99,1,373,7493,3
51683,51,Female,175,77,17,363,42576,116
51684,47,Female,73,94,11,283,24434,36
51685,30,Female,128,98,6,393,30948,4
51686,30,Female,175,36,1,217,22522,122
51687,35,Female,174,35,19,284,34929,154
51688,49,Female,115,68,16,226,7147,131
51689,49,Male,183,55,18,423,1043,128
51690,52,Male,26,68,11,399,49345,177
51691,56,Female,133,47,9,36,26416,9
51692,63,Male,153,6,6,24,43469,46
51693,69,Female,111,28,2,168,42860,14
51694,46,Male,161,30,8,437,43499,3
51695,66,Male,196,27,16,223,7603,2
51696,46,Male,71,69,8,469,21213,86
51697,61,Female,56,39,8,403,1804,161
51698,33,Male,112,35,14,414,42429,100
51699,61,Female,45,44,1,440,13062,138
51700,64,Female,194,15,7,448,45492,111
51701,27,Female,16,83,2,388,11794,53
51702,47,Male,180,94,15,360,6706,172
51703,42,Male,46,32,18,173,33498,166
51704,56,Male,152,29,4,136,2990,149
51705,37,Female,119,63,18,339,36909,163
51706,22,Female,150,6,5,67,12614,83
51707,18,Male,89,90,16,156,25433,22
51708,47,Female,119,27,13,480,49209,20
51709,66,Male,162,99,9,457,43024,100
51710,20,Male,162,28,5,265,21817,110
51711,62,Male,141,5,8,119,42328,68
51712,31,Male,23,41,18,403,5992,96
51713,47,Female,29,56,3,58,32923,8
51714,67,Male,111,54,6,191,19070,51
51715,21,Male,119,80,11,70,48665,154
51716,35,Male,77,18,14,452,43615,51
51717,54,Male,35,77,19,484,15124,154
51718,42,Male,19,43,7,244,48495,47
51719,65,Male,139,89,10,251,19427,43
51720,18,Male,177,74,15,139,40757,137
51721,63,Female,99,29,6,340,26506,163
51722,32,Female,127,10,6,273,44971,147
51723,26,Female,190,6,16,412,28818,176
51724,32,Female,94,80,9,217,19822,80
51725,66,Male,130,89,19,461,38252,156
51726,41,Female,177,4,18,151,2889,3
51727,21,Female,111,34,5,31,44493,146
51728,29,Female,35,83,16,26,15099,13
51729,54,Male,94,33,7,372,36300,155
51730,54,Female,53,4,19,328,7154,40
51731,60,Female,176,44,5,131,40231,39
51732,23,Male,135,98,11,291,26156,58
51733,56,Female,138,76,18,236,31289,57
51734,63,Male,157,31,7,429,40018,24
51735,41,Female,20,80,18,382,49048,119
51736,28,Male,70,66,3,310,21845,22
51737,30,Female,63,58,5,295,13257,51
51738,51,Female,106,60,13,125,42350,76
51739,42,Female,143,2,16,158,8070,166
51740,24,Male,79,36,12,413,17926,127
51741,69,Female,42,70,7,179,4953,61
51742,21,Male,114,60,13,99,7336,49
51743,25,Male,162,23,1,128,28182,23
51744,37,Male,190,47,15,193,25764,4
51745,46,Male,86,46,12,405,44705,76
51746,68,Female,79,80,17,273,48968,37
51747,62,Female,65,44,5,236,49349,93
51748,63,Female,185,19,17,102,321,134
51749,27,Male,63,49,15,126,2414,156
51750,60,Female,167,88,19,499,41993,136
51751,51,Male,88,58,1,456,35037,148
51752,43,Male,183,91,4,321,10276,144
51753,58,Male,26,7,3,400,12448,141
51754,66,Female,118,94,8,327,2162,79
51755,20,Female,95,41,9,130,20607,62
51756,23,Male,141,78,12,326,25183,111
51757,22,Female,28,15,5,147,29353,120
51758,22,Female,48,76,9,240,6642,53
51759,64,Male,62,53,1,315,48119,122
51760,40,Male,75,93,11,157,18953,28
51761,66,Female,49,23,7,293,26938,18
51762,26,Male,133,77,14,151,18903,7
51763,52,Male,79,73,3,341,40924,21
51764,37,Female,73,88,11,17,5755,41
51765,66,Female,50,94,17,400,2092,167
51766,59,Male,161,65,18,14,39375,108
51767,52,Female,56,60,19,266,10689,138
51768,67,Male,83,10,18,376,46741,31
51769,35,Male,161,58,6,338,15413,42
51770,34,Female,121,47,15,255,47742,59
51771,41,Male,53,15,7,475,24093,118
51772,20,Male,83,9,5,244,1689,104
51773,49,Male,194,13,5,371,29953,166
51774,52,Female,26,23,7,19,26828,43
51775,55,Female,97,33,12,251,36977,130
51776,30,Female,189,9,8,451,16182,134
51777,64,Male,50,3,18,330,26676,77
51778,42,Male,140,94,18,197,2021,157
51779,26,Female,77,73,17,413,27686,158
51780,21,Female,90,25,11,323,12752,89
51781,31,Female,96,88,15,436,17856,168
51782,54,Male,65,96,6,422,31014,99
51783,51,Female,57,71,12,11,43046,37
51784,28,Male,48,36,7,163,11258,118
51785,58,Female,111,89,8,212,9088,135
51786,20,Male,63,20,4,226,10756,178
51787,45,Male,160,81,3,491,20798,146
51788,46,Female,139,54,3,324,19425,136
51789,26,Male,71,90,10,114,43409,100
51790,20,Female,107,19,15,10,24525,55
51791,42,Male,123,60,13,263,44284,105
51792,51,Male,19,37,19,296,35332,176
51793,29,Female,38,3,8,303,28520,74
51794,59,Male,73,92,18,287,5563,58
51795,26,Female,52,86,5,203,16500,104
51796,32,Female,175,19,7,440,1317,16
51797,57,Female,24,53,5,266,32495,153
51798,42,Male,179,46,19,259,7647,29
51799,22,Male,140,80,17,257,17396,8
51800,28,Male,25,56,19,97,33005,100
51801,51,Female,38,70,4,443,2660,123
51802,41,Female,102,31,7,429,47254,52
51803,32,Male,128,53,6,262,20303,91
51804,55,Male,35,34,14,438,9246,77
51805,25,Female,162,31,19,173,45106,154
51806,22,Male,24,60,11,171,10640,106
51807,65,Female,189,11,7,274,35322,25
51808,43,Male,189,6,3,469,4242,92
51809,35,Female,157,27,17,119,49526,73
51810,23,Male,186,7,11,349,44223,121
51811,54,Male,148,49,15,397,15529,26
51812,65,Female,80,96,7,216,33661,90
51813,30,Female,136,72,15,328,8939,175
51814,45,Female,146,60,17,141,6176,86
51815,22,Male,37,33,11,142,34090,129
51816,30,Female,27,47,12,403,4568,140
51817,34,Female,173,44,13,117,3223,152
51818,67,Male,30,79,11,181,9175,30
51819,57,Female,55,27,11,49,25985,14
51820,62,Female,15,94,9,301,42099,151
51821,49,Female,125,22,11,44,47864,130
51822,46,Male,26,47,4,68,49445,131
51823,68,Male,133,93,2,202,9722,6
51824,20,Male,198,48,4,219,42921,149
51825,57,Female,192,30,14,381,39628,20
51826,51,Male,34,2,5,40,14376,149
51827,57,Female,50,15,17,183,21633,40
51828,44,Female,93,47,12,314,18805,153
51829,30,Female,180,27,6,399,19326,115
51830,62,Male,164,71,12,207,1296,124
51831,50,Male,122,27,15,115,24775,71
51832,23,Female,192,85,19,284,30040,33
51833,41,Female,110,13,10,105,46943,51
51834,36,Male,73,55,2,179,18687,90
51835,33,Male,34,17,12,39,4929,90
51836,57,Male,178,75,12,291,15429,117
51837,45,Female,140,59,7,396,37267,79
51838,50,Male,111,10,1,170,20246,20
51839,65,Male,157,33,18,315,41175,19
51840,58,Male,76,78,3,424,49477,56
51841,30,Female,145,37,5,120,31385,1
51842,60,Male,107,8,15,221,48093,167
51843,62,Female,105,33,10,205,22581,37
51844,42,Female,147,7,19,105,48755,18
51845,59,Female,137,34,1,347,44582,79
51846,53,Male,198,71,7,147,4374,134
51847,44,Male,173,7,18,287,11964,101
51848,55,Male,100,41,2,456,22082,22
51849,24,Female,177,55,19,319,39375,11
51850,22,Male,132,7,10,188,35320,72
51851,60,Female,40,84,15,346,42671,9
51852,62,Male,132,18,10,243,7083,141
51853,68,Male,15,43,10,258,4420,131
51854,48,Male,21,78,12,141,28493,135
51855,40,Male,178,40,8,258,24856,46
51856,59,Female,90,53,14,302,42804,58
51857,27,Female,101,14,2,464,374,28
51858,49,Female,167,21,17,72,48452,31
51859,60,Female,108,57,6,316,41507,52
51860,47,Male,75,91,8,401,10304,137
51861,56,Female,43,46,1,266,26166,91
51862,48,Female,109,26,3,257,18022,8
51863,35,Female,32,91,15,273,3125,108
51864,53,Male,55,24,17,476,7186,86
51865,19,Female,161,5,7,346,31493,18
51866,31,Female,146,42,14,370,5019,120
51867,30,Male,55,92,3,448,5571,49
51868,46,Male,137,43,18,377,4903,11
51869,29,Female,157,32,5,402,12184,117
51870,56,Female,196,88,15,188,23296,130
51871,19,Male,157,6,6,409,22961,157
51872,49,Female,192,74,3,446,16941,53
51873,30,Male,36,67,18,324,19981,154
51874,63,Female,160,7,3,310,9480,179
51875,44,Female,94,29,8,174,492,92
51876,66,Female,144,34,19,100,5643,6
51877,58,Female,50,7,18,331,9382,100
51878,34,Female,34,81,15,201,44562,12
51879,57,Male,158,77,14,301,2776,162
51880,48,Male,81,58,16,85,39246,121
51881,51,Female,134,85,3,315,1019,127
51882,41,Female,172,31,15,108,44650,37
51883,62,Female,69,73,19,104,20809,125
51884,52,Male,80,45,8,190,24513,165
51885,65,Male,40,47,2,450,6912,8
51886,23,Male,199,77,17,412,15057,165
51887,36,Male,144,81,12,163,27283,120
51888,47,Male,70,72,19,383,21272,116
51889,24,Male,48,73,11,365,27765,174
51890,27,Male,70,73,18,333,48929,31
51891,58,Male,69,40,13,121,48204,139
51892,49,Female,34,30,14,180,5951,164
51893,51,Male,64,62,12,262,29485,145
51894,45,Male,167,71,15,392,5814,16
51895,32,Male,98,17,8,360,37602,30
51896,47,Male,167,5,2,131,20940,39
51897,54,Female,67,81,8,451,20228,44
51898,46,Male,156,1,5,214,3407,116
51899,39,Female,125,80,2,254,49254,37
51900,21,Female,185,81,10,136,2856,154
51901,37,Female,126,94,10,368,17834,149
51902,49,Male,83,31,4,324,42972,92
51903,53,Male,16,35,4,55,26618,19
51904,67,Male,196,72,8,461,14358,100
51905,21,Female,30,30,6,305,49579,139
51906,44,Female,197,85,15,245,36866,147
51907,34,Female,108,15,18,150,15296,69
51908,29,Female,185,98,8,130,27081,130
51909,39,Male,180,56,7,370,30309,25
51910,34,Male,59,60,17,18,19457,115
51911,27,Male,140,27,19,75,44451,90
51912,18,Female,193,2,2,492,32920,30
51913,39,Female,184,74,12,318,38107,17
51914,43,Male,38,64,19,469,6767,85
51915,35,Male,129,5,5,90,39524,146
51916,67,Female,172,91,12,269,3660,111
51917,31,Male,179,68,17,391,27168,92
51918,64,Male,137,13,5,407,35482,76
51919,46,Female,195,81,2,478,37252,40
51920,29,Female,153,85,4,114,30512,134
51921,53,Female,92,23,6,401,28215,88
51922,52,Male,165,97,9,106,5704,171
51923,69,Female,131,50,10,199,22646,145
51924,29,Male,94,79,11,438,19753,170
51925,24,Male,64,78,2,357,17248,147
51926,46,Female,99,73,9,204,21921,111
51927,28,Male,197,37,17,455,48017,55
51928,50,Female,197,30,9,343,46771,92
51929,23,Female,18,93,8,92,29300,157
51930,64,Male,196,23,5,260,15111,113
51931,32,Male,75,34,5,79,39707,8
51932,49,Female,125,64,6,301,2832,8
51933,68,Female,92,55,16,349,48899,69
51934,28,Female,97,71,1,394,3265,43
51935,40,Female,147,9,9,197,34857,98
51936,43,Female,114,4,7,467,46246,50
51937,51,Female,160,66,11,150,47962,4
51938,63,Male,186,91,15,149,27894,108
51939,51,Male,45,33,5,84,45478,36
51940,46,Male,133,32,19,109,17543,133
51941,21,Male,108,44,6,154,24933,19
51942,34,Female,163,37,14,184,15606,170
51943,52,Male,189,91,14,318,34975,110
51944,30,Male,44,92,11,230,33689,143
51945,58,Female,69,67,4,332,7900,14
51946,56,Male,119,60,10,486,24102,48
51947,32,Female,55,59,2,19,14854,72
51948,46,Female,187,36,4,55,34222,104
51949,46,Female,88,49,10,348,2545,75
51950,28,Female,172,51,1,126,33072,108
51951,69,Female,91,8,14,13,34629,110
51952,49,Male,99,50,18,322,13370,82
51953,19,Male,187,41,12,247,5618,63
51954,64,Male,118,38,19,303,17675,55
51955,31,Female,187,86,12,405,41697,32
51956,37,Male,93,78,5,40,27496,164
51957,39,Male,98,79,4,139,22323,109
51958,28,Male,187,55,13,250,7160,85
51959,44,Male,197,68,18,394,48923,112
51960,20,Female,147,18,12,90,32143,106
51961,34,Male,138,65,16,34,34539,57
51962,61,Female,46,64,6,270,35983,44
51963,45,Female,20,12,7,57,7206,162
51964,46,Male,108,41,9,407,20030,179
51965,38,Female,40,42,10,61,18013,92
51966,64,Female,51,60,5,339,15793,138
51967,33,Female,27,50,4,158,14019,112
51968,54,Female,107,81,11,418,16825,140
51969,37,Female,39,83,19,108,40054,169
51970,23,Female,155,36,7,76,18651,131
51971,36,Female,34,48,13,219,26654,65
51972,22,Male,86,71,13,257,31813,101
51973,20,Male,163,73,18,128,40306,40
51974,18,Female,129,8,9,443,15775,102
51975,55,Female,141,25,13,237,30763,30
51976,32,Male,40,7,13,112,44048,105
51977,51,Male,68,8,5,298,7087,43
51978,52,Male,184,88,12,249,38103,91
51979,66,Male,153,81,1,410,24034,30
51980,42,Female,179,76,18,241,33268,41
51981,41,Female,139,31,17,463,12652,44
51982,29,Male,25,12,10,299,35796,37
51983,35,Male,41,57,9,163,44922,117
51984,32,Male,108,66,8,179,5577,134
51985,61,Male,97,12,15,168,38675,83
51986,33,Female,48,27,13,122,28464,124
51987,44,Male,52,46,17,60,35368,165
51988,25,Male,101,7,9,485,19742,1
51989,63,Male,195,61,11,45,34517,10
51990,42,Female,79,58,4,22,44078,26
51991,34,Female,145,58,7,350,14456,145
51992,46,Female,170,13,3,227,8165,64
51993,25,Male,156,53,10,252,7102,155
51994,32,Male,66,65,3,232,17461,68
51995,44,Male,44,49,1,217,15288,18
51996,63,Female,196,35,14,488,7209,83
51997,67,Female,127,94,13,278,19664,110
51998,69,Male,157,95,5,231,3734,178
51999,24,Male,180,17,8,297,11999,90
52000,20,Female,156,72,12,398,7991,20
52001,46,Male,199,67,6,21,9712,121
52002,61,Male,22,10,2,496,30851,62
52003,41,Male,86,34,4,196,21920,75
52004,20,Female,161,86,5,178,14763,25
52005,37,Male,46,4,11,302,19420,124
52006,63,Male,109,96,13,333,39281,83
52007,32,Male,171,29,8,115,18701,96
52008,42,Male,55,46,5,185,42294,65
52009,47,Female,89,75,6,436,28873,67
52010,31,Female,59,46,15,358,30822,58
52011,24,Female,27,77,16,50,2917,40
52012,34,Male,169,59,11,321,24710,175
52013,61,Female,33,61,7,334,22998,100
52014,37,Male,168,68,6,258,24025,171
52015,53,Female,67,66,12,276,27367,136
52016,26,Male,193,34,4,231,47573,103
52017,55,Female,179,86,14,402,8581,62
52018,65,Female,151,5,11,122,11161,162
52019,39,Female,194,9,12,293,36347,8
52020,19,Male,196,20,2,287,14549,25
52021,41,Male,17,21,11,212,44717,154
52022,25,Male,110,17,13,350,46997,169
52023,28,Female,150,12,11,271,34537,80
52024,30,Male,28,92,9,291,20509,72
52025,34,Male,134,82,16,153,18071,63
52026,25,Male,145,67,5,252,25343,75
52027,38,Male,166,5,12,279,20407,7
52028,35,Male,27,60,3,44,3704,98
52029,47,Male,185,53,16,307,2822,85
52030,35,Female,171,52,19,62,38487,69
52031,63,Female,86,78,17,365,29677,50
52032,64,Male,193,48,11,159,1113,171
52033,48,Female,184,90,19,446,13255,122
52034,55,Female,173,19,18,459,38197,17
52035,49,Male,168,17,9,22,21785,149
52036,28,Male,160,54,13,276,27509,6
52037,62,Female,96,68,6,405,11064,109
52038,42,Male,71,35,3,106,21981,75
52039,50,Female,21,88,12,95,29252,82
52040,55,Female,126,41,9,318,12797,38
52041,58,Female,62,13,9,274,741,63
52042,25,Male,94,33,15,80,37830,128
52043,28,Female,133,15,1,26,32183,140
52044,39,Male,134,63,18,198,9598,150
52045,68,Male,74,15,15,19,24959,3
52046,41,Male,47,31,8,175,24305,147
52047,58,Male,129,28,11,388,41148,171
52048,34,Male,142,10,17,48,21318,87
52049,29,Female,17,57,14,375,13948,121
52050,63,Male,18,71,19,354,21273,133
52051,49,Male,114,33,5,228,42416,29
52052,32,Male,18,7,2,103,14332,98
52053,33,Male,56,5,15,167,11143,108
52054,39,Male,23,90,19,372,20680,133
52055,45,Female,65,80,16,43,40119,173
52056,37,Male,159,57,13,298,31281,152
52057,50,Male,159,72,7,425,36748,103
52058,27,Female,111,86,17,499,8674,149
52059,57,Male,34,98,19,21,16455,32
52060,49,Female,156,40,7,242,31088,133
52061,67,Female,36,28,12,96,31808,146
52062,50,Female,194,36,13,102,9601,35
52063,19,Female,41,56,13,116,640,102
52064,50,Male,57,47,14,202,45894,80
52065,50,Male,145,71,15,477,32621,99
52066,58,Female,108,40,2,19,49825,88
52067,30,Female,22,59,6,134,40257,133
52068,47,Male,100,43,9,284,19363,9
52069,50,Female,103,92,15,288,5236,132
52070,30,Female,152,66,16,137,49118,33
52071,69,Female,127,9,2,350,31857,91
52072,43,Male,171,6,3,194,20926,150
52073,39,Female,182,65,8,372,26717,11
52074,56,Male,35,3,8,364,12675,69
52075,19,Male,166,74,7,68,11747,138
52076,55,Male,168,37,11,489,25332,131
52077,56,Female,23,87,13,191,38211,143
52078,43,Female,162,33,8,83,23617,123
52079,63,Male,198,9,9,11,37310,110
52080,67,Male,50,53,16,252,44637,165
52081,32,Male,50,77,5,237,30232,168
52082,51,Female,87,92,14,57,38022,17
52083,59,Female,164,51,1,15,42986,148
52084,61,Male,15,71,19,52,28132,132
52085,66,Male,83,26,17,154,28851,162
52086,57,Female,51,16,14,136,24770,95
52087,28,Male,86,40,13,344,6615,162
52088,20,Female,121,90,8,255,34862,67
52089,23,Female,110,51,3,429,38427,28
52090,26,Male,155,39,1,417,26528,105
52091,23,Male,98,55,19,130,3718,116
52092,26,Female,57,96,15,241,38649,164
52093,56,Female,51,36,8,385,21660,163
52094,48,Female,39,65,9,198,42640,169
52095,49,Female,163,85,13,294,29596,59
52096,58,Female,183,77,12,251,49997,74
52097,67,Male,87,90,9,87,14599,145
52098,29,Female,184,45,11,67,13904,30
52099,25,Female,56,9,5,459,1898,52
52100,25,Female,16,37,19,479,20154,151
52101,67,Male,150,87,18,190,45773,19
52102,45,Male,110,1,11,79,36394,37
52103,37,Female,75,66,11,274,44864,107
52104,64,Female,28,63,6,213,11616,36
52105,24,Male,127,43,1,179,45584,68
52106,28,Male,91,28,9,304,21369,154
52107,37,Male,35,31,7,462,4774,104
52108,33,Male,166,69,6,387,33358,121
52109,21,Female,192,89,10,256,47878,155
52110,23,Male,187,8,5,433,12899,44
52111,39,Female,78,34,1,68,17865,33
52112,43,Female,168,49,15,309,16136,110
52113,20,Male,174,96,5,330,29740,90
52114,58,Male,71,58,6,467,17090,63
52115,59,Male,133,75,5,20,34690,72
52116,31,Male,195,47,17,356,47199,80
52117,28,Female,175,25,18,480,17541,34
52118,35,Female,66,3,4,349,38826,111
52119,29,Female,109,45,2,14,26510,27
52120,40,Male,160,52,8,214,39405,164
52121,29,Female,177,96,5,379,5796,132
52122,30,Male,154,99,4,467,6149,106
52123,42,Female,193,96,14,254,46984,53
52124,62,Male,103,34,4,258,30586,37
52125,68,Female,24,69,8,442,6821,100
52126,36,Female,66,92,3,444,43771,79
52127,63,Male,48,92,14,429,3089,178
52128,53,Female,129,8,18,114,40745,113
52129,62,Female,181,27,12,251,17926,70
52130,25,Male,150,80,15,281,5714,154
52131,46,Male,139,63,9,16,40183,90
52132,49,Male,171,82,2,233,28856,120
52133,68,Male,164,25,1,226,10028,25
52134,61,Male,57,58,15,53,28285,161
52135,35,Female,191,48,15,35,23202,165
52136,23,Male,43,1,8,301,15481,166
52137,35,Female,120,8,3,190,31671,27
52138,36,Female,134,21,2,101,7953,13
52139,39,Male,95,98,4,437,8941,151
52140,54,Female,45,88,18,277,2205,87
52141,49,Female,195,90,12,355,27341,99
52142,58,Male,176,78,18,77,41918,88
52143,20,Female,142,29,10,373,49675,165
52144,45,Male,52,30,8,160,7564,140
52145,27,Male,199,3,18,113,10317,54
52146,68,Male,115,7,17,97,24886,20
52147,52,Female,146,11,19,104,2023,146
52148,46,Female,144,32,6,391,20205,7
52149,32,Female,26,59,14,295,1338,90
52150,50,Female,49,12,5,328,34688,94
52151,24,Male,124,79,8,12,23215,130
52152,29,Female,86,38,8,217,2612,54
52153,66,Male,163,24,18,427,13995,8
52154,47,Female,124,65,9,111,33734,161
52155,38,Female,75,18,14,357,13319,174
52156,48,Female,177,46,14,186,11773,170
52157,41,Female,62,56,14,437,43320,119
52158,37,Female,157,63,17,434,9685,128
52159,54,Male,85,7,2,313,27143,63
52160,21,Female,157,66,14,208,4217,117
52161,45,Female,148,40,12,17,37238,109
52162,61,Female,82,54,16,400,23770,88
52163,37,Female,36,31,6,254,46482,161
52164,41,Male,46,97,18,302,24712,69
52165,67,Female,137,52,7,448,28997,124
52166,66,Male,36,94,2,336,9386,4
52167,68,Female,169,31,13,187,46746,106
52168,49,Male,124,34,8,91,22981,107
52169,58,Male,29,7,12,121,34819,157
52170,53,Male,138,89,1,368,27752,21
52171,51,Male,58,16,9,30,7110,154
52172,53,Male,129,22,8,43,4071,86
52173,19,Female,23,53,9,264,14827,41
52174,32,Male,48,91,5,442,19807,78
52175,51,Female,87,17,13,36,28786,162
52176,53,Male,157,4,14,17,45454,172
52177,23,Male,59,61,4,427,9614,129
52178,56,Female,86,99,17,27,40949,160
52179,59,Male,72,86,9,444,25716,160
52180,68,Male,129,52,15,242,44411,51
52181,68,Male,33,35,4,405,39329,118
52182,29,Male,30,44,2,479,47933,24
52183,20,Female,89,15,13,316,48136,172
52184,62,Male,120,61,4,200,20500,76
52185,35,Male,150,44,18,433,7687,84
52186,57,Female,175,21,16,159,35038,37
52187,38,Female,88,77,10,401,9028,84
52188,32,Male,32,47,2,499,48411,66
52189,50,Male,177,75,14,165,37774,14
52190,52,Female,57,49,2,443,7042,145
52191,43,Male,64,53,18,56,43536,88
52192,25,Female,17,27,1,321,20259,15
52193,53,Male,73,31,13,425,40829,61
52194,65,Female,42,44,6,148,49066,177
52195,47,Female,60,32,17,414,31630,98
52196,40,Female,78,30,17,419,19109,117
52197,59,Male,84,18,11,151,30130,136
52198,61,Male,61,63,6,344,39667,3
52199,31,Male,156,16,3,23,2835,75
52200,31,Male,149,35,14,469,22356,155
52201,19,Female,173,62,6,365,23421,137
52202,54,Female,120,9,17,268,12606,15
52203,22,Female,95,62,3,245,38127,32
52204,55,Male,65,39,17,450,459,11
52205,62,Male,43,51,19,387,19580,131
52206,58,Male,127,10,18,16,24392,26
52207,64,Female,157,52,5,48,41225,7
52208,31,Male,142,12,15,194,15933,92
52209,56,Male,104,72,3,124,28853,39
52210,42,Female,39,62,8,119,15793,4
52211,37,Female,55,3,7,74,12516,30
52212,19,Male,83,83,18,240,49148,166
52213,56,Female,18,11,10,290,16232,51
52214,23,Male,119,8,10,40,34634,36
52215,34,Female,199,90,19,95,25435,95
52216,42,Female,45,23,1,147,46155,113
52217,45,Female,145,10,2,475,48921,117
52218,19,Male,131,18,1,86,21583,60
52219,52,Male,104,76,9,465,28317,51
52220,54,Male,192,39,15,146,49712,177
52221,22,Female,159,26,18,131,5914,15
52222,18,Female,80,11,18,472,6243,91
52223,57,Female,102,10,7,273,40720,124
52224,29,Female,38,3,14,106,7722,84
52225,53,Male,113,62,18,492,11753,156
52226,62,Male,174,71,19,28,43278,153
52227,40,Male,119,61,5,295,28709,164
52228,64,Female,33,4,9,18,36728,4
52229,48,Female,80,61,18,92,29984,21
52230,28,Male,74,8,13,56,8568,91
52231,27,Female,129,13,5,439,6370,69
52232,20,Male,29,12,15,99,41096,138
52233,31,Female,99,35,19,10,9704,50
52234,33,Female,177,54,11,396,39951,10
52235,27,Male,169,51,9,171,31736,90
52236,46,Male,102,43,16,162,29446,144
52237,27,Female,21,66,11,423,20583,166
52238,29,Male,20,15,2,10,44207,67
52239,47,Male,139,49,8,388,8922,20
52240,58,Female,47,34,5,155,47581,111
52241,18,Female,72,39,11,170,48302,69
52242,22,Female,191,26,11,402,11809,25
52243,37,Male,159,69,9,144,44810,89
52244,25,Female,124,48,11,295,34229,54
52245,60,Female,56,89,5,86,5482,12
52246,29,Female,108,51,9,90,19470,65
52247,18,Female,182,98,1,278,21526,67
52248,37,Female,188,4,10,278,29164,149
52249,45,Male,143,98,8,51,21731,133
52250,60,Female,93,27,19,133,46160,79
52251,54,Female,109,42,16,239,24554,132
52252,64,Male,125,56,13,366,16183,19
52253,54,Female,111,93,5,211,38839,81
52254,29,Female,194,69,18,343,18362,55
52255,54,Male,177,18,9,456,37728,61
52256,66,Female,133,61,4,116,20944,101
52257,66,Male,83,4,14,462,34948,152
52258,61,Female,147,1,7,301,28328,147
52259,45,Male,159,50,12,300,25176,24
52260,64,Male,195,84,7,183,23187,54
52261,32,Female,66,70,11,438,46032,149
52262,23,Male,156,20,15,321,20221,81
52263,61,Male,136,20,7,96,23884,19
52264,37,Female,43,46,17,14,25990,178
52265,67,Female,150,27,5,181,1347,151
52266,31,Male,118,26,8,130,5750,37
52267,19,Female,15,32,10,165,23969,28
52268,26,Male,43,10,6,96,45108,80
52269,54,Male,178,82,2,435,35418,71
52270,37,Female,193,12,5,107,7338,149
52271,43,Female,179,74,10,424,47604,21
52272,46,Male,83,88,3,144,16528,169
52273,18,Female,67,24,13,16,39325,35
52274,52,Female,138,51,16,269,9265,110
52275,23,Male,194,38,15,373,8765,1
52276,54,Male,102,46,2,393,32279,92
52277,22,Male,97,89,3,41,1394,91
52278,50,Male,26,8,18,37,39455,70
52279,66,Male,66,55,15,449,29733,132
52280,68,Male,143,78,5,269,20065,1
52281,31,Female,149,31,11,496,45556,149
52282,29,Male,159,88,3,253,5815,99
52283,59,Female,141,16,9,374,40426,92
52284,37,Female,185,20,7,273,15284,82
52285,67,Male,85,38,2,151,8216,116
52286,41,Female,31,15,15,39,31356,125
52287,60,Male,17,78,12,396,26925,52
52288,51,Female,43,76,16,139,35025,99
52289,42,Male,36,34,16,275,44272,53
52290,67,Male,180,72,16,79,19001,85
52291,46,Male,68,19,19,128,49477,80
52292,56,Male,121,69,3,336,35800,56
52293,48,Female,192,91,4,409,37446,103
52294,64,Female,83,63,1,79,23054,87
52295,60,Female,172,77,8,217,37586,33
52296,67,Female,165,32,15,100,14342,23
52297,40,Female,134,95,5,129,17593,6
52298,61,Male,61,37,12,469,3978,85
52299,55,Male,163,66,4,479,33909,175
52300,37,Male,34,7,15,216,36571,5
52301,40,Male,165,48,6,415,36948,77
52302,62,Male,163,11,5,265,15518,83
52303,69,Female,35,75,11,44,37336,9
52304,33,Male,15,87,14,133,47268,3
52305,67,Male,157,31,11,121,41661,46
52306,59,Female,31,44,9,216,44978,39
52307,25,Female,65,45,10,480,48814,13
52308,67,Male,28,72,6,111,32871,41
52309,38,Male,73,56,11,442,32170,139
52310,18,Female,97,32,9,395,1450,41
52311,25,Male,64,21,5,203,43548,75
52312,46,Male,138,31,10,250,18903,175
52313,49,Male,48,1,14,156,38878,177
52314,55,Female,20,77,6,462,23122,35
52315,22,Male,123,11,4,141,3157,163
52316,64,Male,63,93,10,229,22922,67
52317,39,Female,20,68,11,347,14094,132
52318,64,Female,131,36,16,113,25972,24
52319,51,Female,132,79,7,50,32954,94
52320,18,Male,21,59,18,65,36242,96
52321,43,Female,111,67,7,320,25832,113
52322,60,Male,193,56,15,259,43418,84
52323,27,Female,132,51,19,251,29684,164
52324,47,Male,143,29,18,424,48056,56
52325,67,Female,155,85,15,136,36016,4
52326,35,Male,185,2,18,159,34874,168
52327,34,Male,41,6,3,340,3139,171
52328,43,Female,130,31,1,441,30750,58
52329,25,Female,145,54,1,345,11870,62
52330,64,Male,72,88,7,393,41700,135
52331,57,Female,103,40,10,397,29806,137
52332,66,Male,111,17,12,158,14631,22
52333,29,Female,31,5,8,178,9249,4
52334,44,Female,187,2,17,54,31893,128
52335,25,Male,115,58,14,482,11228,164
52336,42,Female,198,12,17,93,39426,35
52337,63,Female,196,5,6,17,34720,33
52338,21,Male,43,60,17,116,29787,135
52339,50,Male,116,41,8,382,18250,105
52340,18,Female,137,20,13,274,2063,121
52341,36,Male,68,72,16,155,4661,175
52342,48,Female,41,1,12,40,47104,64
52343,33,Female,116,56,17,253,43573,121
52344,31,Male,131,70,18,44,38180,171
52345,65,Male,118,56,8,256,2318,18
52346,22,Male,59,54,18,423,12813,3
52347,58,Male,128,11,11,27,38594,59
52348,43,Male,101,3,13,476,42509,116
52349,45,Male,45,95,12,434,27667,39
52350,19,Female,178,28,15,33,7558,64
52351,67,Female,51,5,3,351,47517,81
52352,23,Male,50,90,3,313,42230,60
52353,26,Female,133,16,6,407,18337,105
52354,50,Female,19,31,3,412,26912,170
52355,58,Female,188,28,9,325,28634,109
52356,42,Female,66,7,11,358,30122,5
52357,65,Male,63,9,8,287,39328,46
52358,30,Female,20,39,4,39,47604,132
52359,26,Female,137,99,15,152,44647,14
52360,30,Male,152,43,5,286,46181,11
52361,48,Male,132,27,7,419,31772,22
52362,58,Male,37,76,8,365,27717,106
52363,28,Male,159,89,7,21,20849,5
52364,21,Female,124,93,8,400,34356,140
52365,51,Male,58,95,4,212,30127,149
52366,55,Female,55,98,1,259,11791,79
52367,63,Female,157,33,5,112,26032,24
52368,21,Male,186,91,11,477,45937,13
52369,55,Male,64,56,4,44,20302,96
52370,36,Male,66,2,2,333,7114,26
52371,23,Male,84,14,17,395,38489,40
52372,51,Male,165,13,12,29,11075,26
52373,35,Male,186,24,2,56,625,173
52374,30,Female,123,69,9,93,30800,30
52375,58,Female,132,34,6,277,45184,64
52376,40,Female,123,87,6,62,14943,111
52377,36,Female,109,19,18,282,7118,73
52378,62,Male,58,30,3,27,7208,88
52379,28,Male,194,49,15,113,41376,124
52380,18,Female,81,43,7,161,39281,166
52381,41,Female,170,16,13,337,9001,146
52382,24,Female,81,52,10,174,12845,137
52383,42,Male,32,98,4,370,33153,128
52384,38,Male,169,49,16,423,25500,38
52385,32,Male,193,11,9,93,13357,149
52386,18,Female,74,78,10,317,9215,71
52387,29,Female,88,47,19,160,10369,140
52388,24,Male,63,79,17,46,16473,36
52389,32,Male,29,35,1,388,45934,122
52390,38,Female,87,71,13,467,28665,11
52391,36,Female,157,29,4,362,17768,128
52392,46,Male,193,54,15,161,24959,27
52393,42,Female,62,86,10,365,20192,74
52394,50,Male,86,23,9,385,14677,81
52395,66,Male,127,24,8,217,36734,107
52396,49,Female,143,99,6,59,10011,65
52397,66,Female,149,10,10,229,37294,162
52398,52,Female,67,61,17,469,24219,127
52399,61,Male,173,8,5,413,16462,34
52400,55,Female,32,48,14,56,2635,64
52401,43,Female,26,76,17,27,934,17
52402,28,Male,62,93,11,494,33125,179
52403,52,Male,44,29,4,131,38272,105
52404,25,Female,111,87,17,291,49346,89
52405,63,Male,21,26,2,129,32959,108
52406,31,Male,106,37,1,260,7964,176
52407,27,Male,127,96,18,336,17659,139
52408,19,Female,17,52,7,308,5322,148
52409,63,Female,121,38,6,56,47380,68
52410,26,Male,77,6,6,94,30542,162
52411,20,Male,148,8,14,308,43021,42
52412,38,Male,116,17,12,393,41158,169
52413,43,Female,29,76,14,169,23335,145
52414,25,Male,185,62,14,16,3164,12
52415,65,Male,105,86,12,254,25664,68
52416,19,Female,95,78,9,224,13778,41
52417,23,Male,160,34,9,221,46585,142
52418,45,Female,164,19,2,221,24606,4
52419,46,Female,75,70,18,297,38093,126
52420,43,Female,134,82,5,227,1333,77
52421,42,Male,75,37,12,493,37206,74
52422,29,Male,67,38,14,260,5986,142
52423,22,Female,40,15,13,353,29078,9
52424,51,Male,129,40,3,330,41325,171
52425,65,Female,54,9,15,323,14795,148
52426,54,Male,102,53,15,190,22677,1
52427,32,Female,130,70,3,101,12148,108
52428,61,Female,150,66,19,227,45668,93
52429,53,Male,35,80,15,299,11603,72
52430,32,Male,57,52,19,99,43135,17
52431,60,Male,35,1,8,493,39279,89
52432,65,Male,145,30,13,206,36123,20
52433,40,Female,45,97,10,193,17004,59
52434,23,Female,169,1,2,75,10121,141
52435,63,Male,41,39,11,425,35803,121
52436,67,Male,87,16,19,107,2285,77
52437,61,Female,199,17,9,315,40037,175
52438,60,Male,111,82,9,487,24054,50
52439,62,Male,175,22,6,33,35353,94
52440,38,Male,104,86,10,229,26553,168
52441,40,Male,58,99,8,183,18961,135
52442,60,Female,57,31,15,396,29070,55
52443,33,Female,45,40,6,254,12492,51
52444,64,Male,131,27,7,123,1655,76
52445,32,Female,90,36,17,275,13882,130
52446,42,Male,159,4,4,399,13382,14
52447,53,Male,157,69,8,363,2090,106
52448,28,Male,48,25,13,232,47406,145
52449,68,Female,94,95,14,317,41809,77
52450,32,Female,18,78,18,244,35396,129
52451,21,Female,86,30,17,315,6409,119
52452,38,Female,112,47,18,119,29450,111
52453,30,Female,124,12,14,323,31835,1
52454,39,Male,42,27,11,445,41016,111
52455,36,Male,144,45,10,22,7482,26
52456,51,Female,31,88,13,134,40161,116
52457,31,Female,72,63,16,324,16118,174
52458,21,Female,141,55,14,176,10646,13
52459,65,Male,23,30,3,62,16656,34
52460,69,Female,45,82,18,195,30154,62
52461,63,Male,102,14,6,285,3657,73
52462,44,Male,76,56,3,456,16496,51
52463,46,Female,33,19,19,361,37053,41
52464,64,Male,95,86,3,19,43237,55
52465,45,Male,121,26,12,419,40556,156
52466,52,Female,69,71,8,156,25802,94
52467,25,Male,170,92,5,486,46800,135
52468,33,Female,126,38,17,326,29392,2
52469,59,Male,137,69,10,342,15423,2
52470,53,Female,192,36,17,127,21080,156
52471,47,Female,79,18,9,427,38751,54
52472,35,Male,138,57,13,349,30863,94
52473,19,Female,17,78,10,437,10428,58
52474,66,Male,194,23,8,497,4949,175
52475,30,Male,152,14,7,27,5245,61
52476,21,Female,35,96,2,386,33815,104
52477,43,Male,51,69,2,235,26271,168
52478,42,Female,29,22,4,121,34363,18
52479,47,Male,101,28,9,81,23158,142
52480,28,Male,134,43,14,153,17122,25
52481,24,Female,151,76,11,113,28195,138
52482,48,Male,58,18,7,224,30377,100
52483,61,Male,53,95,19,489,30626,48
52484,27,Male,147,77,4,86,14313,176
52485,56,Male,39,84,2,35,10586,53
52486,30,Male,70,36,19,239,1101,137
52487,48,Male,135,7,18,202,25445,139
52488,24,Male,104,23,7,459,18467,27
52489,66,Male,78,34,11,112,8531,59
52490,59,Female,194,96,10,214,11060,141
52491,59,Male,103,21,11,420,11310,139
52492,53,Male,126,70,9,269,20743,57
52493,37,Female,90,80,3,242,42454,110
52494,21,Female,151,99,5,60,30593,106
52495,24,Female,152,47,1,477,11274,24
52496,18,Male,24,53,1,140,29902,177
52497,61,Female,76,84,5,352,18000,168
52498,62,Female,104,41,19,75,11464,79
52499,59,Male,74,75,6,409,44492,84
52500,64,Male,161,32,3,211,21547,2
52501,30,Female,121,14,13,293,21705,143
52502,39,Female,52,88,17,309,35550,48
52503,38,Male,148,95,3,155,16942,98
52504,39,Male,157,17,3,267,1700,46
52505,45,Male,61,25,13,471,41087,95
52506,26,Male,187,64,2,437,30317,158
52507,43,Male,147,73,3,413,1014,156
52508,26,Female,92,86,16,321,41755,97
52509,32,Male,67,48,12,385,14739,169
52510,27,Male,76,35,9,113,38034,113
52511,41,Male,37,37,16,160,11387,21
52512,59,Male,58,55,4,127,6286,87
52513,25,Male,66,17,18,325,39262,42
52514,41,Female,60,28,1,208,11710,13
52515,33,Male,161,1,7,438,14329,45
52516,66,Female,98,53,12,312,35032,90
52517,43,Male,61,73,8,343,14400,147
52518,44,Female,105,55,8,430,26313,155
52519,54,Female,66,61,9,401,40332,168
52520,21,Male,38,13,14,398,30341,135
52521,67,Male,159,47,5,288,34332,25
52522,41,Male,103,64,2,114,43988,177
52523,36,Male,188,32,10,19,16850,104
52524,53,Male,78,28,9,122,13608,164
52525,56,Female,133,53,7,36,13794,71
52526,27,Male,170,31,18,108,42430,119
52527,42,Male,192,8,12,266,8426,84
52528,35,Female,78,72,11,336,37849,152
52529,36,Male,170,98,10,380,32412,92
52530,53,Female,100,87,13,145,267,113
52531,27,Male,70,74,9,404,16772,69
52532,50,Female,73,25,16,235,45863,52
52533,67,Male,147,33,17,136,13432,164
52534,22,Female,196,68,5,125,11346,179
52535,64,Female,186,7,6,421,36106,33
52536,66,Male,184,97,10,299,46202,53
52537,52,Male,139,66,11,180,42491,38
52538,61,Male,199,46,2,221,3390,172
52539,51,Female,61,96,7,421,33820,5
52540,50,Female,135,5,14,442,16242,118
52541,38,Female,167,17,4,198,7553,31
52542,34,Male,116,76,5,499,29845,137
52543,39,Male,58,52,19,430,23821,32
52544,65,Female,29,12,10,396,27834,169
52545,54,Male,119,62,6,274,25532,5
52546,32,Female,65,35,2,223,45156,179
52547,52,Male,67,62,3,98,42467,54
52548,45,Male,48,21,15,139,14130,28
52549,24,Female,138,85,10,32,30841,171
52550,49,Male,91,66,17,188,2795,12
52551,28,Male,150,53,7,410,22051,17
52552,27,Male,137,21,2,418,1418,8
52553,26,Male,84,15,7,469,22483,18
52554,31,Male,35,75,15,420,8875,117
52555,30,Female,122,74,3,29,21267,10
52556,42,Male,122,82,5,338,24031,39
52557,19,Female,149,23,8,480,24584,41
52558,52,Male,104,31,4,429,40727,108
52559,24,Male,93,54,18,421,28764,44
52560,38,Female,198,55,19,251,11941,43
52561,35,Female,191,26,8,249,16865,175
52562,20,Male,56,53,6,38,41789,111
52563,59,Male,165,66,5,254,35434,176
52564,56,Female,66,39,5,129,29094,19
52565,58,Female,116,7,17,435,37143,21
52566,66,Female,119,88,6,323,37889,3
52567,28,Female,93,39,13,383,43889,104
52568,56,Male,126,32,9,41,39524,56
52569,41,Male,195,26,12,149,28240,127
52570,63,Male,118,87,10,167,3136,171
52571,36,Male,30,78,1,69,26127,129
52572,21,Male,110,29,11,148,13714,88
52573,43,Female,51,25,6,366,43465,36
52574,55,Female,160,56,3,221,44598,6
52575,59,Female,162,31,6,148,23897,74
52576,49,Male,60,66,9,377,25612,46
52577,56,Female,16,2,8,120,6339,151
52578,62,Male,133,87,15,495,46720,20
52579,63,Male,101,47,6,345,14298,166
52580,53,Male,108,75,11,260,10458,35
52581,57,Female,17,29,10,108,19585,162
52582,54,Male,188,99,11,187,38967,178
52583,50,Male,125,49,4,10,5274,47
52584,53,Female,191,73,13,98,25208,36
52585,20,Male,15,32,8,122,22132,16
52586,26,Female,119,30,15,292,20931,108
52587,25,Male,36,15,7,125,39087,177
52588,50,Female,156,62,1,41,13283,65
52589,23,Male,187,78,9,271,12025,63
52590,58,Male,148,17,8,50,7250,52
52591,56,Female,79,22,2,429,22526,73
52592,21,Male,35,30,14,176,31568,60
52593,30,Female,18,81,12,352,11349,101
52594,66,Male,145,16,17,230,43945,17
52595,19,Female,127,52,19,423,8612,38
52596,22,Male,44,8,6,223,26936,29
52597,61,Male,45,64,5,322,48476,31
52598,44,Male,176,39,6,404,21239,54
52599,49,Female,34,31,3,355,21761,102
52600,38,Female,68,12,16,480,27020,26
52601,25,Female,140,33,18,140,20392,141
52602,55,Female,167,58,14,57,40842,19
52603,25,Female,29,12,15,143,48345,111
52604,67,Male,180,25,4,16,40853,27
52605,20,Male,165,38,11,53,37699,13
52606,61,Male,194,48,5,496,47980,52
52607,20,Male,199,82,9,326,31579,98
52608,39,Male,71,83,5,447,24539,19
52609,23,Female,93,55,7,444,40534,83
52610,19,Male,194,3,18,95,35248,3
52611,40,Female,177,99,18,57,14560,67
52612,61,Male,28,69,2,499,30296,26
52613,19,Female,105,35,13,326,32238,6
52614,55,Female,28,51,13,362,41087,141
52615,34,Female,113,27,17,433,3708,27
52616,52,Male,47,37,17,396,2318,105
52617,51,Male,194,85,6,423,45215,88
52618,40,Male,15,16,14,249,14560,10
52619,47,Male,48,92,14,161,36413,16
52620,69,Female,33,25,12,460,32157,23
52621,25,Female,166,33,5,267,31460,47
52622,39,Female,18,62,5,53,35786,12
52623,61,Female,178,17,4,177,28107,156
52624,53,Male,91,43,13,284,43302,77
52625,22,Female,72,30,4,200,9805,18
52626,30,Male,174,41,18,161,6563,58
52627,46,Female,151,4,16,59,25681,130
52628,48,Female,117,66,18,285,38355,174
52629,64,Female,81,60,2,322,46773,145
52630,33,Male,130,9,4,378,22333,87
52631,59,Male,162,31,17,315,46345,64
52632,47,Female,134,89,6,104,22920,87
52633,33,Female,36,69,18,251,28167,54
52634,29,Female,126,24,7,114,48874,171
52635,34,Male,89,24,13,451,12383,78
52636,33,Male,190,93,9,424,10614,14
52637,29,Male,150,45,2,430,311,172
52638,25,Female,157,95,8,372,3579,38
52639,37,Male,46,37,14,358,3351,105
52640,20,Female,195,58,18,269,40613,177
52641,33,Male,81,83,1,451,8804,16
52642,47,Female,18,23,9,147,45228,82
52643,62,Female,44,35,9,328,2851,74
52644,40,Male,27,63,2,429,29831,30
52645,45,Female,35,6,16,192,16508,68
52646,68,Female,55,6,4,492,24961,71
52647,57,Female,135,30,13,66,9968,80
52648,22,Male,33,1,17,249,3358,115
52649,37,Female,62,63,11,478,23975,37
52650,57,Male,100,8,2,436,37045,55
52651,61,Male,77,28,4,114,33018,167
52652,18,Female,162,89,12,74,15685,177
52653,47,Male,51,33,2,499,45610,97
52654,38,Female,45,53,1,149,47666,99
52655,37,Male,88,38,6,71,31455,112
52656,23,Female,160,52,16,161,21987,118
52657,39,Male,121,78,2,139,24811,162
52658,35,Female,117,11,14,440,25052,57
52659,25,Female,124,2,12,135,38783,97
52660,56,Female,34,53,19,449,48993,62
52661,49,Female,153,94,3,221,7353,39
52662,50,Male,100,94,19,409,39293,74
52663,33,Male,58,68,11,171,6131,67
52664,29,Female,96,77,4,214,27240,29
52665,55,Male,78,7,17,411,48993,31
52666,69,Female,136,67,17,38,17472,60
52667,51,Female,176,9,7,191,603,39
52668,31,Male,101,78,5,60,13001,1
52669,53,Male,79,63,19,244,40944,56
52670,50,Female,69,11,19,23,27264,101
52671,40,Male,88,37,9,359,4185,91
52672,67,Female,131,14,17,67,16460,149
52673,62,Male,143,19,9,428,30141,171
52674,19,Male,180,8,14,146,27815,130
52675,58,Male,151,7,5,137,29941,142
52676,38,Male,109,59,2,46,6749,106
52677,19,Male,159,63,15,368,22730,131
52678,44,Female,113,7,16,277,5328,142
52679,26,Male,126,55,19,94,13001,5
52680,18,Male,66,3,1,219,48565,81
52681,28,Female,160,67,12,148,33257,167
52682,20,Female,47,18,19,36,48642,129
52683,69,Female,18,45,15,353,10705,120
52684,40,Male,101,97,5,242,12570,43
52685,43,Male,89,92,1,180,12228,92
52686,21,Female,194,36,11,187,14793,78
52687,35,Female,23,16,9,363,26359,15
52688,23,Female,78,79,7,29,42829,46
52689,52,Female,44,29,2,406,29821,7
52690,39,Male,150,59,17,312,10638,170
52691,60,Male,147,18,16,273,33615,115
52692,32,Male,90,49,16,494,19738,7
52693,39,Male,143,46,14,206,33233,175
52694,54,Male,29,83,2,336,3688,88
52695,69,Female,103,29,19,73,15532,90
52696,59,Male,180,70,3,53,11309,19
52697,29,Female,184,50,8,253,19362,53
52698,64,Female,142,55,19,21,21540,90
52699,66,Female,188,27,16,370,24794,16
52700,59,Male,195,7,4,269,11993,62
52701,55,Female,40,91,8,305,21050,65
52702,35,Male,75,83,1,412,24136,112
52703,62,Female,137,81,4,447,47106,179
52704,52,Male,81,41,7,266,4027,36
52705,47,Female,196,11,1,384,29490,163
52706,41,Male,164,5,18,244,33610,24
52707,59,Female,40,66,4,256,46990,69
52708,47,Female,97,56,14,150,1016,119
52709,31,Female,122,12,8,315,35159,157
52710,23,Female,125,42,18,190,22510,129
52711,20,Male,74,75,7,435,35636,123
52712,33,Male,53,10,3,374,44787,137
52713,24,Male,137,28,14,162,11983,100
52714,69,Female,50,7,12,53,7759,15
52715,31,Female,35,14,15,118,43090,74
52716,26,Female,183,77,8,107,30400,144
52717,32,Female,132,69,5,236,7208,176
52718,38,Female,62,61,17,454,41688,36
52719,52,Female,40,51,10,90,37030,53
52720,19,Male,50,42,11,227,45594,79
52721,44,Male,166,8,16,158,23476,131
52722,19,Male,142,50,16,444,44743,147
52723,52,Male,163,1,4,85,7702,41
52724,35,Male,160,69,5,89,19384,37
52725,31,Male,29,11,10,61,10990,136
52726,37,Male,93,48,14,72,21833,88
52727,35,Male,148,10,9,93,37161,14
52728,27,Female,185,15,18,447,25568,35
52729,42,Female,173,47,6,403,27245,144
52730,19,Female,42,93,11,352,45335,71
52731,42,Female,150,25,17,376,4583,163
52732,50,Female,171,6,9,487,44054,8
52733,53,Female,163,11,3,264,26545,12
52734,48,Female,134,17,16,68,36118,177
52735,31,Male,102,15,4,17,20942,110
52736,18,Male,192,16,15,316,23450,80
52737,63,Female,45,56,2,398,2777,115
52738,33,Male,61,66,17,85,5080,68
52739,63,Male,48,36,19,435,4505,163
52740,69,Male,16,83,16,87,26940,45
52741,20,Male,120,38,19,133,15151,41
52742,52,Male,108,85,17,21,19732,61
52743,58,Female,86,75,4,289,12802,76
52744,23,Male,66,3,18,54,22738,143
52745,42,Female,149,98,4,62,41028,99
52746,30,Female,161,18,3,190,5326,67
52747,51,Female,104,79,18,410,18530,2
52748,25,Male,106,89,5,458,13442,122
52749,38,Female,157,54,9,383,34540,134
52750,51,Female,92,79,15,243,29132,16
52751,21,Female,190,94,9,195,14023,23
52752,42,Female,139,17,14,302,16783,95
52753,32,Male,156,82,2,84,4268,114
52754,21,Female,145,95,18,435,8481,41
52755,62,Female,64,82,13,207,49942,158
52756,29,Female,107,99,16,88,6398,119
52757,49,Female,138,13,6,242,22615,122
52758,49,Male,68,63,16,177,41251,55
52759,45,Female,148,14,4,32,44817,132
52760,30,Female,191,59,10,416,26879,110
52761,48,Female,165,36,19,495,12548,100
52762,31,Female,92,18,11,239,43324,28
52763,37,Female,92,5,5,314,17173,178
52764,35,Female,34,14,18,393,20222,28
52765,46,Male,105,25,3,469,24659,123
52766,23,Female,113,44,8,144,46353,26
52767,49,Male,187,39,11,302,45276,167
52768,46,Male,70,12,19,409,10280,13
52769,60,Female,16,61,3,47,37013,71
52770,19,Male,119,62,12,241,20368,54
52771,40,Female,187,53,15,364,17761,13
52772,36,Male,182,53,16,177,34245,120
52773,48,Female,126,28,5,294,32092,59
52774,68,Male,38,35,19,112,3165,4
52775,22,Male,171,65,6,154,32638,80
52776,36,Female,123,3,12,252,8693,60
52777,51,Male,82,43,19,483,2544,47
52778,27,Male,128,50,9,157,40626,77
52779,42,Male,98,71,18,375,46028,5
52780,19,Male,196,9,3,162,38131,36
52781,28,Male,195,36,14,325,19799,19
52782,67,Female,63,23,5,431,28091,30
52783,48,Male,46,88,5,328,41155,111
52784,32,Male,75,74,4,304,45674,41
52785,26,Female,184,50,16,135,16645,176
52786,40,Female,143,55,13,201,33825,28
52787,36,Female,116,12,8,494,25313,31
52788,26,Male,49,83,16,92,17924,171
52789,52,Male,65,32,2,30,30732,137
52790,38,Male,59,24,8,297,45951,12
52791,26,Male,91,86,3,293,25593,140
52792,45,Female,127,67,9,368,27883,42
52793,63,Female,79,27,11,498,21599,90
52794,68,Male,28,61,1,277,17558,16
52795,24,Male,107,19,1,130,37605,99
52796,33,Male,145,73,8,120,20236,178
52797,33,Male,38,51,16,88,18295,132
52798,50,Female,79,64,10,357,26856,115
52799,21,Female,190,77,2,385,33548,13
52800,21,Male,152,2,16,94,26817,60
52801,56,Female,27,36,4,89,41511,28
52802,57,Male,156,93,19,160,35270,109
52803,34,Male,114,11,9,253,34041,140
52804,54,Female,152,98,3,227,43191,152
52805,56,Male,182,68,11,24,31966,92
52806,69,Female,165,68,8,110,7761,129
52807,46,Male,113,64,7,277,30571,162
52808,69,Female,69,1,1,397,45528,131
52809,53,Male,77,89,8,44,31612,22
52810,55,Female,85,26,17,360,18466,85
52811,56,Male,184,11,11,454,4545,27
52812,67,Male,113,87,7,292,17844,149
52813,54,Female,80,2,9,134,7247,141
52814,69,Male,93,83,14,233,431,44
52815,52,Female,87,93,5,170,47731,80
52816,24,Female,61,40,18,22,9348,110
52817,44,Male,95,4,13,174,37697,24
52818,45,Male,140,80,5,437,42254,174
52819,39,Male,66,37,8,267,45089,17
52820,31,Male,160,61,15,431,20120,5
52821,24,Female,160,91,4,302,4514,38
52822,54,Male,166,5,1,452,25472,59
52823,39,Male,37,15,6,123,16890,155
52824,22,Male,154,87,19,129,43183,105
52825,19,Female,165,67,12,78,3674,96
52826,44,Male,35,82,7,283,48226,90
52827,38,Female,78,26,13,57,22432,71
52828,55,Male,86,6,7,346,24239,100
52829,32,Female,176,44,9,331,14304,55
52830,38,Male,144,58,1,442,17986,71
52831,27,Male,83,81,13,371,20960,171
52832,40,Female,173,46,19,67,46916,91
52833,56,Male,82,42,1,428,44558,166
52834,22,Male,161,48,19,87,22393,112
52835,18,Male,142,27,18,213,22614,88
52836,30,Female,121,20,5,451,16991,61
52837,38,Male,123,70,3,234,5880,173
52838,43,Female,86,35,2,272,15054,108
52839,67,Female,117,76,10,112,13093,157
52840,62,Female,155,48,6,118,38471,34
52841,38,Male,79,67,19,274,6424,149
52842,35,Female,148,68,17,334,40573,45
52843,54,Female,126,52,19,397,27885,129
52844,62,Male,169,68,13,425,28709,138
52845,49,Female,93,4,17,398,18676,94
52846,53,Female,194,39,18,65,49488,28
52847,34,Male,140,21,11,321,11262,106
52848,52,Male,135,66,13,261,42138,30
52849,66,Female,101,16,11,309,46075,28
52850,28,Male,62,7,19,81,1684,157
52851,38,Male,102,83,10,150,27190,31
52852,69,Male,82,97,3,397,19960,107
52853,43,Female,186,9,6,189,6526,83
52854,21,Female,115,17,7,212,33434,109
52855,51,Male,31,91,5,280,5133,31
52856,69,Female,52,97,9,385,14739,41
52857,65,Male,152,12,10,119,33942,64
52858,35,Male,68,57,14,91,45878,122
52859,57,Male,148,45,11,93,5387,170
52860,52,Male,148,11,17,266,39980,44
52861,58,Male,66,13,11,202,46989,159
52862,46,Female,29,31,7,148,2851,116
52863,69,Female,82,77,11,230,18383,139
52864,46,Female,199,26,13,198,15163,36
52865,55,Female,126,63,19,358,17599,108
52866,59,Male,198,31,6,353,6438,32
52867,38,Male,118,22,2,349,26524,104
52868,59,Female,21,6,14,487,48100,167
52869,30,Female,65,20,16,456,42616,67
52870,66,Male,72,85,7,431,48988,92
52871,58,Male,123,10,1,206,41528,25
52872,34,Male,125,83,2,310,32867,28
52873,26,Female,168,35,9,83,6247,147
52874,58,Male,45,26,18,207,6789,157
52875,18,Male,106,71,18,333,47626,178
52876,19,Female,120,37,18,269,15165,19
52877,65,Female,27,8,10,208,13005,56
52878,46,Female,160,5,8,313,1544,146
52879,50,Male,133,44,8,362,20701,173
52880,27,Male,155,92,2,146,27531,113
52881,67,Female,129,67,18,355,9524,88
52882,57,Male,166,72,11,184,7739,102
52883,38,Male,71,79,11,498,40832,126
52884,45,Male,140,91,19,478,30462,82
52885,28,Female,171,49,11,325,21932,41
52886,51,Female,198,36,10,317,13425,126
52887,25,Male,68,80,8,389,40059,13
52888,39,Male,147,26,15,351,45188,99
52889,25,Male,177,45,8,426,26696,83
52890,66,Male,33,61,19,451,19056,24
52891,32,Female,197,44,1,362,1158,161
52892,34,Female,91,4,3,313,28063,97
52893,40,Male,83,76,12,142,18072,73
52894,41,Male,58,81,16,478,21351,3
52895,62,Female,52,58,16,36,18517,3
52896,36,Male,76,26,17,434,13784,30
52897,22,Female,36,95,16,266,38695,146
52898,49,Male,87,79,9,60,26792,171
52899,61,Female,182,98,19,153,38117,66
52900,18,Male,168,29,1,364,22336,27
52901,40,Male,139,9,18,365,37942,100
52902,54,Female,19,78,6,245,23674,105
52903,25,Female,68,36,6,169,20521,110
52904,30,Male,100,4,12,486,36229,19
52905,25,Male,191,59,3,368,43359,16
52906,40,Female,17,37,11,312,43462,26
52907,60,Female,52,88,6,416,46013,14
52908,18,Male,156,81,14,280,31977,47
52909,62,Male,189,13,18,163,29058,146
52910,68,Female,156,20,16,46,42038,156
52911,41,Female,87,17,13,226,38536,111
52912,52,Female,52,51,1,448,4968,147
52913,41,Female,186,91,6,139,46131,30
52914,34,Female,139,55,14,85,12086,105
52915,22,Male,84,33,17,412,5377,149
52916,37,Male,79,21,13,297,31961,149
52917,38,Female,39,81,13,480,8246,48
52918,57,Male,30,22,9,206,32083,158
52919,48,Male,29,25,6,320,6801,42
52920,63,Female,145,67,6,226,9097,165
52921,53,Male,51,91,5,108,19273,41
52922,28,Male,197,91,14,321,43419,174
52923,69,Male,139,12,14,294,4781,96
52924,32,Female,127,15,4,239,45027,94
52925,36,Female,180,84,2,118,40002,88
52926,24,Male,15,86,2,349,29898,1
52927,68,Male,85,2,17,173,9644,54
52928,45,Male,117,4,10,125,9644,116
52929,68,Male,33,45,14,80,5280,35
52930,60,Male,66,13,19,223,37406,144
52931,22,Male,132,55,17,347,3328,5
52932,22,Female,172,32,11,62,42826,159
52933,47,Male,121,22,7,94,22406,109
52934,49,Male,69,89,9,351,30650,37
52935,25,Female,28,91,14,432,12781,119
52936,27,Male,27,55,4,85,49154,153
52937,55,Male,98,17,14,276,44769,107
52938,64,Male,104,70,17,257,10011,113
52939,49,Male,41,51,19,341,27682,153
52940,65,Female,103,80,17,483,12305,67
52941,45,Male,151,8,14,295,28561,38
52942,34,Female,55,61,13,88,21252,176
52943,48,Male,62,97,14,465,12160,130
52944,25,Male,26,10,16,116,25703,148
52945,57,Female,152,98,15,446,18362,86
52946,42,Male,20,19,19,91,3303,11
52947,26,Female,176,14,11,211,38834,119
52948,19,Female,194,67,12,401,5730,82
52949,32,Female,55,55,11,239,27220,159
52950,67,Male,20,61,5,236,3288,35
52951,20,Male,144,56,8,29,23328,172
52952,66,Male,29,63,6,277,5371,45
52953,53,Male,159,87,16,332,4665,149
52954,21,Female,30,11,12,477,24939,148
52955,31,Male,170,47,6,187,30198,9
52956,58,Male,99,6,13,391,39561,95
52957,58,Female,24,34,7,149,28775,137
52958,42,Female,152,65,8,319,23271,161
52959,67,Male,152,99,12,481,27533,1
52960,27,Female,170,89,2,89,28349,3
52961,38,Female,166,64,9,389,550,167
52962,53,Female,33,93,13,191,6722,140
52963,29,Female,82,87,17,83,46718,94
52964,44,Female,198,82,13,156,33168,144
52965,57,Male,56,78,16,242,23858,178
52966,19,Male,154,81,1,151,35520,88
52967,30,Male,160,66,7,445,7751,27
52968,49,Male,165,31,13,471,49175,29
52969,48,Male,98,83,14,159,45088,127
52970,33,Male,148,96,17,141,48623,120
52971,49,Male,67,62,16,248,34019,105
52972,49,Female,112,54,15,381,29208,78
52973,51,Male,56,92,17,324,11070,69
52974,28,Male,44,8,2,171,47969,107
52975,27,Male,23,42,12,329,42955,102
52976,32,Female,184,41,3,259,3758,6
52977,34,Male,48,59,9,137,8498,152
52978,57,Male,182,40,6,283,3713,40
52979,35,Female,102,22,6,491,9660,33
52980,26,Male,159,24,7,91,25516,137
52981,42,Male,171,38,8,241,7853,177
52982,57,Female,64,2,3,40,222,67
52983,31,Male,90,41,15,243,48524,151
52984,42,Female,191,19,6,93,49712,22
52985,67,Male,60,2,11,493,28869,72
52986,39,Male,60,92,3,51,37763,78
52987,69,Male,140,96,16,211,34418,94
52988,47,Female,31,62,6,260,31909,116
52989,37,Female,80,83,11,396,22369,136
52990,38,Female,118,16,8,94,35722,147
52991,61,Male,19,94,10,493,17211,109
52992,49,Male,137,22,10,192,19851,166
52993,68,Female,196,14,3,275,766,134
52994,63,Female,139,56,14,80,36726,34
52995,66,Male,126,65,19,31,49305,74
52996,38,Male,30,45,9,416,43650,95
52997,52,Male,95,54,13,85,2220,139
52998,49,Male,105,66,9,496,3730,43
52999,47,Female,149,86,12,278,19090,35
53000,56,Male,150,46,14,177,11947,139
53001,66,Male,86,33,5,388,10583,168
53002,29,Male,110,79,6,406,44082,160
53003,58,Male,125,50,13,362,25504,177
53004,64,Male,96,22,13,360,47942,90
53005,35,Male,52,40,6,249,17057,65
53006,38,Male,68,39,14,60,33573,48
53007,30,Female,90,41,11,457,26018,39
53008,38,Female,29,75,13,485,38651,153
53009,25,Female,192,68,12,92,13869,104
53010,63,Male,198,7,16,478,7604,173
53011,57,Female,130,85,6,361,36722,157
53012,63,Male,23,71,9,99,20954,101
53013,24,Male,22,4,17,391,36846,32
53014,40,Male,124,76,16,22,36711,123
53015,61,Male,161,91,12,166,5047,94
53016,49,Female,65,59,18,208,16136,124
53017,28,Male,199,81,9,440,43424,123
53018,39,Male,45,84,3,163,38646,82
53019,39,Female,116,95,10,207,32340,108
53020,60,Female,17,26,11,233,39065,67
53021,42,Female,113,31,2,493,4253,12
53022,39,Male,97,99,8,127,909,20
53023,45,Female,57,73,11,160,1122,50
53024,46,Male,43,69,18,253,36367,136
53025,30,Male,24,52,7,84,33375,159
53026,35,Female,154,72,14,449,45403,152
53027,19,Female,60,21,7,222,36560,126
53028,46,Female,44,16,1,284,12990,141
53029,38,Male,108,51,12,363,26564,42
53030,32,Male,46,16,1,376,14767,78
53031,69,Male,61,18,3,253,20543,79
53032,44,Male,102,47,2,187,31342,26
53033,67,Male,77,56,3,117,1690,166
53034,48,Male,168,28,4,300,14782,110
53035,32,Female,145,82,14,186,28626,38
53036,68,Male,37,78,18,488,18065,97
53037,40,Female,88,56,5,183,34248,138
53038,41,Female,64,37,15,102,47778,11
53039,61,Female,178,16,16,463,30488,131
53040,30,Female,138,85,8,109,32578,123
53041,39,Female,27,65,8,190,31923,23
53042,60,Male,140,60,7,168,16378,62
53043,54,Male,43,61,6,105,37822,41
53044,50,Male,180,11,7,241,42034,121
53045,20,Male,135,75,19,260,8255,169
53046,36,Female,104,66,1,349,24887,93
53047,40,Female,147,32,13,415,40048,4
53048,46,Female,162,19,7,76,41029,131
53049,47,Male,92,56,1,401,39426,51
53050,56,Male,123,5,10,246,8593,107
53051,61,Male,28,3,13,28,16060,177
53052,64,Male,150,28,4,296,43813,72
53053,42,Female,62,90,7,297,21336,70
53054,54,Female,155,87,6,216,18115,69
53055,64,Male,38,94,6,320,9781,8
53056,25,Male,93,72,11,112,41690,123
53057,59,Female,176,29,9,168,16281,136
53058,33,Female,65,77,7,204,18201,147
53059,25,Female,17,59,9,60,45301,112
53060,18,Female,142,25,6,387,38122,72
53061,61,Male,133,22,19,233,25140,8
53062,22,Female,72,97,14,211,47773,72
53063,20,Female,139,71,1,101,3571,7
53064,18,Female,127,23,16,164,11216,46
53065,21,Female,69,70,9,185,23143,150
53066,57,Male,133,79,15,119,17956,81
53067,52,Male,134,79,19,497,48002,172
53068,49,Male,94,40,10,308,11249,5
53069,59,Male,56,98,16,232,2437,153
53070,51,Male,35,14,3,188,36442,175
53071,60,Male,24,29,19,235,4644,171
53072,42,Female,71,16,13,462,21052,143
53073,27,Female,167,93,14,84,5958,159
53074,38,Female,70,87,7,80,36544,83
53075,63,Female,52,10,2,337,44522,44
53076,56,Male,100,47,14,218,45203,175
53077,44,Female,127,4,17,443,20559,140
53078,44,Male,126,12,13,454,9376,64
53079,19,Female,189,42,2,112,29858,23
53080,58,Female,68,98,5,50,5874,50
53081,65,Female,60,4,4,444,18110,125
53082,30,Male,18,84,3,343,28148,36
53083,26,Female,185,92,14,289,1236,139
53084,69,Male,76,92,11,39,27949,86
53085,53,Male,138,6,8,252,27020,175
53086,39,Female,142,14,9,61,26878,56
53087,59,Male,126,35,16,443,2430,69
53088,43,Male,99,47,3,66,17626,37
53089,29,Female,18,58,10,199,45618,138
53090,34,Female,79,65,1,88,40909,42
53091,31,Female,76,19,9,382,28880,158
53092,31,Female,104,57,16,446,43867,94
53093,51,Female,134,65,9,205,6368,22
53094,37,Female,144,13,12,470,34297,166
53095,28,Male,151,8,1,206,3855,56
53096,33,Female,199,18,16,40,38521,114
53097,68,Female,59,35,8,341,47276,122
53098,48,Male,160,87,14,39,38509,164
53099,23,Female,126,26,14,122,36873,78
53100,36,Male,190,38,10,147,1280,139
53101,54,Female,56,84,1,231,11997,135
53102,21,Female,55,66,6,483,36218,96
53103,64,Male,103,26,9,181,2315,82
53104,21,Female,56,57,19,399,20151,34
53105,37,Male,49,25,16,164,38088,63
53106,27,Female,180,30,19,285,8439,2
53107,41,Female,81,82,11,229,18024,135
53108,52,Male,55,7,11,285,12127,43
53109,43,Female,113,27,14,21,1144,95
53110,54,Female,64,11,7,94,19703,18
53111,55,Male,118,8,12,231,22656,148
53112,38,Female,100,11,5,58,10375,7
53113,57,Male,93,88,1,189,25130,52
53114,56,Female,59,30,11,19,3505,37
53115,38,Male,161,94,15,270,15545,98
53116,27,Female,120,15,10,329,34885,46
53117,55,Male,159,56,15,195,39737,103
53118,63,Male,136,35,13,238,45345,42
53119,21,Female,91,39,15,401,33336,60
53120,62,Female,70,24,2,167,27762,128
53121,37,Male,126,8,13,282,34160,104
53122,34,Female,107,43,12,332,45153,80
53123,24,Male,55,42,4,30,11394,78
53124,21,Female,184,84,12,25,10288,124
53125,46,Female,20,41,15,489,23928,32
53126,31,Male,112,47,13,292,47436,166
53127,20,Male,87,26,2,124,18137,167
53128,41,Female,182,52,16,15,19394,26
53129,54,Female,55,88,14,307,14976,30
53130,33,Female,23,22,2,409,44192,169
53131,69,Female,22,5,17,438,33079,103
53132,21,Female,186,15,16,268,20656,137
53133,41,Male,118,36,4,49,17647,32
53134,51,Female,27,63,11,285,34360,53
53135,47,Female,33,93,13,241,17781,135
53136,35,Male,112,79,6,16,33308,151
53137,36,Male,110,91,17,324,5215,81
53138,48,Male,63,49,1,404,35829,149
53139,36,Female,114,55,9,102,45451,76
53140,66,Male,96,72,18,317,14095,151
53141,63,Male,172,60,11,396,49080,69
53142,36,Male,80,57,14,30,30696,18
53143,39,Male,105,29,2,446,30008,37
53144,41,Female,73,19,11,489,12992,135
53145,62,Female,67,95,2,423,15630,61
53146,29,Female,66,73,4,496,39330,131
53147,47,Male,95,10,13,20,42700,1
53148,55,Male,173,10,6,474,6508,60
53149,48,Male,29,97,7,418,3784,134
53150,53,Male,135,89,3,59,31288,124
53151,36,Male,162,57,4,482,3719,71
53152,65,Male,19,54,3,274,47311,91
53153,62,Female,149,56,1,54,40755,31
53154,53,Female,32,68,19,294,9797,8
53155,47,Male,70,69,13,327,40517,119
53156,66,Female,89,87,14,280,2213,143
53157,50,Male,110,55,16,284,33415,7
53158,35,Male,128,69,4,408,18304,135
53159,69,Female,115,72,17,432,28643,161
53160,66,Male,187,81,10,44,13665,169
53161,45,Female,42,1,7,497,20677,135
53162,64,Male,64,12,13,150,233,20
53163,28,Male,16,35,13,153,49848,71
53164,62,Female,82,78,14,332,27687,178
53165,50,Male,142,82,6,254,1603,142
53166,34,Male,91,74,16,360,3419,118
53167,23,Male,38,79,9,320,8277,143
53168,21,Female,126,33,16,202,2910,138
53169,37,Male,190,83,12,44,26378,125
53170,65,Male,187,98,16,281,47194,65
53171,64,Male,133,25,5,394,45845,156
53172,44,Female,50,16,11,187,32687,98
53173,32,Female,16,8,1,279,38638,176
53174,23,Female,141,35,10,327,13164,3
53175,64,Female,119,85,11,400,21802,131
53176,31,Female,32,83,15,160,28488,75
53177,28,Male,191,46,3,108,30914,68
53178,56,Female,22,11,15,456,3802,167
53179,26,Female,29,61,11,38,22688,160
53180,43,Male,159,44,9,159,4296,16
53181,33,Female,37,11,2,217,35302,17
53182,22,Male,107,11,12,358,6316,139
53183,69,Female,169,22,16,271,15739,100
53184,27,Male,179,85,16,219,29810,32
53185,67,Male,63,91,1,422,1479,121
53186,20,Female,78,82,16,98,37917,118
53187,30,Female,48,62,6,246,249,155
53188,60,Male,32,48,14,257,38619,112
53189,66,Male,78,94,11,267,27440,98
53190,47,Male,120,63,1,201,42934,5
53191,62,Male,88,51,17,105,37014,89
53192,23,Male,116,45,19,45,16649,92
53193,34,Male,186,33,2,105,6739,146
53194,62,Male,31,85,14,498,21954,3
53195,68,Female,155,60,8,413,4423,28
53196,36,Male,66,2,6,448,27520,34
53197,59,Female,184,13,9,46,49539,86
53198,52,Female,78,66,5,243,5502,150
53199,63,Male,48,57,5,111,45833,117
53200,43,Male,109,43,18,490,28815,30
53201,68,Female,101,45,14,189,19472,48
53202,22,Male,116,31,12,334,21441,65
53203,46,Male,175,10,12,79,33634,147
53204,54,Female,154,23,6,415,42092,41
53205,37,Female,90,86,4,478,30998,93
53206,66,Female,33,29,15,476,5338,97
53207,38,Male,151,97,15,116,48805,81
53208,27,Male,88,31,17,280,36820,102
53209,22,Female,159,78,3,363,4340,178
53210,53,Male,64,74,10,56,49101,41
53211,23,Female,53,18,8,464,13733,123
53212,43,Male,183,11,9,474,43336,33
53213,21,Female,152,47,3,117,33585,82
53214,56,Male,26,3,1,373,46018,145
53215,56,Female,93,2,11,78,14144,84
53216,67,Male,29,54,13,317,32173,174
53217,52,Male,42,72,12,432,12385,90
53218,18,Female,146,31,7,11,2644,71
53219,41,Male,50,8,2,228,10714,105
53220,53,Male,133,43,1,54,20817,57
53221,23,Female,79,48,3,417,1550,20
53222,58,Male,112,2,4,242,27606,169
53223,63,Male,61,22,17,198,47518,75
53224,61,Male,95,5,18,376,18859,38
53225,48,Female,53,7,17,357,22834,27
53226,37,Female,52,20,19,131,34885,137
53227,41,Female,58,92,4,74,10469,166
53228,42,Female,193,77,17,446,808,113
53229,53,Female,111,2,2,381,25544,153
53230,38,Male,138,32,10,158,11321,14
53231,47,Male,40,90,12,258,48850,37
53232,41,Female,178,3,13,392,40034,178
53233,61,Male,111,41,11,485,35357,92
53234,59,Male,15,42,8,76,367,170
53235,47,Male,67,77,5,359,48538,54
53236,39,Male,20,85,2,394,39743,125
53237,45,Female,51,45,12,68,3456,163
53238,24,Female,16,87,2,124,2679,123
53239,52,Male,137,71,6,125,24175,31
53240,45,Male,83,17,19,246,42139,98
53241,31,Female,183,92,12,56,27210,123
53242,27,Male,193,47,13,118,35784,174
53243,33,Male,189,94,17,283,9182,145
53244,33,Male,27,69,12,122,45997,113
53245,48,Female,83,24,3,42,44346,85
53246,59,Female,80,71,8,408,36969,90
53247,42,Male,73,34,16,289,10840,92
53248,30,Male,82,50,4,301,40439,128
53249,23,Male,73,42,13,325,44834,22
53250,61,Male,131,33,8,171,7940,169
53251,26,Male,24,27,1,99,25902,3
53252,62,Male,155,78,3,60,38994,92
53253,53,Female,144,59,1,433,21334,63
53254,60,Female,29,19,15,415,11553,66
53255,37,Male,60,76,18,153,11581,46
53256,35,Female,199,3,3,113,40274,136
53257,60,Male,152,71,15,179,15438,39
53258,38,Male,164,99,5,25,41911,153
53259,21,Female,103,25,10,142,46796,94
53260,67,Female,91,15,7,399,17816,47
53261,50,Male,150,83,8,179,14622,162
53262,44,Male,163,60,3,481,42018,68
53263,24,Female,164,83,18,39,29838,57
53264,23,Female,124,23,17,494,48190,153
53265,32,Male,111,11,16,169,4928,87
53266,35,Male,59,59,13,446,24229,62
53267,49,Male,105,85,4,156,40247,39
53268,28,Female,182,34,3,316,18584,114
53269,37,Male,128,7,11,246,30289,122
53270,41,Female,164,44,2,421,22590,135
53271,32,Male,172,91,18,184,33207,95
53272,65,Female,87,64,4,81,24023,6
53273,24,Female,187,23,17,393,2390,123
53274,38,Female,49,58,6,372,48257,83
53275,59,Female,56,20,10,136,37659,19
53276,43,Male,147,27,11,394,2215,175
53277,61,Female,41,60,5,205,21954,19
53278,31,Female,46,8,18,194,16746,34
53279,54,Female,150,67,10,159,41509,171
53280,38,Male,117,2,9,223,230,141
53281,35,Male,99,22,16,103,6801,164
53282,22,Male,160,70,10,67,24589,25
53283,20,Male,92,36,10,228,43298,97
53284,40,Male,157,24,4,228,18759,56
53285,43,Male,168,12,14,22,21649,21
53286,54,Female,195,81,8,432,17431,34
53287,41,Female,58,22,1,292,24476,110
53288,66,Female,46,83,16,432,49860,25
53289,36,Male,42,73,17,495,29616,82
53290,68,Female,181,76,10,386,45995,107
53291,42,Female,174,96,6,465,8177,11
53292,38,Male,91,95,7,149,37300,19
53293,29,Female,32,81,18,417,14494,177
53294,58,Male,117,23,2,283,9404,177
53295,50,Female,84,74,9,128,19608,162
53296,67,Male,133,63,5,280,36038,130
53297,21,Male,153,30,8,453,17658,30
53298,59,Male,174,19,5,409,22552,109
53299,24,Female,162,26,15,106,49820,38
53300,39,Female,111,90,8,339,21067,15
53301,50,Male,182,11,5,56,23813,75
53302,34,Male,150,20,5,161,13854,60
53303,41,Female,49,56,17,182,23904,132
53304,51,Female,83,45,9,284,17319,83
53305,45,Male,140,68,2,356,8333,14
53306,60,Female,113,47,1,246,30960,114
53307,58,Female,92,76,11,434,16237,81
53308,56,Female,163,89,15,40,22405,8
53309,39,Male,125,58,1,222,44016,77
53310,66,Male,166,10,7,281,22260,93
53311,34,Female,31,22,19,416,16279,111
53312,51,Male,160,71,15,87,21061,139
53313,23,Female,154,24,6,288,16679,80
53314,63,Female,158,66,10,50,9303,50
53315,23,Male,18,96,12,155,29658,87
53316,51,Male,176,85,13,429,37356,76
53317,18,Male,106,61,15,21,11698,38
53318,27,Female,188,7,19,257,21020,152
53319,38,Female,89,72,17,238,9110,95
53320,22,Male,173,38,13,340,44164,166
53321,19,Male,167,21,2,462,23599,125
53322,39,Male,117,8,18,188,23958,65
53323,65,Female,38,89,11,350,7858,90
53324,19,Female,79,28,5,169,43588,17
53325,27,Female,131,92,4,230,32084,100
53326,51,Male,167,54,2,336,15465,145
53327,33,Male,170,31,16,173,20265,27
53328,65,Female,178,89,7,177,40158,89
53329,68,Male,96,41,8,391,47667,25
53330,56,Male,20,37,8,228,32705,102
53331,39,Male,80,38,2,79,11611,96
53332,29,Male,81,51,15,431,43773,177
53333,41,Female,86,76,5,447,32897,58
53334,64,Male,109,37,19,269,15362,124
53335,57,Female,62,31,10,439,6235,1
53336,55,Female,84,62,9,72,22710,141
53337,27,Male,92,18,8,492,47125,21
53338,52,Female,81,90,5,467,6328,1
53339,68,Female,190,6,19,255,27041,159
53340,66,Male,79,9,13,495,38946,61
53341,49,Female,186,11,14,59,15017,3
53342,24,Female,77,95,8,295,20644,157
53343,38,Female,60,2,16,243,48743,176
53344,37,Female,161,29,5,466,3184,82
53345,43,Female,87,51,1,25,19380,25
53346,21,Female,85,69,19,445,5644,162
53347,63,Female,124,23,19,13,37899,18
53348,69,Female,192,7,17,291,20510,28
53349,39,Male,77,56,10,166,4008,4
53350,32,Male,55,77,5,229,8880,119
53351,57,Male,21,62,7,404,46687,116
53352,38,Female,151,74,16,357,40279,149
53353,32,Female,18,80,3,373,23527,70
53354,39,Female,103,15,12,489,27034,21
53355,69,Male,191,53,14,417,19297,94
53356,45,Male,148,43,1,60,26026,148
53357,31,Male,96,83,7,51,6318,126
53358,44,Female,35,85,18,432,38681,169
53359,58,Male,157,35,4,144,28736,121
53360,57,Male,142,79,16,283,14907,128
53361,45,Female,198,14,11,268,25767,31
53362,43,Male,119,93,18,200,25175,100
53363,66,Female,118,69,16,265,12796,153
53364,19,Male,82,49,7,245,37067,69
53365,42,Female,174,18,3,285,26343,17
53366,20,Female,124,51,5,363,4017,148
53367,25,Female,171,1,18,487,27049,45
53368,61,Female,80,27,17,82,6682,111
53369,50,Female,176,64,1,83,9517,50
53370,59,Male,41,60,16,132,22484,179
53371,69,Female,74,91,15,79,36291,120
53372,52,Female,132,89,13,410,40614,161
53373,23,Female,181,41,7,88,11891,98
53374,56,Female,58,21,3,490,1765,116
53375,69,Male,50,14,13,257,42078,123
53376,40,Female,33,20,16,196,21203,29
53377,42,Male,105,92,1,447,16050,150
53378,67,Female,59,85,1,150,40335,3
53379,60,Female,163,87,16,307,4319,6
53380,36,Male,165,11,2,53,48066,168
53381,22,Male,169,66,18,256,18238,76
53382,68,Male,112,84,18,479,42773,5
53383,28,Female,33,24,5,345,48762,3
53384,29,Male,55,89,5,235,441,4
53385,27,Female,40,37,8,76,4532,5
53386,25,Male,42,86,9,465,36037,57
53387,41,Male,78,24,14,285,41453,99
53388,45,Female,82,15,13,262,48675,170
53389,58,Male,94,12,18,312,13598,83
53390,53,Male,65,95,4,289,37273,156
53391,54,Female,116,64,18,188,25563,55
53392,38,Female,190,31,15,411,18860,166
53393,25,Female,24,53,7,288,45665,23
53394,26,Male,181,94,13,138,44474,135
53395,64,Male,114,84,2,388,48073,38
53396,32,Male,136,72,9,124,12945,109
53397,65,Male,161,44,5,331,35569,85
53398,63,Male,78,30,1,398,10223,37
53399,57,Female,138,35,19,283,14416,134
53400,35,Male,33,21,19,473,25161,138
53401,59,Female,90,63,13,211,30307,155
53402,37,Male,76,92,6,126,49879,116
53403,23,Female,155,17,10,486,34379,106
53404,29,Male,39,12,11,44,20781,57
53405,19,Male,103,18,16,418,16973,92
53406,24,Female,106,92,1,115,9617,16
53407,33,Male,56,60,19,258,20222,114
53408,20,Female,131,67,5,161,3992,59
53409,62,Male,53,15,6,150,17424,156
53410,20,Male,172,16,6,414,42537,3
53411,44,Female,147,22,5,499,30651,117
53412,67,Male,95,95,6,304,434,158
53413,60,Female,160,63,13,171,49465,19
53414,57,Male,121,31,1,156,15517,97
53415,55,Male,125,1,1,421,22663,136
53416,50,Male,35,75,14,265,3338,19
53417,45,Male,64,6,8,100,17392,36
53418,18,Male,135,87,9,379,5359,112
53419,25,Male,148,9,10,227,49762,60
53420,54,Male,64,52,6,148,28862,34
53421,49,Female,129,80,9,186,38652,155
53422,65,Male,15,62,18,300,42220,167
53423,60,Male,199,58,15,349,266,42
53424,54,Male,44,19,4,85,6746,42
53425,21,Female,121,13,2,66,14185,88
53426,47,Female,194,32,6,37,8387,176
53427,23,Male,179,9,17,331,22537,159
53428,63,Male,62,49,7,330,12369,22
53429,36,Male,101,37,15,466,46331,87
53430,49,Female,143,31,2,159,10865,41
53431,26,Male,33,31,12,316,4504,24
53432,29,Female,60,59,10,497,34978,168
53433,28,Male,144,55,17,356,16200,160
53434,63,Female,70,19,18,402,48505,51
53435,33,Female,159,63,16,208,34856,33
53436,18,Male,106,2,10,173,31965,28
53437,62,Male,96,45,8,191,16952,90
53438,38,Male,93,96,13,249,1962,82
53439,47,Male,164,43,16,431,17577,122
53440,30,Male,119,98,8,251,17771,79
53441,51,Male,41,1,12,75,49728,102
53442,21,Male,69,85,17,180,202,22
53443,45,Female,174,61,16,142,27965,18
53444,55,Male,74,3,9,90,963,2
53445,48,Male,123,91,19,174,48722,94
53446,44,Female,170,44,17,451,25041,89
53447,22,Male,170,7,8,72,35450,154
53448,42,Male,134,33,12,364,11121,39
53449,20,Male,167,9,9,60,19424,17
53450,50,Male,99,30,6,81,21930,16
53451,21,Female,100,18,10,52,19007,155
53452,42,Female,131,56,9,332,21965,177
53453,37,Male,168,90,4,460,27189,131
53454,51,Male,122,84,11,330,13254,42
53455,43,Female,89,31,6,327,2675,63
53456,22,Male,133,72,18,225,39017,29
53457,52,Female,159,63,4,200,42224,130
53458,45,Female,21,87,12,167,6197,107
53459,46,Female,198,50,9,499,40392,104
53460,26,Male,162,89,15,99,6986,14
53461,69,Male,180,1,9,431,46381,12
53462,55,Male,89,82,6,113,21922,24
53463,67,Female,72,19,11,60,11284,28
53464,23,Male,30,64,7,263,21618,146
53465,36,Male,193,53,14,116,4665,101
53466,61,Female,41,6,16,303,5146,134
53467,28,Male,65,17,15,245,10714,30
53468,19,Male,89,46,9,332,30989,34
53469,64,Male,158,72,19,342,41206,156
53470,61,Female,101,73,12,365,3861,75
53471,61,Male,137,55,11,114,2764,16
53472,26,Female,90,91,8,264,5127,154
53473,38,Female,54,6,3,313,43826,159
53474,41,Female,81,70,19,405,17339,27
53475,51,Male,144,68,3,29,48263,112
53476,39,Male,116,86,3,368,34420,49
53477,20,Male,190,40,6,81,6379,137
53478,29,Female,194,91,11,126,17488,26
53479,45,Female,166,66,14,376,2654,6
53480,47,Male,107,9,2,139,20071,135
53481,43,Female,124,11,12,468,37028,13
53482,65,Male,96,20,16,129,22388,177
53483,38,Male,92,43,3,222,47715,10
53484,45,Male,16,58,16,238,44923,43
53485,43,Male,79,78,10,192,41938,110
53486,50,Male,34,26,5,143,47194,177
53487,38,Male,48,38,13,348,13319,112
53488,52,Male,55,94,12,487,24072,101
53489,69,Female,183,36,1,240,46352,18
53490,51,Male,37,99,11,393,24320,11
53491,58,Female,52,55,19,373,34569,10
53492,68,Female,186,6,15,455,29515,156
53493,64,Male,81,3,18,442,29284,53
53494,35,Female,76,65,16,493,4043,54
53495,28,Female,154,64,7,349,48712,153
53496,40,Female,44,58,10,447,3875,6
53497,65,Male,101,58,16,255,12249,106
53498,39,Male,183,18,17,403,33973,139
53499,34,Male,162,23,7,417,431,33
53500,22,Male,132,96,11,261,12045,69
53501,61,Male,20,29,17,234,23160,96
53502,28,Female,89,23,5,166,49342,174
53503,47,Female,146,36,1,128,16430,88
53504,32,Male,107,70,3,103,18717,55
53505,44,Female,24,81,16,237,28612,51
53506,52,Female,65,82,15,374,48357,25
53507,50,Female,107,95,4,399,18274,105
53508,37,Female,52,6,12,195,17807,23
53509,33,Male,143,34,1,343,37938,178
53510,51,Male,150,44,17,194,18787,46
53511,19,Male,116,44,15,396,48060,172
53512,52,Female,95,27,10,289,9289,141
53513,57,Female,97,52,11,412,47835,176
53514,45,Male,175,42,18,239,8082,145
53515,64,Male,157,25,2,491,26645,14
53516,56,Female,45,74,6,274,41311,158
53517,23,Male,35,39,16,167,32020,105
53518,26,Male,145,39,7,361,16755,122
53519,37,Female,140,12,19,86,5724,158
53520,18,Female,49,11,12,91,34397,33
53521,25,Male,183,3,18,437,21441,120
53522,40,Female,158,22,10,190,22401,31
53523,20,Male,198,4,7,351,20017,23
53524,21,Female,59,8,4,205,36167,115
53525,42,Female,73,14,17,69,10290,54
53526,64,Male,192,84,17,160,32466,175
53527,55,Female,26,88,4,70,17943,177
53528,32,Male,154,14,5,144,40400,84
53529,38,Female,47,92,1,437,31114,56
53530,52,Male,191,16,19,448,47037,92
53531,63,Female,35,32,11,340,16683,8
53532,69,Female,74,64,1,48,46843,150
53533,31,Male,66,76,8,262,20026,62
53534,53,Female,196,16,4,387,13396,54
53535,29,Male,181,52,15,452,26696,163
53536,34,Female,191,19,17,115,49938,119
53537,56,Female,137,69,18,242,11359,108
53538,26,Male,120,12,3,363,27980,88
53539,52,Female,114,93,18,398,49607,15
53540,30,Female,168,5,7,179,17304,114
53541,32,Male,85,42,17,226,18584,5
53542,35,Female,149,17,18,357,35975,17
53543,68,Male,76,72,8,23,14166,92
53544,50,Male,102,94,11,420,27403,117
53545,23,Male,38,10,3,25,31997,131
53546,44,Female,54,84,7,228,13896,147
53547,40,Female,90,16,15,395,27065,102
53548,44,Male,189,16,10,412,22774,165
53549,51,Female,150,42,12,416,45370,149
53550,63,Male,196,3,12,178,38080,101
53551,55,Female,23,23,19,23,18315,51
53552,31,Male,17,86,19,440,1780,54
53553,53,Male,196,28,15,252,36194,139
53554,25,Female,35,45,5,328,26772,158
53555,52,Male,109,68,13,483,4790,90
53556,36,Male,190,24,9,17,18436,113
53557,47,Female,189,19,10,292,16665,171
53558,31,Male,30,75,8,120,3212,36
53559,37,Male,121,40,9,49,23776,90
53560,66,Female,107,46,6,421,5501,120
53561,42,Male,147,40,18,77,25973,91
53562,57,Male,153,62,10,132,36080,154
53563,41,Male,171,18,15,326,39556,98
53564,31,Male,93,12,13,175,24146,60
53565,43,Male,84,14,11,212,24691,90
53566,55,Male,62,82,2,137,5581,22
53567,40,Male,29,61,8,373,47035,24
53568,39,Male,48,12,18,161,35072,140
53569,65,Female,74,27,3,421,40694,75
53570,36,Male,16,6,3,434,42758,60
53571,63,Male,94,88,7,155,17528,149
53572,68,Female,33,33,18,58,24669,80
53573,20,Male,63,80,9,478,8970,164
53574,59,Male,92,50,18,419,9306,7
53575,36,Male,42,12,1,12,46974,53
53576,26,Male,62,95,4,260,24937,156
53577,45,Male,110,57,4,86,974,24
53578,37,Male,179,53,17,431,256,53
53579,62,Female,191,13,2,229,23255,13
53580,24,Female,123,72,15,407,40194,78
53581,31,Female,190,3,13,394,25965,95
53582,26,Female,87,64,9,357,32848,72
53583,36,Female,114,84,7,388,745,1
53584,64,Male,43,58,12,237,30965,104
53585,69,Male,171,4,12,127,37874,115
53586,31,Male,72,45,14,276,42573,81
53587,55,Male,62,66,15,244,6595,41
53588,53,Male,37,36,1,177,14701,13
53589,57,Female,41,23,9,269,27191,175
53590,34,Female,21,19,16,427,45243,27
53591,47,Male,63,40,9,202,3588,123
53592,26,Male,196,72,16,193,11021,40
53593,50,Male,123,16,2,19,771,160
53594,69,Female,82,58,10,346,18324,76
53595,42,Female,184,18,18,336,49077,171
53596,31,Male,186,36,13,368,36895,52
53597,28,Female,168,24,2,457,16931,80
53598,52,Male,165,1,13,150,17428,34
53599,58,Female,87,1,3,31,19249,134
53600,31,Female,115,64,15,321,4792,48
53601,47,Male,22,62,3,387,31430,146
53602,58,Female,67,36,10,202,10891,81
53603,21,Female,156,75,6,101,16799,167
53604,21,Male,149,18,14,106,39581,7
53605,45,Female,151,16,9,150,44060,6
53606,25,Male,17,17,18,266,8677,53
53607,19,Female,92,24,8,47,8252,1
53608,58,Male,159,98,6,256,3259,29
53609,63,Male,186,68,15,265,28997,92
53610,39,Female,100,99,14,451,33018,103
53611,58,Female,60,79,15,418,38506,123
53612,33,Male,104,2,6,307,34693,102
53613,46,Female,170,95,12,94,15610,98
53614,66,Female,156,73,10,426,37534,177
53615,65,Female,23,10,19,450,11695,59
53616,47,Male,129,53,8,46,8057,141
53617,29,Male,168,89,5,194,43877,45
53618,52,Male,144,51,10,107,8026,174
53619,28,Female,89,69,11,327,13991,122
53620,63,Female,95,14,14,396,4733,23
53621,67,Male,142,66,14,39,19906,32
53622,38,Male,48,82,2,460,27165,72
53623,38,Female,161,93,17,200,48459,111
53624,22,Female,53,53,15,347,17107,75
53625,65,Female,27,84,3,288,25430,141
53626,37,Female,147,64,3,465,37569,53
53627,54,Male,64,72,3,210,19537,20
53628,20,Female,37,49,3,331,18692,129
53629,61,Female,136,90,18,198,43098,57
53630,50,Male,134,62,6,267,34172,66
53631,26,Male,102,37,14,164,37050,139
53632,26,Female,171,49,3,441,23040,46
53633,21,Male,126,68,1,496,28838,30
53634,52,Female,125,33,10,328,3534,7
53635,34,Female,86,22,13,237,911,152
53636,51,Male,168,70,9,14,9304,95
53637,41,Male,71,33,2,138,5910,176
53638,49,Female,15,28,10,415,30551,43
53639,18,Male,170,88,12,83,42894,79
53640,25,Female,127,4,19,374,16177,36
53641,62,Female,76,66,3,33,43296,129
53642,40,Female,61,77,19,324,33299,7
53643,64,Male,92,49,1,472,48758,44
53644,57,Female,120,11,15,490,4034,61
53645,29,Female,173,35,13,443,49145,26
53646,29,Female,140,39,7,288,9099,107
53647,63,Male,191,10,2,215,40178,107
53648,64,Female,19,74,11,155,25196,121
53649,32,Female,45,72,16,98,6004,158
53650,58,Female,51,69,14,31,7933,1
53651,36,Male,93,23,15,309,33220,63
53652,43,Female,157,34,19,53,9390,15
53653,69,Female,66,32,7,46,14322,55
53654,46,Male,153,16,9,16,6027,57
53655,39,Male,57,68,4,483,20139,117
53656,57,Female,165,54,6,289,8684,20
53657,38,Female,54,28,10,470,27557,150
53658,68,Female,77,60,3,178,7752,89
53659,55,Male,144,78,1,79,47319,178
53660,37,Male,101,76,6,222,49388,117
53661,46,Female,87,60,5,80,1644,164
53662,68,Male,189,85,15,411,22606,165
53663,21,Female,118,80,11,216,24488,174
53664,24,Female,172,44,13,81,7993,119
53665,45,Male,30,2,6,325,6877,155
53666,45,Female,73,23,5,189,40829,147
53667,21,Male,61,93,2,217,25698,83
53668,39,Male,130,46,17,186,13468,16
53669,29,Female,172,73,12,204,10834,54
53670,62,Male,123,54,12,310,6620,95
53671,20,Female,23,71,14,402,4578,162
53672,39,Male,79,93,7,381,18246,79
53673,61,Female,73,81,14,248,1198,179
53674,19,Female,116,9,7,163,28957,36
53675,41,Female,150,70,9,163,4502,127
53676,51,Male,137,44,14,39,8030,90
53677,44,Female,194,84,17,36,47866,94
53678,58,Male,160,74,17,473,19108,159
53679,18,Male,105,73,13,249,47022,89
53680,25,Male,110,12,18,252,6935,132
53681,40,Male,72,97,19,141,33098,12
53682,55,Male,191,32,17,188,45391,61
53683,23,Female,46,34,6,348,11809,147
53684,39,Male,62,83,12,107,43377,119
53685,42,Female,59,33,6,335,34154,9
53686,35,Female,196,64,3,246,37262,25
53687,34,Male,114,48,15,344,41103,54
53688,29,Female,114,16,3,147,23799,112
53689,23,Female,60,50,15,127,24573,175
53690,43,Male,173,23,1,115,11204,41
53691,44,Female,179,26,3,45,42677,179
53692,25,Male,158,54,5,55,29419,50
53693,36,Male,188,44,14,113,49357,117
53694,59,Male,140,37,4,399,2350,135
53695,18,Female,60,9,9,373,23426,27
53696,46,Female,135,94,18,369,14344,176
53697,62,Female,102,13,10,79,26489,111
53698,66,Female,75,60,8,216,21106,55
53699,52,Male,60,80,13,230,12658,107
53700,57,Male,193,2,2,98,38776,134
53701,31,Female,177,95,7,476,31635,163
53702,52,Male,95,60,11,471,28194,160
53703,65,Female,184,57,5,12,8092,6
53704,62,Male,59,43,18,443,5753,18
53705,37,Male,132,19,8,307,20188,159
53706,66,Male,61,11,10,375,27423,52
53707,30,Male,172,78,2,471,28372,144
53708,55,Male,166,47,3,447,31345,81
53709,66,Female,185,89,5,240,7354,133
53710,63,Female,176,63,16,432,40107,145
53711,66,Male,37,7,10,478,15679,159
53712,25,Female,75,79,11,127,20566,16
53713,60,Male,179,94,19,320,377,21
53714,37,Male,27,31,16,404,48456,169
53715,50,Male,21,88,12,123,11002,39
53716,43,Male,184,55,2,211,37481,37
53717,56,Female,180,25,11,472,41713,169
53718,38,Male,194,72,1,39,44549,53
53719,66,Female,186,30,5,373,7974,74
53720,59,Male,155,36,14,256,16825,32
53721,60,Male,42,50,18,90,28775,25
53722,58,Female,110,14,7,255,42539,64
53723,26,Male,121,29,5,193,9988,161
53724,41,Male,112,27,8,422,40996,103
53725,54,Female,126,50,15,282,13949,102
53726,66,Female,15,36,5,42,46721,38
53727,58,Female,57,34,13,111,10396,92
53728,34,Male,56,21,19,286,31327,79
53729,41,Male,109,38,2,120,1500,136
53730,38,Female,192,75,5,215,40891,1
53731,68,Female,143,97,5,275,24062,59
53732,56,Male,65,79,6,499,39641,35
53733,58,Male,158,76,16,224,30791,16
53734,56,Female,181,88,2,112,44944,142
53735,30,Female,29,50,5,304,23227,5
53736,28,Female,139,37,15,87,37255,80
53737,63,Female,175,75,1,184,14584,21
53738,36,Male,101,19,19,351,39205,58
53739,28,Male,67,1,3,61,21610,57
53740,30,Male,159,81,19,306,26548,139
53741,63,Male,103,40,15,485,36773,71
53742,62,Female,120,55,3,184,2414,121
53743,18,Male,20,80,8,466,31173,136
53744,57,Female,45,26,15,352,24832,142
53745,61,Male,54,43,1,208,16821,177
53746,36,Male,172,59,6,97,932,108
53747,29,Male,83,51,17,180,47893,161
53748,25,Female,149,15,16,46,22747,152
53749,25,Male,27,8,13,132,20473,38
53750,62,Female,18,94,1,210,35792,79
53751,29,Female,192,14,3,73,2654,50
53752,65,Male,17,97,6,495,29687,89
53753,50,Female,154,7,3,464,30889,64
53754,62,Male,79,18,15,197,22807,125
53755,43,Female,41,12,15,224,45465,130
53756,56,Male,121,2,11,418,11775,167
53757,45,Female,64,50,6,384,41136,142
53758,22,Female,31,93,6,252,2624,140
53759,25,Male,46,21,9,159,39151,81
53760,42,Male,193,7,14,436,16669,78
53761,44,Male,31,91,11,133,34984,179
53762,63,Male,48,12,6,464,30785,10
53763,40,Female,49,84,18,207,11878,44
53764,47,Female,166,57,15,45,5901,40
53765,62,Female,196,78,9,311,20298,109
53766,64,Female,160,74,11,287,45899,70
53767,40,Male,64,23,2,44,42431,31
53768,66,Female,188,30,6,122,15202,37
53769,64,Male,190,58,14,184,28589,171
53770,37,Female,117,95,14,42,48556,109
53771,35,Male,47,52,13,222,18992,97
53772,35,Male,103,56,5,212,48171,71
53773,19,Male,169,10,9,406,29621,38
53774,21,Male,143,19,11,263,22902,8
53775,47,Male,99,19,7,65,7171,34
53776,50,Female,73,87,2,332,19435,145
53777,53,Male,24,59,12,22,34365,17
53778,35,Female,167,44,5,59,10357,94
53779,54,Female,71,59,2,257,37124,82
53780,36,Male,80,96,14,242,1730,53
53781,64,Female,133,84,7,450,974,143
53782,45,Female,126,4,5,491,8185,64
53783,57,Female,29,97,4,37,8507,109
53784,37,Male,170,65,10,113,7542,57
53785,66,Male,27,13,16,363,30319,148
53786,50,Male,128,67,6,105,21831,61
53787,29,Male,132,12,6,352,48332,25
53788,68,Female,156,93,9,353,17933,78
53789,32,Female,128,55,1,202,46478,27
53790,58,Female,48,61,16,417,48558,175
53791,56,Female,115,95,17,460,19431,99
53792,19,Female,39,41,13,134,40982,28
53793,46,Female,126,36,6,90,826,134
53794,58,Male,68,2,2,16,30228,41
53795,27,Female,26,22,8,339,38929,59
53796,19,Female,140,22,4,92,31343,78
53797,68,Female,151,41,9,33,46592,49
53798,28,Male,45,95,7,402,45778,108
53799,30,Female,92,14,1,123,24175,100
53800,27,Female,67,93,14,24,26998,5
53801,31,Male,126,35,2,122,27721,11
53802,35,Female,57,50,8,449,14459,86
53803,68,Male,180,9,11,387,10813,40
53804,26,Male,56,96,5,351,19641,114
53805,56,Female,138,59,18,259,6067,70
53806,45,Female,190,56,12,154,29314,167
53807,20,Male,81,91,19,28,23789,70
53808,37,Female,80,10,5,18,11223,110
53809,23,Female,158,25,7,329,22591,20
53810,44,Male,97,45,2,194,28703,132
53811,19,Male,108,97,17,47,9411,13
53812,46,Female,119,11,13,220,32706,49
53813,55,Male,158,9,11,401,2206,76
53814,20,Female,45,7,5,143,42722,9
53815,33,Female,132,71,13,442,9233,59
53816,47,Female,42,34,13,111,35171,116
53817,57,Female,18,83,8,438,15264,3
53818,19,Male,152,20,11,158,32104,11
53819,34,Female,193,89,8,102,28675,5
53820,58,Male,32,5,10,299,3397,163
53821,29,Female,61,93,11,149,42869,113
53822,52,Female,174,55,1,304,38634,152
53823,60,Male,172,91,7,361,23990,82
53824,18,Female,178,89,8,271,42224,125
53825,62,Male,23,15,6,90,45441,134
53826,32,Male,178,48,14,41,19092,86
53827,43,Female,43,4,7,197,34686,42
53828,54,Female,158,78,3,145,30284,43
53829,38,Female,106,81,2,175,11724,142
53830,66,Female,163,21,18,486,15965,25
53831,48,Male,78,80,3,488,2793,18
53832,42,Female,125,90,14,156,33666,152
53833,40,Female,138,9,18,254,7768,106
53834,41,Female,124,66,13,192,24912,1
53835,55,Female,132,79,8,18,1425,15
53836,45,Female,170,35,4,445,13380,34
53837,38,Male,197,88,15,165,35670,2
53838,60,Female,114,51,12,327,35172,164
53839,35,Male,45,78,14,185,2428,151
53840,53,Female,175,37,7,123,10848,152
53841,52,Female,183,6,12,252,5148,110
53842,62,Female,95,82,9,176,31896,160
53843,26,Male,60,86,10,497,20386,51
53844,55,Female,63,82,8,446,3299,46
53845,47,Male,56,51,2,232,28510,141
53846,61,Male,165,66,16,200,46126,97
53847,51,Female,126,96,18,284,45867,106
53848,49,Male,41,17,10,298,18122,14
53849,20,Female,174,65,6,73,41761,17
53850,20,Female,102,9,6,291,43224,122
53851,45,Male,135,13,13,182,31768,144
53852,61,Female,17,58,19,266,7178,160
53853,32,Female,74,30,17,212,12298,107
53854,58,Male,93,31,2,459,33513,12
53855,40,Male,159,23,18,428,38900,131
53856,57,Male,46,63,7,86,39171,75
53857,28,Male,21,28,14,112,41343,43
53858,65,Male,85,59,15,235,17972,133
53859,49,Male,142,10,8,235,14440,175
53860,53,Female,72,89,9,236,18041,27
53861,50,Male,182,90,11,105,11662,127
53862,41,Male,126,26,3,438,19384,56
53863,56,Female,62,77,14,85,36271,104
53864,51,Female,193,17,8,42,26229,80
53865,45,Male,199,40,3,91,44795,68
53866,54,Male,125,68,18,78,23870,91
53867,24,Female,85,23,14,348,36254,15
53868,21,Male,179,35,8,424,7689,147
53869,54,Male,89,75,17,228,17756,26
53870,18,Female,88,76,8,457,15967,173
53871,18,Male,135,9,5,371,1911,10
53872,64,Female,69,79,12,367,38464,98
53873,37,Male,55,45,2,379,25556,102
53874,36,Female,111,37,17,408,24071,154
53875,46,Female,162,69,13,311,17612,136
53876,27,Female,47,19,14,129,45883,80
53877,35,Male,182,75,9,57,35218,32
53878,45,Female,48,73,9,77,48364,21
53879,52,Male,76,99,9,348,4583,96
53880,60,Female,33,27,6,94,7651,45
53881,64,Female,185,13,12,391,42228,12
53882,48,Female,24,57,10,433,25059,176
53883,44,Male,134,60,5,386,37645,103
53884,28,Male,137,12,18,394,36456,74
53885,66,Female,118,9,7,285,29143,70
53886,66,Male,155,92,13,265,3412,37
53887,55,Male,19,77,1,415,1116,112
53888,22,Male,72,84,6,447,25346,159
53889,25,Female,73,77,8,214,27575,131
53890,51,Male,142,27,9,242,11630,69
53891,65,Female,100,90,7,74,30517,98
53892,69,Female,118,63,10,408,39237,33
53893,29,Female,157,93,8,326,12959,36
53894,55,Male,143,29,2,88,39010,3
53895,18,Female,52,22,18,23,41780,131
53896,48,Male,121,73,15,334,29548,106
53897,21,Male,123,88,6,387,14905,28
53898,66,Female,67,19,14,314,25546,137
53899,62,Female,66,38,18,399,39699,26
53900,67,Female,15,95,3,178,30926,157
53901,22,Male,25,39,1,168,11739,10
53902,47,Male,72,15,1,125,49416,155
53903,41,Female,142,54,14,355,3898,109
53904,20,Female,182,32,1,201,33169,62
53905,28,Male,58,46,1,354,4437,96
53906,62,Male,20,61,4,444,16534,146
53907,21,Female,170,93,12,452,19753,86
53908,43,Male,173,52,15,192,3064,145
53909,44,Male,22,34,4,382,39328,49
53910,63,Male,19,73,10,387,15526,154
53911,60,Male,120,35,11,442,48913,5
53912,44,Male,196,70,6,240,5612,73
53913,59,Male,126,37,10,177,9549,44
53914,68,Female,31,78,12,24,39395,152
53915,67,Male,180,61,3,463,33069,121
53916,23,Female,23,49,15,202,33344,7
53917,32,Female,92,9,16,242,8597,20
53918,47,Male,28,19,10,272,12116,108
53919,59,Female,168,87,11,455,15572,147
53920,54,Female,127,28,16,63,43217,64
53921,54,Female,105,80,17,189,36631,43
53922,59,Male,39,26,14,444,46446,44
53923,54,Female,178,38,16,13,22878,153
53924,52,Male,112,40,14,266,34028,17
53925,40,Female,175,25,6,370,22147,39
53926,23,Female,17,99,10,331,48669,153
53927,21,Female,153,69,17,249,5324,99
53928,35,Female,126,71,10,491,42049,39
53929,26,Male,160,23,10,172,30121,39
53930,66,Female,61,89,14,470,18146,16
53931,46,Female,186,65,17,346,19779,53
53932,30,Male,64,22,9,147,45658,106
53933,64,Male,171,64,15,460,31858,157
53934,69,Male,138,68,7,333,33778,10
53935,34,Female,104,58,2,482,9450,2
53936,62,Male,81,28,4,238,26036,141
53937,49,Male,16,78,18,111,30363,2
53938,65,Male,167,97,11,486,27322,170
53939,39,Male,161,68,5,202,10238,14
53940,21,Male,182,75,8,316,4612,51
53941,22,Male,16,96,5,39,4598,108
53942,54,Female,79,4,2,304,42285,49
53943,58,Male,105,1,5,256,28436,166
53944,66,Female,196,26,3,403,857,162
53945,30,Male,187,33,12,230,33020,29
53946,51,Male,130,81,19,181,45600,111
53947,62,Male,63,27,7,169,17692,124
53948,39,Female,83,42,19,181,33954,64
53949,40,Male,180,69,4,72,22610,23
53950,68,Male,146,71,14,70,8602,23
53951,20,Male,159,64,19,74,33743,16
53952,59,Male,140,25,18,178,9306,44
53953,51,Female,195,72,7,90,45438,60
53954,49,Female,67,98,15,256,24023,109
53955,62,Female,126,4,1,277,33473,65
53956,68,Female,173,12,12,389,36266,147
53957,66,Female,164,58,19,267,26633,173
53958,38,Male,153,95,6,82,30931,97
53959,63,Male,176,11,13,341,20772,98
53960,61,Male,127,59,6,197,43397,129
53961,38,Female,157,36,13,34,48925,12
53962,61,Male,128,22,15,237,11305,153
53963,28,Female,152,65,16,127,19585,87
53964,56,Male,195,50,8,454,31941,89
53965,21,Female,62,4,13,117,49116,88
53966,68,Male,45,72,13,251,49612,138
53967,18,Male,51,89,12,108,2151,161
53968,45,Male,122,92,19,31,2570,130
53969,41,Male,42,52,17,490,39121,132
53970,52,Female,173,43,3,65,48268,151
53971,30,Male,84,46,15,158,41247,110
53972,64,Male,28,4,17,320,23067,41
53973,51,Male,136,13,6,49,11781,38
53974,28,Female,30,38,19,444,28070,56
53975,53,Male,39,45,12,159,2934,172
53976,68,Male,181,25,4,421,2456,24
53977,34,Male,80,67,12,130,35937,93
53978,52,Male,52,55,2,269,48945,169
53979,35,Male,183,96,7,35,10702,28
53980,57,Female,117,39,16,480,49330,62
53981,39,Female,112,65,12,121,36245,143
53982,41,Female,129,75,16,378,44728,10
53983,36,Male,54,2,14,453,4169,128
53984,54,Female,78,69,1,32,43877,29
53985,56,Male,103,86,9,178,40888,159
53986,38,Male,114,62,7,323,1688,63
53987,25,Male,158,46,5,273,26434,87
53988,45,Male,96,77,10,125,43227,146
53989,22,Female,91,87,10,489,11007,7
53990,34,Female,73,31,18,316,44177,155
53991,54,Female,105,99,7,240,42291,137
53992,53,Male,112,35,18,198,35155,20
53993,36,Female,153,45,13,266,21794,117
53994,44,Female,15,77,11,129,49622,92
53995,51,Male,27,54,10,295,16247,50
53996,28,Female,44,71,9,485,9988,67
53997,62,Male,32,69,15,282,44686,109
53998,64,Female,92,29,14,416,45539,145
53999,29,Female,155,72,3,367,16949,99
54000,38,Female,46,8,14,387,43691,149
54001,28,Male,85,54,16,161,19635,160
54002,56,Female,64,7,3,95,33751,48
54003,45,Female,130,83,8,334,43371,166
54004,22,Female,127,23,2,354,40106,28
54005,34,Female,94,32,2,445,25808,70
54006,37,Male,45,62,18,336,7359,58
54007,58,Male,65,45,7,255,38453,10
54008,63,Female,169,68,17,323,45329,2
54009,29,Female,74,30,6,415,49589,153
54010,23,Female,47,39,10,324,12275,166
54011,34,Male,195,5,7,437,43145,1
54012,68,Female,141,67,4,302,40026,80
54013,36,Female,175,22,11,171,48852,90
54014,43,Male,140,28,16,109,47537,73
54015,65,Male,55,22,17,378,1662,13
54016,61,Male,33,86,6,194,30376,71
54017,61,Female,55,98,19,450,29987,1
54018,69,Male,99,29,18,433,9613,159
54019,49,Male,103,43,15,285,30011,56
54020,23,Female,56,42,2,494,18250,147
54021,53,Male,134,60,19,26,11828,4
54022,55,Female,37,77,6,445,39264,28
54023,28,Female,47,71,12,269,34624,44
54024,50,Male,34,74,1,456,34099,30
54025,41,Female,167,92,11,254,31447,36
54026,40,Male,104,68,19,315,1010,106
54027,32,Male,118,59,4,347,255,122
54028,44,Male,194,96,19,485,20107,4
54029,28,Female,26,86,6,59,24143,11
54030,68,Male,174,84,8,281,19246,53
54031,67,Female,175,84,9,244,3479,124
54032,34,Female,157,6,10,81,1733,88
54033,68,Female,65,73,10,326,36979,54
54034,31,Male,20,28,10,53,17246,84
54035,44,Female,105,77,4,411,20429,45
54036,35,Female,83,31,18,315,30450,145
54037,45,Male,177,39,12,486,47603,64
54038,68,Male,137,50,11,497,38935,13
54039,64,Female,176,78,16,89,24491,179
54040,64,Female,160,86,19,295,12716,52
54041,21,Male,129,37,11,58,15824,143
54042,24,Female,168,88,4,107,39577,132
54043,62,Female,125,72,12,487,39248,82
54044,52,Female,75,15,17,414,41399,107
54045,65,Female,121,51,13,415,2204,9
54046,26,Male,92,70,4,440,44929,112
54047,25,Female,109,23,6,34,5634,120
54048,69,Male,88,25,7,223,37214,67
54049,62,Female,62,95,8,65,36364,82
54050,34,Male,110,46,2,264,40538,101
54051,34,Female,45,93,9,457,41512,120
54052,66,Male,48,23,10,165,4761,157
54053,50,Female,101,10,19,496,34031,175
54054,49,Male,149,73,1,170,47957,116
54055,25,Female,97,77,16,203,1595,114
54056,36,Female,149,32,18,13,252,133
54057,55,Male,61,51,8,473,19735,111
54058,20,Male,150,41,10,277,22254,59
54059,22,Male,143,65,11,410,35754,35
54060,30,Male,139,65,17,45,14875,5
54061,64,Male,91,40,7,25,34112,50
54062,63,Female,17,18,3,496,2312,60
54063,48,Male,195,36,7,416,13951,15
54064,33,Male,106,31,6,465,33263,108
54065,67,Female,180,54,3,386,27765,115
54066,49,Male,193,63,8,146,47508,103
54067,39,Male,157,1,1,87,37710,152
54068,46,Male,114,52,5,320,32221,21
54069,39,Female,141,57,19,82,39246,2
54070,60,Male,82,9,13,329,2625,173
54071,20,Female,147,86,11,440,7419,82
54072,27,Female,104,92,11,254,39979,10
54073,59,Male,103,90,2,355,2827,173
54074,38,Female,24,74,9,237,37773,165
54075,33,Male,22,56,2,204,16565,151
54076,29,Male,26,47,19,255,14399,173
54077,19,Male,78,3,12,403,24202,169
54078,58,Male,132,2,9,98,8901,65
54079,41,Male,73,54,9,269,8135,61
54080,52,Female,64,37,10,295,18045,118
54081,47,Female,165,56,5,148,7120,134
54082,47,Female,54,31,9,60,14461,18
54083,64,Female,136,97,18,156,18583,91
54084,52,Male,111,96,10,251,34938,112
54085,36,Male,141,12,17,406,1751,168
54086,67,Female,101,58,10,450,20435,166
54087,25,Male,91,67,14,493,16685,173
54088,43,Female,135,26,4,396,41051,17
54089,66,Female,160,78,10,377,18044,141
54090,57,Female,163,12,18,343,27622,10
54091,24,Female,125,90,5,467,25509,31
54092,47,Male,143,16,9,431,44252,50
54093,24,Male,180,53,6,241,27210,123
54094,20,Female,55,72,16,36,49884,84
54095,18,Female,184,49,16,353,33059,151
54096,53,Female,151,49,11,217,2019,45
54097,42,Female,37,92,15,147,17740,166
54098,54,Female,92,7,19,383,5134,139
54099,18,Male,25,15,3,446,8896,136
54100,32,Female,85,36,16,164,30348,78
54101,54,Female,173,72,5,16,5136,128
54102,30,Male,40,74,9,124,7068,13
54103,57,Male,44,15,5,101,43355,162
54104,25,Male,176,62,4,355,9325,101
54105,22,Male,188,18,13,91,28012,10
54106,26,Male,116,46,17,22,29185,94
54107,18,Male,83,61,12,81,19288,76
54108,53,Male,147,43,7,100,20902,119
54109,52,Male,180,44,1,197,18693,36
54110,19,Male,170,99,16,407,31527,4
54111,57,Female,168,66,7,114,29495,122
54112,40,Male,75,55,2,309,27199,149
54113,26,Female,120,86,12,463,43806,125
54114,51,Female,37,79,11,93,45660,94
54115,63,Female,188,39,8,37,7272,38
54116,31,Female,127,5,1,288,24202,76
54117,21,Female,44,57,3,21,16973,39
54118,47,Female,81,15,8,417,41925,89
54119,48,Female,175,91,8,316,8739,54
54120,55,Female,145,16,11,373,44733,62
54121,28,Male,135,57,5,159,9737,19
54122,52,Female,97,82,8,327,32487,2
54123,25,Female,184,99,9,35,48391,150
54124,20,Female,76,25,17,223,48481,94
54125,31,Female,71,22,5,323,11397,57
54126,30,Male,15,31,19,464,27340,100
54127,62,Female,116,34,19,408,15954,3
54128,49,Male,83,87,2,249,8721,23
54129,51,Male,73,16,19,231,44694,4
54130,62,Female,60,70,15,77,36761,156
54131,36,Female,120,59,8,271,39032,78
54132,55,Male,48,15,8,120,14627,70
54133,33,Female,115,82,1,139,34213,169
54134,19,Female,111,13,14,168,35205,165
54135,57,Male,167,24,11,289,24980,7
54136,34,Male,184,13,7,300,48073,1
54137,51,Female,43,65,18,312,12576,88
54138,59,Female,167,36,15,40,24499,162
54139,33,Female,196,49,10,98,27778,10
54140,55,Male,137,82,4,465,16946,119
54141,19,Female,87,48,1,341,44602,134
54142,19,Male,157,97,14,127,16915,110
54143,43,Male,18,43,9,139,27744,125
54144,30,Female,52,6,13,216,45963,176
54145,64,Male,34,81,17,369,40561,45
54146,48,Female,127,68,4,68,7187,140
54147,51,Female,37,14,5,105,46734,103
54148,56,Male,179,30,18,328,47998,111
54149,20,Female,125,84,17,255,33389,70
54150,25,Male,150,8,7,468,9154,117
54151,40,Male,179,54,10,154,21874,149
54152,31,Female,59,66,9,319,33216,110
54153,44,Female,111,4,13,134,39292,119
54154,46,Female,47,74,18,414,11938,75
54155,56,Female,149,84,12,31,682,36
54156,56,Male,36,60,8,390,31708,87
54157,18,Male,147,53,18,362,44635,101
54158,34,Male,29,99,5,381,45018,23
54159,58,Female,35,74,7,448,11624,155
54160,47,Male,140,92,15,294,20998,148
54161,30,Male,103,15,3,216,45786,15
54162,38,Female,31,1,18,414,28867,42
54163,36,Female,70,22,6,267,28603,132
54164,36,Female,64,91,6,307,43107,29
54165,42,Male,149,93,1,61,39674,49
54166,39,Female,132,15,17,47,9759,71
54167,48,Male,136,74,11,396,8514,75
54168,34,Male,64,84,2,162,17333,54
54169,40,Male,74,22,9,342,45574,161
54170,49,Male,139,50,19,225,34565,96
54171,27,Male,130,48,6,455,32421,104
54172,27,Female,149,73,7,232,32356,37
54173,53,Male,182,51,4,152,25361,135
54174,25,Female,187,96,3,463,39356,24
54175,69,Male,102,17,2,114,8935,55
54176,37,Male,119,83,10,19,5776,139
54177,49,Female,69,91,10,466,8406,108
54178,67,Male,78,51,17,251,26242,172
54179,31,Male,196,37,16,498,24537,90
54180,67,Female,110,98,1,385,34446,6
54181,45,Female,182,49,12,392,9774,31
54182,63,Male,195,59,10,123,43218,171
54183,69,Male,58,10,1,242,35242,107
54184,41,Male,144,30,16,78,35129,12
54185,32,Female,163,85,11,374,20192,70
54186,39,Male,64,21,4,53,49955,30
54187,47,Female,125,34,3,178,4243,119
54188,21,Female,194,73,13,220,40222,126
54189,30,Male,151,98,15,285,29464,55
54190,40,Female,113,50,10,490,46529,39
54191,25,Male,162,76,6,116,20076,82
54192,35,Male,160,47,11,430,31129,6
54193,29,Female,98,85,1,488,27774,8
54194,48,Female,44,84,4,176,11984,55
54195,31,Female,79,6,10,214,9396,105
54196,51,Female,38,50,15,128,6954,16
54197,35,Female,189,63,1,495,46827,120
54198,51,Female,104,12,15,118,27904,130
54199,28,Male,120,41,3,463,47641,64
54200,58,Male,186,31,1,248,29596,11
54201,29,Male,171,2,6,17,17398,88
54202,66,Female,91,16,19,52,8923,4
54203,32,Female,82,1,4,403,33726,131
54204,48,Female,123,4,12,306,49357,15
54205,66,Male,159,47,2,141,41744,104
54206,46,Male,111,65,17,215,36644,68
54207,43,Female,147,52,6,397,18118,171
54208,35,Female,106,47,12,289,46052,81
54209,49,Female,102,99,15,248,29227,9
54210,39,Female,64,77,17,286,2466,25
54211,55,Male,117,50,1,403,2614,65
54212,34,Male,126,45,14,55,46144,104
54213,40,Male,182,42,2,482,49912,66
54214,41,Female,60,95,4,207,21043,173
54215,67,Male,193,84,2,473,34286,33
54216,25,Female,25,56,14,130,2752,22
54217,58,Female,26,71,18,309,22904,42
54218,23,Female,155,57,8,229,38386,155
54219,22,Male,78,33,1,365,46563,11
54220,61,Male,22,28,16,298,19444,42
54221,46,Female,23,44,7,103,39688,78
54222,45,Male,144,56,6,301,31737,104
54223,28,Female,92,44,19,162,34045,22
54224,18,Female,155,84,10,22,22023,137
54225,60,Female,16,96,6,432,2726,57
54226,36,Male,190,73,10,216,48869,83
54227,26,Male,88,34,19,264,32701,31
54228,44,Female,145,14,3,431,33689,18
54229,51,Male,148,68,3,167,42404,140
54230,61,Male,101,29,6,279,6001,168
54231,21,Male,19,79,17,315,22637,122
54232,53,Male,145,17,18,77,32157,101
54233,35,Female,152,83,10,266,1545,173
54234,32,Male,185,9,6,198,945,177
54235,68,Female,161,27,13,12,13526,129
54236,30,Female,28,49,6,246,8324,98
54237,36,Male,163,79,12,443,5799,135
54238,66,Female,138,37,14,454,33845,130
54239,23,Female,57,28,17,429,24909,121
54240,65,Male,42,50,8,141,37781,86
54241,29,Female,163,55,5,180,10816,4
54242,68,Female,178,4,4,279,7964,173
54243,54,Male,38,85,6,98,40277,174
54244,34,Male,196,98,11,112,11091,9
54245,40,Male,180,19,5,134,9854,16
54246,43,Male,31,37,14,76,30017,51
54247,46,Male,164,4,10,272,34332,52
54248,50,Female,97,37,11,17,49316,137
54249,44,Female,59,51,3,53,15738,83
54250,42,Male,88,32,8,457,26007,134
54251,27,Male,153,45,5,144,14489,44
54252,64,Female,75,12,10,257,4461,117
54253,40,Male,52,41,8,313,23792,134
54254,38,Male,80,56,9,327,28481,5
54255,38,Female,47,80,15,34,4282,174
54256,60,Female,57,14,1,474,18163,27
54257,30,Female,173,54,5,483,29970,114
54258,54,Male,126,63,15,383,22183,45
54259,50,Female,49,65,4,205,3619,169
54260,41,Male,51,58,19,201,31191,90
54261,61,Female,189,96,10,378,18601,28
54262,28,Male,114,21,2,411,20601,32
54263,34,Male,37,4,5,131,3237,53
54264,21,Male,178,73,18,269,14701,71
54265,64,Female,182,46,6,410,17345,30
54266,42,Female,103,86,10,56,46365,53
54267,47,Female,29,12,15,383,45132,159
54268,26,Male,179,30,9,218,48148,140
54269,38,Female,146,94,13,310,13038,9
54270,37,Female,164,96,18,98,17182,67
54271,36,Male,36,60,7,451,3943,165
54272,36,Male,92,71,2,12,32166,114
54273,29,Female,159,81,16,405,41576,156
54274,54,Female,86,65,2,484,44593,154
54275,59,Female,112,14,4,154,48473,83
54276,34,Male,104,44,2,383,46995,149
54277,54,Female,123,26,17,31,6410,101
54278,65,Male,108,91,6,48,34050,10
54279,56,Male,94,16,10,304,787,80
54280,45,Female,108,7,14,116,29643,24
54281,58,Female,94,32,15,109,11199,25
54282,52,Male,52,89,12,281,36626,90
54283,64,Male,166,95,19,238,16045,129
54284,65,Female,148,16,11,444,10615,53
54285,35,Female,148,78,1,383,45577,107
54286,31,Female,40,89,8,294,22164,24
54287,52,Male,115,62,6,215,10575,27
54288,61,Male,183,30,12,80,47731,107
54289,58,Female,89,71,16,178,16348,155
54290,24,Male,52,12,18,194,6113,88
54291,58,Male,97,67,12,421,43181,124
54292,30,Female,185,91,2,342,21610,39
54293,35,Male,195,46,7,217,29551,77
54294,54,Female,157,83,9,414,43529,84
54295,30,Female,70,43,18,397,26135,102
54296,53,Male,119,55,9,496,33138,164
54297,48,Male,198,45,8,391,37987,76
54298,19,Female,45,60,1,364,20808,5
54299,33,Male,199,71,5,381,46697,81
54300,26,Female,193,80,16,280,2308,138
54301,26,Male,166,32,14,446,15676,16
54302,55,Male,72,8,13,355,10050,142
54303,28,Male,87,77,11,439,10187,29
54304,39,Female,146,62,13,144,39584,156
54305,50,Male,24,75,15,155,35753,118
54306,53,Female,87,20,16,354,33364,117
54307,62,Female,29,18,13,494,25579,145
54308,40,Female,112,6,8,158,40999,36
54309,62,Male,77,84,18,125,19588,104
54310,62,Female,33,96,19,401,12161,174
54311,51,Female,127,29,15,196,40732,45
54312,26,Male,77,4,10,29,9046,103
54313,41,Female,130,71,4,347,7844,9
54314,25,Female,198,43,6,382,43036,164
54315,24,Male,35,84,8,476,25043,5
54316,53,Female,176,34,7,253,47379,79
54317,35,Male,159,71,12,76,1292,73
54318,20,Female,160,33,18,448,42628,89
54319,45,Female,95,15,18,71,9713,178
54320,23,Male,80,96,19,495,40295,28
54321,61,Female,193,86,4,283,37961,27
54322,61,Female,79,40,1,356,3279,110
54323,38,Female,57,93,5,472,42668,175
54324,45,Male,71,89,7,119,41981,161
54325,57,Male,152,5,11,65,12367,115
54326,18,Male,51,78,11,94,2335,122
54327,53,Male,190,50,10,415,30436,97
54328,38,Male,134,99,7,273,21505,166
54329,60,Female,83,66,16,404,46622,136
54330,52,Male,70,89,1,116,886,132
54331,30,Male,133,54,1,21,9366,112
54332,66,Male,178,80,12,185,41665,164
54333,27,Female,173,46,16,368,48926,107
54334,61,Female,69,80,5,328,16657,159
54335,64,Male,52,11,14,36,17164,177
54336,27,Female,29,49,18,300,27916,169
54337,63,Female,158,99,9,139,24998,136
54338,30,Female,91,23,2,236,12399,158
54339,54,Female,67,55,12,488,17480,142
54340,55,Male,198,5,10,145,2633,45
54341,41,Male,21,64,2,29,36920,110
54342,19,Female,199,35,15,273,7652,46
54343,39,Female,69,93,4,456,2369,93
54344,34,Female,66,69,19,333,47054,16
54345,53,Female,18,54,4,168,33790,138
54346,31,Male,57,3,9,169,26987,68
54347,27,Female,54,6,13,406,11726,50
54348,52,Male,135,87,10,351,2339,68
54349,42,Female,44,56,14,35,28625,2
54350,20,Male,152,2,3,90,43543,75
54351,64,Female,117,82,3,422,48238,75
54352,55,Male,21,94,16,484,41473,178
54353,34,Male,178,38,9,385,2849,129
54354,29,Male,177,56,14,479,43049,97
54355,69,Female,181,5,16,27,40021,109
54356,41,Male,178,46,9,78,1689,165
54357,46,Female,123,11,5,405,34632,151
54358,60,Male,34,65,13,139,48728,177
54359,42,Male,63,10,15,435,43768,117
54360,53,Female,110,41,4,144,35500,17
54361,43,Male,73,44,14,312,17239,71
54362,55,Female,191,90,7,388,3918,143
54363,18,Female,104,33,4,227,20566,51
54364,37,Female,40,91,17,319,7644,155
54365,45,Female,50,56,9,496,6409,9
54366,33,Male,185,12,4,24,8066,64
54367,64,Male,140,2,3,195,36983,85
54368,34,Female,57,1,19,426,22560,93
54369,57,Male,113,65,9,204,49552,42
54370,45,Male,47,33,8,200,6811,117
54371,29,Female,114,86,7,243,29305,70
54372,44,Male,111,76,7,441,8529,89
54373,59,Female,187,36,4,75,44223,35
54374,64,Male,59,21,19,90,34043,17
54375,47,Male,102,84,12,458,34443,44
54376,58,Female,157,36,6,45,30053,171
54377,51,Male,109,26,12,244,39913,104
54378,54,Male,31,47,4,26,37925,89
54379,23,Female,154,95,2,11,44573,107
54380,24,Male,36,1,15,42,20488,118
54381,49,Female,165,38,6,358,13827,44
54382,49,Male,104,14,18,389,29007,166
54383,42,Female,92,90,5,143,44306,169
54384,50,Female,154,46,4,436,648,153
54385,24,Female,128,42,11,365,268,49
54386,69,Female,82,7,11,353,23680,60
54387,29,Female,124,55,9,276,5108,2
54388,33,Male,193,56,3,14,28408,65
54389,33,Male,139,76,11,295,7569,114
54390,60,Female,155,63,2,403,46270,3
54391,53,Male,71,24,9,494,34708,93
54392,30,Female,69,83,10,356,28508,142
54393,24,Male,96,73,11,100,26795,173
54394,53,Male,121,99,3,161,36860,162
54395,64,Female,170,4,17,452,14452,164
54396,68,Female,116,42,11,387,45632,15
54397,26,Male,186,96,17,127,39011,37
54398,49,Male,161,70,19,460,49360,138
54399,28,Female,188,28,4,70,27828,9
54400,25,Male,125,92,2,367,31250,50
54401,50,Male,121,40,14,35,33218,163
54402,40,Female,116,51,15,118,35364,46
54403,42,Male,17,29,3,377,33091,106
54404,25,Female,162,42,13,304,13121,81
54405,62,Female,39,69,13,219,9220,47
54406,39,Female,89,5,18,268,26210,18
54407,21,Male,198,41,7,303,48707,113
54408,57,Male,75,61,16,51,29789,153
54409,20,Female,137,55,16,313,40640,163
54410,46,Female,69,28,6,482,46374,51
54411,58,Male,177,41,6,22,35045,109
54412,46,Male,53,9,4,98,17179,89
54413,51,Male,199,29,3,97,36054,16
54414,51,Female,97,78,1,321,27478,88
54415,45,Female,48,38,3,498,23548,12
54416,30,Male,127,62,19,196,34712,99
54417,32,Male,183,54,9,72,32990,59
54418,40,Male,164,52,14,345,5172,73
54419,61,Female,41,34,19,52,16215,112
54420,43,Female,163,37,19,242,24738,165
54421,21,Male,183,49,13,243,32030,32
54422,43,Male,45,42,16,84,15220,22
54423,57,Female,169,14,8,262,462,173
54424,26,Female,179,82,16,322,44660,98
54425,22,Male,196,33,9,158,15342,83
54426,49,Male,151,98,9,488,34553,12
54427,37,Male,97,92,3,191,49784,5
54428,67,Female,184,87,7,216,41719,26
54429,28,Male,178,17,18,190,12536,116
54430,32,Female,24,75,2,182,22895,91
54431,49,Female,54,32,1,250,19072,20
54432,45,Male,68,79,12,173,45849,136
54433,39,Male,181,68,16,72,45483,80
54434,58,Female,149,39,12,391,22655,58
54435,34,Male,18,94,10,244,16797,173
54436,43,Female,157,10,9,134,10057,5
54437,61,Male,190,87,18,266,48481,159
54438,24,Male,20,24,4,101,40889,23
54439,59,Male,87,58,8,234,3678,149
54440,43,Male,177,69,4,204,16448,140
54441,42,Female,72,64,16,384,35765,4
54442,27,Female,91,19,8,216,45722,37
54443,62,Female,33,8,7,426,35359,75
54444,36,Male,76,71,13,297,21949,104
54445,28,Female,85,40,8,224,42243,117
54446,30,Female,152,13,7,195,38729,137
54447,25,Female,39,27,5,135,13349,26
54448,57,Male,186,82,18,291,7416,27
54449,21,Female,141,88,19,264,27501,178
54450,64,Male,72,2,10,70,34918,89
54451,48,Male,167,16,11,377,46532,82
54452,45,Female,134,14,8,410,1047,130
54453,28,Male,125,17,6,210,22086,127
54454,60,Female,182,60,11,78,4871,103
54455,18,Female,90,70,16,294,41704,154
54456,66,Female,84,99,4,72,4353,93
54457,64,Female,152,17,2,143,8771,46
54458,69,Female,80,45,13,248,46233,70
54459,55,Male,134,38,7,261,30656,151
54460,41,Female,167,64,17,370,9553,145
54461,64,Male,101,6,13,196,265,88
54462,48,Female,153,60,10,492,14501,104
54463,58,Female,136,49,13,380,17381,64
54464,63,Female,178,21,10,30,10208,157
54465,67,Male,63,99,7,438,5490,52
54466,43,Male,62,23,10,438,31674,126
54467,66,Male,129,76,16,352,831,94
54468,67,Male,101,57,3,300,28551,128
54469,22,Female,21,64,4,317,36226,24
54470,37,Female,91,29,4,55,40069,163
54471,69,Male,193,27,4,203,40401,125
54472,58,Male,159,6,16,66,8583,175
54473,28,Male,174,21,9,51,35767,101
54474,50,Female,168,71,6,466,22309,51
54475,67,Male,135,41,10,342,1349,2
54476,55,Male,138,80,4,244,19587,149
54477,44,Female,164,5,12,363,36513,168
54478,51,Male,155,15,10,25,45599,105
54479,32,Female,139,21,12,142,219,69
54480,49,Female,26,58,19,10,28476,35
54481,38,Female,85,4,19,241,41592,172
54482,63,Female,15,69,1,159,1199,163
54483,22,Female,175,7,4,313,2734,83
54484,23,Male,133,35,13,131,28738,153
54485,55,Male,156,36,8,291,4625,80
54486,39,Female,125,15,14,299,18274,31
54487,35,Female,78,92,16,379,40442,163
54488,31,Male,57,2,2,323,6528,151
54489,27,Male,55,57,8,222,8726,49
54490,63,Female,129,5,13,400,2753,144
54491,30,Male,53,71,1,290,19094,58
54492,48,Male,15,86,12,450,39020,50
54493,47,Female,55,95,17,149,40106,78
54494,20,Male,187,32,7,168,10442,64
54495,47,Male,102,72,16,36,43876,52
54496,23,Male,112,41,14,351,14475,40
54497,46,Male,102,42,10,171,9948,105
54498,25,Female,93,75,3,127,40111,54
54499,61,Male,155,65,12,346,43505,114
54500,62,Female,85,40,8,84,10557,97
54501,60,Male,151,83,16,102,25564,145
54502,61,Female,113,38,1,43,49993,132
54503,50,Female,165,42,17,124,49036,56
54504,34,Male,196,37,6,430,7570,30
54505,65,Female,189,56,1,451,19690,108
54506,28,Female,181,71,15,122,30949,162
54507,30,Female,101,55,13,377,21502,172
54508,67,Female,168,89,6,69,10696,126
54509,28,Female,15,54,13,291,48708,104
54510,48,Male,156,22,4,246,43389,127
54511,45,Female,126,27,1,135,4503,87
54512,61,Female,88,47,10,438,42038,33
54513,23,Male,79,38,4,54,44872,78
54514,58,Male,83,39,13,297,40710,36
54515,33,Female,81,15,4,238,48766,18
54516,21,Male,191,66,16,206,34580,119
54517,52,Male,64,61,9,221,29282,51
54518,65,Male,72,60,4,80,45638,172
54519,43,Male,67,8,8,244,24216,10
54520,29,Male,105,44,4,288,3664,39
54521,28,Male,129,43,9,458,23564,49
54522,54,Female,132,6,11,176,25346,58
54523,42,Female,71,84,5,204,9566,76
54524,35,Male,100,27,9,182,21810,102
54525,36,Male,32,45,8,204,49631,151
54526,40,Female,30,23,4,72,6415,135
54527,55,Male,144,81,1,79,35638,45
54528,35,Female,27,13,13,232,27328,110
54529,43,Male,187,68,5,319,22441,89
54530,23,Female,94,84,10,292,15485,55
54531,21,Female,57,64,16,358,7868,124
54532,61,Male,68,25,8,88,39270,166
54533,68,Male,173,86,12,45,38237,147
54534,46,Male,151,52,3,398,20693,109
54535,51,Male,87,48,4,204,35020,150
54536,34,Female,62,61,17,444,3266,11
54537,60,Male,32,17,13,226,12102,131
54538,60,Female,25,40,6,297,9249,147
54539,33,Male,98,75,3,158,12192,91
54540,19,Female,33,89,14,282,12953,135
54541,51,Male,114,69,7,210,23830,119
54542,25,Male,130,85,3,163,40740,34
54543,30,Female,104,26,6,31,14261,11
54544,59,Male,88,80,13,306,14712,5
54545,25,Male,38,56,14,324,38854,71
54546,47,Male,27,40,15,224,26632,164
54547,49,Male,139,85,16,340,12619,5
54548,53,Male,130,96,1,131,41936,133
54549,64,Female,188,68,15,275,15851,27
54550,47,Male,195,8,7,352,28538,93
54551,18,Female,171,73,9,270,24129,155
54552,60,Male,178,45,15,64,12831,160
54553,56,Male,85,17,14,291,31404,89
54554,34,Female,140,41,19,269,40281,114
54555,37,Female,159,77,18,372,34523,98
54556,41,Female,190,9,9,292,22273,15
54557,67,Female,166,70,1,239,49929,105
54558,39,Female,196,91,12,491,29216,98
54559,46,Male,133,24,10,135,38484,20
54560,39,Female,105,73,7,451,38661,162
54561,61,Female,99,11,14,268,14435,127
54562,26,Male,122,35,1,59,245,34
54563,54,Male,141,29,15,233,10326,115
54564,27,Female,135,8,1,390,38692,174
54565,53,Female,143,17,13,291,33948,21
54566,54,Female,20,71,2,155,22131,167
54567,45,Male,92,12,3,400,3494,40
54568,45,Female,197,79,4,382,20138,172
54569,59,Male,52,93,16,54,31125,164
54570,60,Male,175,50,12,406,7929,55
54571,38,Male,130,24,4,271,44884,50
54572,41,Male,116,37,12,428,49609,74
54573,59,Female,22,78,7,488,37011,74
54574,57,Male,92,11,3,243,10402,38
54575,19,Male,126,99,5,62,43753,24
54576,25,Female,162,81,12,494,7151,108
54577,65,Male,69,59,12,244,16836,59
54578,44,Female,62,55,7,205,22284,173
54579,39,Male,198,27,12,435,42372,154
54580,54,Female,102,67,2,13,6496,83
54581,44,Male,24,60,14,69,14226,11
54582,46,Male,66,2,16,182,18786,178
54583,20,Female,192,68,7,81,19425,128
54584,61,Male,48,18,4,495,33238,118
54585,30,Male,178,20,5,84,30404,162
54586,62,Female,75,85,14,331,19723,16
54587,27,Male,158,63,9,475,10571,1
54588,53,Male,93,78,5,475,42004,41
54589,26,Female,32,72,2,31,28529,156
54590,44,Female,85,2,5,405,28629,15
54591,51,Female,189,90,3,218,45475,80
54592,68,Female,100,83,10,60,3823,174
54593,18,Female,46,42,8,154,21578,32
54594,49,Male,57,28,10,429,9494,39
54595,42,Female,97,29,2,358,950,73
54596,46,Male,182,69,14,314,24323,93
54597,24,Female,177,28,4,281,43527,89
54598,66,Male,83,60,12,498,8214,139
54599,20,Male,64,90,14,468,42932,34
54600,37,Female,26,5,16,53,29459,50
54601,37,Male,99,15,5,116,47097,172
54602,47,Male,137,73,16,159,44430,14
54603,52,Female,72,32,4,103,48246,72
54604,52,Female,97,52,3,273,12592,153
54605,66,Female,191,90,1,119,41666,178
54606,56,Female,126,37,4,27,33296,95
54607,44,Male,142,15,9,247,14843,85
54608,43,Male,50,41,1,345,43863,160
54609,31,Male,68,4,16,248,20471,55
54610,34,Male,61,53,3,383,15586,78
54611,35,Male,129,84,6,221,29022,153
54612,62,Male,174,27,13,240,39284,115
54613,69,Female,138,21,17,337,11162,124
54614,46,Male,195,60,15,359,12331,108
54615,37,Male,174,86,12,303,36061,150
54616,44,Male,179,64,8,422,7153,47
54617,35,Female,110,71,16,470,27700,51
54618,21,Female,121,47,3,90,14056,70
54619,18,Female,134,54,4,264,17204,119
54620,67,Female,115,31,7,241,39158,87
54621,18,Male,117,17,15,372,10023,75
54622,43,Male,180,50,11,218,44566,22
54623,62,Male,172,7,16,466,31809,169
54624,37,Female,46,83,14,395,42997,77
54625,69,Male,80,28,13,452,5135,175
54626,40,Male,193,10,9,307,30714,114
54627,27,Male,25,27,18,383,9952,150
54628,28,Female,162,13,3,481,16470,132
54629,58,Female,51,66,5,30,39681,44
54630,58,Female,116,86,2,247,22658,41
54631,22,Male,63,84,17,395,23265,166
54632,18,Male,33,60,16,270,41203,145
54633,34,Male,197,43,13,282,45852,17
54634,39,Male,182,69,11,289,28893,173
54635,51,Female,21,63,8,401,16437,46
54636,62,Male,147,70,5,423,29097,136
54637,58,Female,56,99,2,443,21053,143
54638,46,Male,102,65,4,159,33995,161
54639,21,Female,190,99,3,324,9224,177
54640,22,Male,149,67,2,161,11785,10
54641,28,Male,25,54,3,291,14292,58
54642,68,Female,191,36,16,70,45627,101
54643,38,Female,172,71,9,145,8000,139
54644,52,Male,55,93,6,21,17972,35
54645,29,Male,17,15,15,23,7872,96
54646,43,Male,54,75,5,39,38400,86
54647,68,Female,65,18,9,448,42429,132
54648,36,Male,46,4,6,364,26564,117
54649,62,Female,62,88,3,454,8243,66
54650,24,Male,85,11,13,327,5392,161
54651,64,Male,162,6,15,296,19417,73
54652,24,Male,103,51,11,229,40663,163
54653,43,Male,123,58,16,247,36029,38
54654,57,Female,49,60,15,36,39996,95
54655,22,Female,122,18,6,493,27568,33
54656,38,Male,166,79,14,266,45821,172
54657,31,Male,54,67,11,306,19827,53
54658,21,Male,66,17,10,151,45557,148
54659,40,Female,126,97,16,259,49255,63
54660,59,Male,53,34,12,83,7857,179
54661,37,Female,82,30,7,443,34692,114
54662,32,Female,90,19,7,307,9325,142
54663,67,Female,79,9,18,208,33522,35
54664,69,Female,76,40,15,305,24779,110
54665,62,Male,16,44,6,23,34252,45
54666,46,Male,148,95,19,109,12460,161
54667,25,Female,136,59,8,100,21560,61
54668,58,Male,89,91,15,404,16129,93
54669,65,Male,185,25,4,200,44780,72
54670,36,Male,54,71,18,371,29281,115
54671,65,Female,103,53,13,314,47026,78
54672,56,Male,181,48,1,430,31184,50
54673,63,Male,42,71,8,115,6358,143
54674,45,Male,94,84,19,403,24863,42
54675,63,Male,77,53,17,447,12586,114
54676,44,Male,154,49,10,16,21687,20
54677,21,Male,55,43,1,90,26416,92
54678,32,Male,43,19,1,262,416,68
54679,52,Male,37,66,5,149,39521,135
54680,54,Male,94,34,1,494,41350,66
54681,18,Male,65,81,13,366,30110,73
54682,20,Female,126,88,9,320,37680,151
54683,64,Male,119,73,16,429,7394,36
54684,41,Female,59,54,8,16,34173,140
54685,44,Male,104,1,14,161,35610,151
54686,57,Female,164,92,17,299,44390,139
54687,53,Female,152,55,4,135,22957,129
54688,51,Male,149,15,7,458,27623,39
54689,46,Female,103,85,17,294,13017,93
54690,41,Female,29,15,16,291,36323,70
54691,41,Female,91,23,14,83,28942,159
54692,59,Male,120,66,16,458,48831,137
54693,21,Female,188,46,2,54,46494,18
54694,20,Female,104,9,15,26,35132,127
54695,51,Male,101,66,11,242,33067,59
54696,66,Female,75,66,13,173,17183,67
54697,40,Female,122,18,4,466,25635,109
54698,69,Female,75,17,1,496,22368,131
54699,40,Male,65,72,15,72,6638,30
54700,62,Female,180,98,12,416,48504,91
54701,22,Male,26,34,9,102,48459,2
54702,48,Female,91,69,7,331,29876,20
54703,58,Female,126,64,3,475,45051,97
54704,23,Female,80,44,16,101,27457,29
54705,54,Female,196,29,4,382,38810,9
54706,27,Male,181,62,14,51,16139,4
54707,57,Female,181,92,13,250,23764,40
54708,24,Male,129,16,19,336,43400,141
54709,56,Female,44,78,2,264,40710,134
54710,55,Male,119,52,10,340,36878,73
54711,38,Female,190,2,19,80,11973,26
54712,37,Female,45,61,15,308,42336,103
54713,20,Male,167,4,7,225,13534,41
54714,68,Male,193,52,15,320,28901,42
54715,39,Male,27,41,17,65,11832,128
54716,64,Male,142,52,16,88,22404,61
54717,21,Female,184,31,17,424,47613,62
54718,45,Male,196,26,16,348,14132,21
54719,29,Male,115,27,18,449,48728,159
54720,55,Male,81,51,17,130,1576,43
54721,68,Female,94,98,4,211,25347,149
54722,53,Female,198,95,2,441,12553,107
54723,64,Female,117,48,17,445,12116,157
54724,58,Female,33,11,17,337,21243,58
54725,22,Male,188,8,2,266,41339,152
54726,30,Female,157,12,2,139,31463,45
54727,40,Male,46,99,15,358,925,80
54728,67,Female,191,45,16,51,6469,137
54729,47,Male,163,34,11,83,49433,130
54730,54,Male,79,77,2,243,32162,165
54731,42,Male,41,91,8,18,44178,127
54732,65,Male,165,72,12,379,17789,165
54733,44,Male,61,47,14,40,28743,46
54734,68,Female,26,21,14,105,47741,6
54735,31,Male,99,41,12,267,32611,48
54736,65,Male,80,75,2,289,46223,127
54737,64,Male,147,22,14,238,30585,112
54738,53,Male,151,21,12,254,6873,136
54739,56,Female,162,28,9,436,22356,32
54740,33,Female,124,67,8,207,30056,101
54741,39,Male,96,71,16,465,14422,77
54742,38,Male,139,14,10,241,39110,68
54743,38,Male,77,79,7,482,35949,28
54744,25,Male,86,73,15,499,28621,168
54745,66,Female,112,52,9,308,45812,144
54746,33,Female,87,43,4,60,21890,57
54747,48,Male,85,71,6,226,32297,55
54748,59,Male,44,76,12,183,36414,83
54749,27,Male,139,19,15,84,26266,106
54750,49,Male,30,27,19,108,35256,86
54751,51,Male,147,18,2,10,22440,167
54752,26,Female,171,13,19,133,8439,76
54753,34,Female,61,1,2,126,48438,158
54754,28,Male,115,85,15,352,4208,104
54755,49,Female,121,34,12,204,16154,170
54756,27,Female,140,13,1,242,40239,133
54757,39,Female,36,51,14,138,25238,101
54758,34,Male,199,87,4,383,5393,173
54759,21,Female,97,1,11,72,7934,32
54760,65,Female,177,87,7,245,47305,98
54761,69,Male,74,28,13,341,24505,12
54762,64,Female,72,32,14,239,36508,107
54763,42,Male,17,72,7,199,30739,66
54764,38,Female,176,55,11,198,42193,52
54765,54,Male,59,26,11,177,25363,32
54766,55,Male,64,14,9,104,40393,163
54767,66,Female,16,88,4,166,38720,134
54768,18,Female,29,93,2,300,23560,22
54769,42,Male,179,68,2,357,35742,175
54770,68,Male,157,63,9,350,33443,141
54771,53,Female,110,82,19,404,20924,23
54772,34,Female,99,14,15,483,11131,172
54773,58,Female,125,27,18,148,21167,9
54774,41,Female,194,41,16,200,27676,106
54775,19,Male,37,3,2,462,42985,59
54776,57,Male,113,94,12,65,29624,117
54777,32,Male,51,59,1,16,44916,101
54778,49,Female,121,23,2,60,5223,30
54779,56,Female,55,18,14,488,29900,84
54780,23,Male,71,74,7,48,38549,44
54781,18,Male,111,76,17,307,38453,177
54782,64,Male,39,41,15,81,36534,16
54783,40,Male,124,8,17,265,22944,121
54784,56,Male,51,32,9,318,46493,74
54785,34,Male,54,81,13,100,46214,84
54786,51,Female,99,41,2,158,17932,130
54787,58,Male,60,45,15,39,35325,67
54788,46,Male,116,78,11,471,10477,42
54789,26,Male,112,9,19,132,5200,136
54790,30,Male,33,90,14,394,29956,73
54791,23,Male,105,48,4,246,38182,92
54792,23,Male,151,24,11,289,14059,149
54793,37,Male,83,87,16,134,11934,115
54794,69,Female,19,95,2,143,19030,97
54795,20,Male,168,44,2,15,9992,34
54796,34,Female,161,58,9,392,19661,132
54797,66,Female,172,66,4,382,22639,117
54798,29,Female,62,18,8,206,8298,62
54799,65,Male,126,80,18,199,10628,96
54800,64,Male,158,29,15,300,42846,76
54801,62,Male,32,75,2,393,21339,2
54802,18,Male,198,2,11,245,12515,127
54803,34,Male,163,78,17,88,47980,178
54804,20,Male,45,68,7,44,34969,112
54805,43,Male,143,98,8,313,8526,117
54806,32,Male,145,39,10,379,34757,26
54807,53,Male,39,73,3,370,29176,85
54808,49,Male,22,41,13,81,43702,108
54809,49,Female,76,71,17,52,13211,165
54810,21,Male,149,81,13,300,11743,55
54811,35,Male,21,87,19,142,48342,100
54812,66,Male,150,75,9,296,7262,18
54813,36,Female,33,22,16,115,29763,24
54814,60,Male,159,82,5,168,32780,30
54815,69,Male,153,49,9,366,12066,17
54816,52,Female,125,28,9,17,10419,42
54817,57,Male,191,16,6,271,41987,81
54818,31,Female,25,68,10,352,8186,108
54819,50,Female,55,62,18,446,9735,140
54820,31,Female,128,36,11,89,23857,27
54821,51,Female,194,22,15,53,39364,4
54822,21,Male,106,11,7,186,19711,163
54823,41,Female,89,85,14,401,23655,76
54824,46,Female,81,80,8,73,25182,157
54825,36,Male,182,42,19,397,38544,72
54826,23,Male,19,55,15,297,13988,76
54827,50,Male,130,73,19,318,42530,164
54828,66,Female,164,35,18,122,41645,34
54829,57,Male,132,57,17,460,23580,36
54830,36,Female,179,34,3,328,33330,4
54831,18,Female,25,73,3,379,8333,11
54832,22,Male,58,77,7,217,4001,59
54833,44,Male,195,70,10,453,411,3
54834,33,Male,91,4,17,235,4996,12
54835,23,Male,132,46,15,342,40982,113
54836,57,Male,130,92,8,426,23604,73
54837,30,Male,81,11,17,287,2861,149
54838,65,Female,27,98,3,392,26236,150
54839,52,Female,106,61,4,296,12630,146
54840,36,Male,25,35,8,289,11748,6
54841,29,Female,153,69,13,12,17677,89
54842,33,Female,99,57,1,42,47127,114
54843,60,Female,99,11,18,487,7944,109
54844,27,Female,149,12,11,419,42893,79
54845,42,Female,31,43,6,491,34519,65
54846,37,Female,62,19,16,316,9725,55
54847,48,Male,156,77,19,223,9256,168
54848,21,Male,111,68,17,39,26062,82
54849,61,Male,89,78,18,428,20739,52
54850,40,Female,176,59,11,34,4817,120
54851,19,Male,151,2,14,37,34511,44
54852,39,Male,91,8,12,106,5921,95
54853,68,Male,142,22,7,96,18156,62
54854,54,Female,51,77,17,35,18585,84
54855,25,Male,44,21,5,129,25675,97
54856,24,Female,183,85,14,210,17691,74
54857,31,Male,187,92,13,401,8375,157
54858,20,Male,61,97,12,366,21441,147
54859,67,Male,149,29,14,362,45495,156
54860,33,Female,156,86,9,24,23855,122
54861,36,Female,62,90,4,314,28570,123
54862,68,Female,148,75,19,263,37288,147
54863,35,Female,48,75,1,120,29150,31
54864,69,Female,115,98,13,17,22096,99
54865,33,Male,60,83,6,448,30573,142
54866,25,Male,84,37,1,350,28660,50
54867,50,Female,150,78,17,137,43636,59
54868,66,Female,38,29,3,195,41561,9
54869,29,Male,81,83,17,396,47817,57
54870,28,Female,18,37,2,402,19831,169
54871,22,Male,15,21,7,23,11463,27
54872,44,Female,48,88,1,239,4056,58
54873,29,Male,123,90,15,100,44861,81
54874,34,Female,23,12,4,413,42967,68
54875,23,Female,77,48,6,13,42549,24
54876,50,Male,24,83,13,161,38260,80
54877,22,Male,152,47,13,228,18982,62
54878,45,Female,192,94,1,85,29576,81
54879,31,Female,58,15,2,293,16568,101
54880,22,Male,132,67,6,364,44392,117
54881,50,Female,190,13,11,225,31025,3
54882,67,Male,20,59,18,168,15276,51
54883,65,Male,135,73,13,260,38190,105
54884,58,Female,166,13,12,76,18763,99
54885,36,Male,109,80,7,231,27592,67
54886,39,Male,125,78,7,201,1512,80
54887,22,Female,119,72,7,228,29329,148
54888,19,Male,78,19,2,382,28805,45
54889,47,Male,198,57,11,26,19756,134
54890,64,Male,154,32,1,399,38900,161
54891,56,Male,177,99,13,116,19676,171
54892,21,Female,85,87,12,475,41408,178
54893,50,Male,118,21,13,453,27015,155
54894,30,Female,103,82,7,236,19216,30
54895,37,Male,20,14,12,484,36352,99
54896,24,Female,124,80,17,90,20847,146
54897,32,Male,126,24,8,276,14085,158
54898,40,Female,171,49,3,175,36672,143
54899,31,Male,180,32,7,366,46495,96
54900,40,Male,164,75,19,243,5828,99
54901,36,Male,141,11,8,171,17781,21
54902,46,Male,150,60,14,184,43151,140
54903,37,Female,77,68,14,169,47839,177
54904,46,Female,155,61,2,372,21087,1
54905,41,Male,169,90,6,385,8892,25
54906,35,Female,160,5,16,194,42321,175
54907,27,Male,32,36,9,183,15371,39
54908,58,Male,91,97,15,247,19712,27
54909,25,Female,156,64,19,172,2494,93
54910,43,Female,153,78,15,485,15219,50
54911,46,Female,117,32,12,415,4114,156
54912,27,Male,131,71,9,409,29943,57
54913,34,Male,31,74,16,247,23572,82
54914,19,Female,193,66,6,115,16482,16
54915,23,Male,28,10,15,127,32229,35
54916,22,Female,71,99,13,241,24821,156
54917,45,Female,107,21,10,85,16558,46
54918,58,Female,148,40,14,14,43603,67
54919,22,Female,128,42,3,227,32063,16
54920,35,Female,199,72,12,291,36099,79
54921,43,Female,146,46,1,342,14091,74
54922,37,Male,153,82,16,417,25725,117
54923,58,Male,123,73,10,245,11960,49
54924,66,Female,133,41,9,332,27497,150
54925,44,Female,106,94,18,41,36766,18
54926,66,Female,25,4,1,416,21821,22
54927,29,Male,113,99,10,186,14772,106
54928,24,Female,22,14,7,494,44449,119
54929,20,Female,128,14,10,128,32067,16
54930,27,Female,163,53,12,199,28110,3
54931,51,Male,79,84,11,111,49177,123
54932,42,Female,107,29,9,374,31089,35
54933,52,Male,166,23,5,495,46987,105
54934,33,Male,172,85,4,470,44381,103
54935,19,Female,118,31,13,88,19901,149
54936,41,Male,113,96,8,331,45756,57
54937,27,Male,98,71,16,148,42977,47
54938,55,Male,199,77,1,345,20628,162
54939,39,Female,87,61,17,411,18805,48
54940,43,Male,159,23,15,235,16444,167
54941,60,Female,73,8,15,275,29464,87
54942,56,Female,45,76,18,342,37235,120
54943,44,Female,78,16,6,233,42117,158
54944,46,Male,62,26,2,69,23403,178
54945,64,Female,37,29,5,273,21302,97
54946,55,Male,172,93,19,464,21398,144
54947,37,Male,69,6,7,57,27161,94
54948,44,Male,21,37,9,90,26210,3
54949,58,Male,126,33,2,306,7437,61
54950,37,Female,120,95,7,484,3184,2
54951,61,Female,112,46,14,388,19840,26
54952,36,Male,26,61,15,17,26212,18
54953,37,Female,74,41,12,358,37441,66
54954,52,Female,66,18,4,258,24748,40
54955,64,Female,169,95,13,253,7379,131
54956,19,Male,154,16,9,174,42934,17
54957,47,Female,155,51,12,356,33385,152
54958,51,Male,86,37,10,430,23058,2
54959,39,Female,139,14,9,329,1182,70
54960,20,Male,171,68,7,196,23007,168
54961,23,Male,177,30,12,258,17722,154
54962,32,Male,74,60,16,136,42393,49
54963,44,Female,171,53,15,97,37510,57
54964,27,Male,45,97,7,54,17414,56
54965,26,Female,91,36,8,409,30289,76
54966,50,Male,90,30,7,291,31654,21
54967,49,Female,75,64,11,255,45253,16
54968,65,Male,16,14,4,424,49184,6
54969,23,Female,175,23,18,420,13692,34
54970,58,Male,135,48,19,227,7832,59
54971,53,Male,73,28,7,436,15587,67
54972,19,Male,54,7,13,24,20872,41
54973,46,Female,191,42,9,265,40073,147
54974,21,Male,46,10,18,323,38343,157
54975,18,Male,52,68,7,186,26744,32
54976,36,Male,106,44,16,344,24374,10
54977,43,Male,102,13,5,224,2671,119
54978,42,Female,155,85,7,34,29577,93
54979,27,Male,99,33,6,333,39202,77
54980,32,Male,196,92,2,301,29519,20
54981,39,Female,90,87,7,126,46050,156
54982,68,Female,142,32,9,89,39256,27
54983,65,Female,27,48,13,184,47755,153
54984,38,Male,53,5,17,241,20921,124
54985,39,Female,37,61,17,324,42669,29
54986,53,Female,124,90,15,478,21734,116
54987,51,Female,121,90,18,445,25548,143
54988,47,Male,106,3,15,49,21763,173
54989,42,Male,156,24,11,180,12064,45
54990,62,Male,159,98,12,126,12378,30
54991,45,Female,38,34,17,193,12588,38
54992,18,Male,48,84,12,90,11249,32
54993,66,Female,193,94,7,396,11072,50
54994,62,Female,126,42,7,80,1978,71
54995,21,Female,152,20,10,149,26795,163
54996,24,Male,132,41,16,202,44084,76
54997,66,Female,163,82,11,180,25364,87
54998,26,Female,179,20,16,110,472,5
54999,53,Male,21,6,2,79,1701,107
55000,36,Female,104,57,2,183,10497,119
55001,18,Female,27,42,18,453,13470,31
55002,27,Female,94,25,5,198,3776,97
55003,53,Male,44,41,14,442,40596,1
55004,26,Female,173,41,8,224,45300,86
55005,62,Male,147,3,6,34,14826,65
55006,63,Male,174,43,9,98,1481,143
55007,59,Female,30,46,6,140,49098,103
55008,49,Female,164,57,17,205,17853,166
55009,49,Female,186,83,8,328,4535,24
55010,23,Female,54,74,3,295,11876,151
55011,65,Male,51,51,12,234,25927,47
55012,55,Male,92,5,13,358,29147,135
55013,34,Female,30,86,18,397,10857,159
55014,27,Male,57,73,11,343,2454,7
55015,67,Female,77,97,2,350,34543,4
55016,44,Female,29,15,14,336,25608,104
55017,67,Female,186,88,1,158,42529,52
55018,52,Female,151,94,15,80,12294,82
55019,69,Male,79,39,18,138,8959,80
55020,38,Male,58,70,18,453,12647,48
55021,42,Female,34,79,17,299,14345,95
55022,45,Female,133,38,1,96,28967,66
55023,64,Male,126,39,14,396,14960,110
55024,32,Male,137,52,16,27,45156,125
55025,21,Male,175,86,4,52,3387,127
55026,46,Female,94,3,6,85,17182,100
55027,26,Male,114,29,16,343,46586,173
55028,44,Female,20,93,6,50,41203,40
55029,43,Female,97,31,15,485,47898,35
55030,36,Male,45,66,1,371,46267,24
55031,45,Female,80,99,7,374,14234,163
55032,34,Male,32,45,11,289,18465,94
55033,60,Female,42,73,1,289,39120,165
55034,58,Female,82,22,8,268,30820,109
55035,59,Female,128,83,14,452,16556,162
55036,67,Female,187,10,5,451,34851,103
55037,37,Female,72,21,13,338,23940,152
55038,62,Female,189,17,15,33,22535,93
55039,57,Male,194,67,9,459,7070,4
55040,56,Male,178,7,8,384,2362,105
55041,66,Female,143,36,19,305,48829,178
55042,40,Male,53,67,17,485,45643,78
55043,64,Female,120,77,19,336,6782,152
55044,49,Male,15,30,18,402,29781,102
55045,69,Male,89,87,18,118,24621,116
55046,64,Female,102,71,4,368,39011,98
55047,50,Male,156,94,2,453,46598,36
55048,63,Female,165,29,5,432,3182,79
55049,22,Male,185,72,17,298,25651,35
55050,60,Female,164,74,7,427,24455,29
55051,65,Male,74,33,16,327,3715,36
55052,51,Female,169,59,1,350,40795,68
55053,57,Male,198,20,12,326,16611,139
55054,28,Female,144,93,19,358,835,55
55055,67,Male,181,29,9,36,46677,49
55056,20,Female,193,53,16,135,43284,57
55057,50,Male,124,85,7,410,33554,99
55058,28,Female,33,1,15,325,3822,87
55059,33,Male,76,34,12,179,45489,55
55060,35,Female,85,44,4,56,23999,56
55061,47,Female,125,96,6,377,30849,74
55062,65,Female,147,14,6,352,20054,4
55063,27,Female,86,37,15,190,20298,109
55064,35,Male,92,35,3,374,12401,153
55065,55,Male,114,59,2,414,3670,130
55066,36,Male,85,24,5,401,26058,147
55067,53,Female,21,65,8,82,7100,88
55068,30,Female,64,6,19,131,30905,136
55069,63,Female,60,68,16,362,8782,64
55070,20,Female,86,38,19,195,43103,134
55071,27,Female,90,1,16,333,6332,84
55072,55,Male,88,41,6,328,35605,14
55073,18,Male,156,31,1,452,38935,104
55074,44,Male,87,36,18,91,39226,105
55075,63,Female,116,73,8,489,27466,126
55076,25,Female,108,54,5,39,40874,71
55077,68,Female,83,87,12,290,46407,109
55078,63,Female,79,31,18,130,20688,30
55079,59,Female,199,29,5,362,14653,8
55080,34,Female,76,85,13,364,3738,142
55081,26,Female,34,3,12,115,15391,48
55082,23,Male,168,58,16,321,2947,28
55083,60,Male,58,90,14,427,18258,134
55084,42,Female,76,61,11,443,44694,158
55085,56,Female,121,6,9,139,9323,132
55086,66,Female,139,20,10,214,24900,100
55087,45,Male,59,61,16,62,47526,67
55088,50,Male,25,46,19,391,31247,138
55089,54,Female,176,13,10,306,41033,102
55090,26,Male,102,23,4,288,13504,27
55091,35,Male,60,79,8,198,3065,173
55092,38,Male,126,31,11,224,25034,75
55093,19,Female,95,4,6,40,12060,100
55094,60,Male,46,75,4,459,39994,35
55095,55,Male,112,66,5,267,11525,13
55096,57,Female,19,16,18,462,42131,120
55097,53,Female,43,31,3,69,29150,55
55098,67,Male,62,48,7,87,34114,43
55099,60,Female,30,43,12,32,21268,73
55100,54,Male,167,4,3,194,27095,68
55101,32,Male,86,62,17,44,45208,43
55102,45,Female,43,48,3,10,45757,40
55103,35,Female,194,28,11,114,11732,114
55104,51,Male,60,16,6,185,1092,159
55105,39,Female,167,89,11,58,36591,3
55106,28,Female,37,77,4,177,8238,121
55107,30,Male,176,69,17,327,33327,145
55108,21,Male,108,30,1,280,18072,80
55109,39,Male,128,65,12,167,48575,39
55110,24,Male,48,69,3,30,22344,97
55111,60,Male,174,14,16,401,49642,77
55112,41,Male,131,75,3,400,14571,76
55113,21,Female,43,34,14,114,44186,147
55114,45,Female,23,56,17,299,21539,22
55115,32,Male,199,29,19,130,48754,8
55116,18,Female,53,82,7,201,22258,108
55117,20,Female,149,79,11,435,28634,128
55118,31,Male,124,25,16,238,22848,18
55119,55,Female,83,94,19,190,6535,134
55120,67,Female,150,66,5,361,11939,4
55121,18,Male,110,40,1,234,18150,117
55122,55,Female,133,91,10,463,43564,169
55123,55,Female,132,15,18,243,33447,179
55124,38,Male,32,32,10,275,37860,12
55125,65,Female,116,20,1,355,5392,112
55126,46,Female,124,53,13,323,24142,37
55127,22,Female,96,78,4,374,7297,2
55128,66,Male,191,91,12,227,34067,3
55129,27,Male,119,67,16,220,44922,173
55130,45,Female,30,49,19,108,14502,85
55131,38,Female,35,67,12,118,46617,39
55132,67,Male,152,77,6,397,25251,77
55133,24,Male,120,89,16,354,44537,112
55134,20,Female,146,82,12,262,17500,18
55135,62,Male,58,1,10,401,37712,13
55136,64,Female,137,39,5,21,10601,14
55137,37,Female,150,61,19,127,9751,41
55138,36,Male,125,55,12,97,18805,40
55139,52,Male,131,69,8,353,37942,89
55140,21,Female,140,2,4,218,39082,101
55141,22,Female,197,94,7,418,11213,48
55142,18,Male,33,17,5,490,45485,10
55143,21,Female,78,29,11,420,9094,121
55144,29,Male,54,4,17,139,16701,54
55145,44,Male,65,73,3,338,43260,163
55146,59,Male,151,64,2,192,19847,152
55147,40,Male,172,85,19,451,4867,49
55148,42,Male,70,43,2,426,43120,170
55149,38,Female,95,76,14,92,37586,84
55150,69,Male,186,12,1,263,15700,50
55151,41,Male,157,50,16,442,23382,149
55152,42,Male,84,68,15,14,28984,156
55153,62,Male,142,61,18,312,40626,155
55154,63,Male,140,92,2,477,9759,97
55155,49,Male,75,73,11,33,41258,68
55156,49,Male,94,51,17,130,47776,99
55157,22,Female,135,96,13,104,34014,84
55158,53,Female,115,77,12,437,29110,134
55159,63,Female,165,98,2,461,47924,134
55160,59,Female,91,83,18,233,38350,60
55161,66,Male,189,78,10,248,47975,81
55162,59,Female,159,5,12,236,20387,147
55163,56,Male,199,91,17,151,25381,113
55164,33,Female,140,28,14,429,2369,17
55165,50,Female,196,90,19,60,5619,177
55166,66,Male,194,10,13,399,33530,131
55167,38,Male,36,88,3,154,6660,110
55168,26,Female,97,81,8,347,38906,34
55169,23,Female,181,52,5,337,20584,62
55170,68,Female,155,80,12,316,8411,87
55171,62,Female,92,17,1,61,20544,123
55172,52,Male,109,65,16,21,9715,123
55173,56,Female,123,21,12,346,3741,127
55174,39,Female,124,54,17,104,36125,82
55175,58,Female,66,49,9,380,12132,162
55176,22,Female,117,22,13,138,6748,157
55177,59,Female,115,69,4,20,39804,60
55178,40,Male,156,64,4,499,40145,172
55179,34,Male,77,36,15,281,1514,143
55180,29,Male,42,21,10,366,30817,45
55181,40,Male,60,56,6,378,19010,75
55182,33,Male,42,73,3,101,28729,103
55183,20,Female,16,91,15,18,17523,9
55184,47,Male,141,48,6,384,8629,35
55185,39,Male,31,76,11,132,8576,10
55186,26,Female,73,18,2,273,8087,104
55187,46,Male,194,99,2,290,34753,166
55188,64,Male,146,15,1,467,42608,127
55189,54,Male,91,44,11,433,40997,157
55190,40,Male,145,94,5,460,7690,174
55191,30,Female,129,45,6,128,37545,116
55192,49,Female,179,97,3,416,47904,45
55193,63,Male,111,36,5,199,561,77
55194,69,Female,119,40,9,288,25291,118
55195,64,Male,38,51,19,309,38833,53
55196,65,Female,49,30,5,65,25105,84
55197,40,Female,16,26,12,205,22996,2
55198,62,Female,47,85,12,388,3341,132
55199,34,Female,90,31,16,32,20323,19
55200,57,Female,100,56,7,274,46210,99
55201,38,Female,152,61,14,254,16876,139
55202,19,Female,95,17,9,269,38998,83
55203,54,Female,76,81,15,427,38373,160
55204,23,Female,57,98,11,240,16943,142
55205,61,Female,135,24,4,219,1809,177
55206,35,Female,73,97,11,171,43731,69
55207,47,Male,23,4,9,386,34328,153
55208,39,Female,91,9,6,363,823,142
55209,50,Male,77,2,17,179,34533,167
55210,47,Female,66,35,9,396,34888,140
55211,34,Male,37,38,6,348,23071,124
55212,60,Male,44,45,6,299,49116,177
55213,49,Male,185,15,4,483,21297,84
55214,59,Female,35,42,11,236,22503,118
55215,68,Female,57,3,3,370,24513,117
55216,31,Female,149,31,18,372,8966,18
55217,27,Female,30,52,16,488,34969,1
55218,64,Male,37,41,16,52,596,107
55219,68,Female,101,57,12,484,31340,4
55220,53,Female,45,42,14,204,43868,12
55221,51,Female,135,53,9,430,4697,154
55222,26,Female,83,56,7,21,34479,160
55223,59,Female,148,87,14,480,10485,101
55224,45,Female,129,76,10,474,45409,79
55225,28,Female,73,72,11,281,2892,52
55226,31,Female,170,53,7,71,47590,99
55227,56,Male,160,85,19,26,2232,90
55228,64,Male,91,85,19,280,39956,15
55229,36,Female,152,32,11,35,42514,136
55230,32,Female,21,81,6,54,21318,30
55231,45,Female,51,54,8,395,27528,127
55232,41,Female,187,37,1,154,7839,126
55233,25,Male,100,88,8,74,48961,95
55234,60,Male,30,8,5,359,44895,8
55235,26,Female,130,82,10,489,4452,93
55236,64,Male,132,11,2,295,44899,145
55237,50,Male,28,54,4,499,37677,16
55238,50,Female,153,60,2,77,10868,113
55239,36,Female,101,10,15,371,5277,45
55240,20,Female,176,90,10,309,27675,138
55241,27,Male,118,70,2,105,1475,147
55242,57,Male,155,81,6,69,29138,167
55243,64,Female,181,87,14,492,32762,50
55244,59,Female,58,42,5,266,33026,60
55245,18,Male,42,37,2,28,20507,68
55246,46,Male,182,92,14,42,17200,127
55247,67,Female,30,80,13,476,14292,160
55248,51,Male,64,76,2,429,30454,80
55249,68,Female,129,58,9,100,3871,89
55250,30,Female,170,85,3,470,18295,86
55251,18,Male,82,59,15,484,1542,152
55252,51,Male,106,24,3,247,37720,28
55253,46,Male,135,28,12,471,37900,151
55254,65,Female,154,37,6,33,33991,63
55255,64,Female,30,21,19,236,39933,118
55256,30,Female,67,33,17,348,17317,127
55257,65,Female,196,2,6,390,41557,73
55258,66,Female,63,83,19,418,27862,66
55259,46,Female,178,28,17,404,9360,166
55260,56,Male,76,15,16,274,661,28
55261,41,Female,98,1,8,15,24913,154
55262,43,Female,168,28,19,67,17345,60
55263,34,Female,70,50,8,109,43357,128
55264,24,Female,134,35,15,131,25638,25
55265,30,Male,104,96,8,366,29652,149
55266,22,Female,164,28,3,166,792,25
55267,43,Male,134,9,16,210,5896,58
55268,66,Male,87,24,3,234,18931,38
55269,20,Female,83,63,1,480,18030,46
55270,24,Female,191,4,8,472,34410,113
55271,66,Male,112,56,9,276,3006,100
55272,56,Male,16,41,12,160,48188,132
55273,18,Female,67,67,18,419,32136,147
55274,66,Male,133,48,17,266,3525,24
55275,34,Female,21,86,8,487,39615,55
55276,60,Female,162,58,11,90,20340,153
55277,42,Male,172,39,7,440,21981,72
55278,20,Female,89,25,14,375,9193,127
55279,32,Female,109,60,10,434,41040,65
55280,46,Female,17,86,15,416,15353,68
55281,60,Male,198,47,12,109,10749,140
55282,49,Male,93,98,17,114,44417,153
55283,43,Male,31,61,8,261,28855,149
55284,33,Female,126,84,14,142,11687,147
55285,42,Male,66,27,15,108,40557,70
55286,45,Male,21,96,11,187,8987,54
55287,26,Male,126,42,12,274,35015,163
55288,18,Female,147,52,16,141,41186,3
55289,46,Female,68,93,18,208,35396,33
55290,39,Male,75,48,10,202,38407,7
55291,33,Male,123,32,19,217,330,105
55292,58,Male,30,24,18,66,19651,155
55293,68,Female,61,3,1,389,19935,1
55294,61,Male,62,27,4,418,2532,168
55295,68,Female,135,73,7,451,936,146
55296,58,Female,78,40,1,271,36815,163
55297,24,Female,64,23,8,239,17675,81
55298,31,Male,55,7,17,151,432,39
55299,46,Male,36,81,8,72,31530,124
55300,36,Female,129,37,5,127,49573,11
55301,36,Female,196,7,1,494,38723,101
55302,19,Female,19,94,15,468,1135,45
55303,58,Female,159,77,4,330,5933,131
55304,62,Male,115,82,7,317,24714,60
55305,32,Male,92,95,14,499,7767,92
55306,20,Female,55,22,12,330,34311,58
55307,28,Female,106,78,3,254,43471,111
55308,63,Female,177,82,18,390,564,34
55309,47,Male,182,99,8,365,46668,156
55310,57,Female,36,17,2,145,43949,61
55311,35,Male,190,19,6,105,32578,121
55312,68,Female,67,95,7,234,42410,110
55313,65,Male,107,39,7,17,8847,165
55314,19,Male,24,36,13,23,26539,144
55315,49,Female,160,15,1,33,13816,125
55316,25,Male,63,63,8,201,15040,173
55317,39,Male,85,29,13,250,45583,15
55318,23,Male,172,60,19,498,12124,4
55319,29,Male,33,56,17,358,41978,23
55320,64,Female,69,40,13,34,28868,80
55321,57,Female,35,16,16,399,26741,16
55322,53,Female,40,33,15,138,19975,88
55323,32,Female,42,89,11,96,31411,53
55324,45,Female,181,16,12,242,47764,10
55325,69,Male,175,30,3,298,20190,162
55326,66,Male,54,98,9,407,36482,146
55327,62,Male,43,66,14,456,32847,53
55328,35,Male,34,44,7,65,48554,16
55329,19,Female,34,38,11,199,21245,128
55330,30,Female,88,51,10,37,16086,115
55331,62,Male,154,60,3,38,25595,57
55332,32,Female,134,18,19,497,41124,23
55333,37,Male,111,5,2,288,34682,40
55334,46,Male,134,40,17,181,715,142
55335,59,Female,39,6,2,47,47721,80
55336,46,Female,167,76,16,442,5420,18
55337,20,Female,18,12,17,308,31327,164
55338,36,Female,18,12,10,275,42588,167
55339,20,Female,151,73,4,36,38217,104
55340,31,Female,157,22,11,145,44750,169
55341,57,Female,40,49,17,245,40978,1
55342,21,Male,93,50,12,254,24715,81
55343,69,Female,104,80,10,461,12522,92
55344,28,Male,85,4,16,478,6342,170
55345,48,Male,174,50,4,94,31073,152
55346,60,Female,90,3,3,423,11865,117
55347,49,Male,113,16,9,22,19719,65
55348,44,Female,194,14,6,67,38846,18
55349,47,Male,141,64,12,268,43775,90
55350,60,Male,46,41,1,477,5271,14
55351,19,Male,23,68,14,109,38910,19
55352,66,Female,92,59,10,113,31920,82
55353,26,Male,27,2,18,270,9668,109
55354,45,Male,198,10,13,287,21484,7
55355,48,Male,138,75,9,451,4859,64
55356,51,Female,186,90,19,75,3162,2
55357,32,Male,110,26,4,98,30934,7
55358,65,Female,97,4,3,305,42054,28
55359,42,Male,172,90,6,97,12827,92
55360,53,Male,158,28,9,387,2610,81
55361,25,Male,154,2,10,14,49531,30
55362,26,Female,32,66,9,153,788,85
55363,54,Male,155,16,17,126,18629,36
55364,65,Male,107,57,10,280,22438,116
55365,62,Male,38,23,6,214,36193,22
55366,56,Male,116,23,16,84,30940,79
55367,49,Female,154,77,17,89,11428,78
55368,69,Male,74,21,11,27,37732,155
55369,34,Male,74,25,7,226,40055,126
55370,52,Male,114,58,4,440,20637,10
55371,54,Male,15,37,10,111,4664,22
55372,36,Female,57,49,14,497,35674,151
55373,61,Male,69,77,17,141,46357,52
55374,46,Male,182,15,14,318,12358,170
55375,24,Female,48,28,13,67,7366,169
55376,45,Male,48,67,2,121,21822,48
55377,26,Male,190,87,9,94,12846,69
55378,45,Male,175,4,3,340,20510,179
55379,23,Female,172,47,4,323,34608,1
55380,46,Male,124,50,12,125,18234,97
55381,34,Female,98,60,15,324,14567,71
55382,33,Female,104,62,8,171,27181,152
55383,40,Female,93,67,18,295,8453,143
55384,48,Female,85,72,5,447,46376,172
55385,20,Female,85,43,2,333,11841,81
55386,38,Female,128,89,9,215,22199,49
55387,43,Female,43,58,14,340,22313,177
55388,53,Male,165,52,1,77,12939,95
55389,59,Male,176,76,4,419,36254,118
55390,54,Female,157,69,17,396,15643,98
55391,39,Female,111,97,10,257,14941,74
55392,59,Female,67,46,2,66,15541,37
55393,29,Female,159,25,6,174,34660,74
55394,59,Female,78,25,19,175,23858,170
55395,30,Female,75,35,9,306,16048,128
55396,28,Male,199,61,19,13,16940,10
55397,33,Male,122,15,19,419,14666,102
55398,25,Female,51,90,9,304,17179,53
55399,57,Female,149,74,3,374,18208,170
55400,57,Female,22,88,6,115,14460,136
55401,62,Male,92,35,6,117,15488,75
55402,19,Female,82,29,17,179,37934,84
55403,47,Male,35,38,13,276,26806,152
55404,47,Male,108,69,13,276,11564,51
55405,29,Male,89,24,7,63,42991,71
55406,27,Female,171,19,9,495,4153,149
55407,61,Female,167,46,18,175,24644,108
55408,28,Male,156,49,1,263,28077,6
55409,32,Male,92,44,13,285,39198,31
55410,33,Male,80,73,8,163,2770,140
55411,34,Male,196,26,9,137,32591,101
55412,43,Female,172,25,1,495,16676,141
55413,19,Male,160,35,9,85,10592,49
55414,67,Female,68,36,11,384,32366,31
55415,29,Male,114,14,4,230,12841,9
55416,68,Female,35,56,16,279,25654,155
55417,43,Male,67,6,14,443,21287,116
55418,40,Female,97,32,18,132,40709,115
55419,35,Female,158,26,9,34,34864,51
55420,49,Female,170,15,1,448,25758,72
55421,66,Male,18,49,3,444,35932,155
55422,55,Female,69,95,1,115,31328,128
55423,64,Male,29,56,3,115,9502,168
55424,20,Female,78,37,14,112,6554,62
55425,55,Female,126,53,14,483,24652,58
55426,20,Male,158,58,13,275,25158,143
55427,47,Female,132,83,1,23,30490,167
55428,18,Female,34,78,15,142,12202,70
55429,47,Male,78,36,7,450,26323,8
55430,62,Female,47,11,16,31,35886,163
55431,49,Female,95,27,1,84,21708,63
55432,45,Female,140,2,15,294,13587,31
55433,38,Female,83,22,15,400,14539,170
55434,63,Male,181,66,19,253,21620,88
55435,30,Female,178,84,6,265,41590,115
55436,44,Female,108,17,6,155,20127,41
55437,53,Female,82,4,1,424,43619,1
55438,24,Female,101,14,16,436,39080,74
55439,39,Female,35,7,18,221,2282,33
55440,27,Female,77,79,13,258,13753,108
55441,56,Female,99,94,12,44,36695,37
55442,32,Female,148,16,18,336,5203,124
55443,32,Male,38,66,10,262,35826,57
55444,21,Male,125,19,14,359,41443,11
55445,49,Male,195,1,11,269,926,84
55446,40,Male,109,31,18,316,16920,47
55447,23,Female,97,4,12,359,20186,89
55448,41,Female,116,91,17,295,30866,123
55449,37,Male,92,58,3,359,39051,132
55450,54,Male,192,56,1,190,25361,83
55451,37,Male,138,53,1,219,18498,77
55452,29,Female,154,89,6,119,41726,140
55453,50,Female,198,86,19,339,6426,128
55454,45,Male,134,43,4,151,46955,66
55455,25,Male,29,74,13,173,10757,165
55456,18,Male,97,97,12,96,5170,151
55457,54,Male,182,49,8,149,7022,55
55458,39,Male,183,60,7,341,34758,147
55459,23,Female,20,94,7,171,3081,67
55460,38,Male,81,94,7,35,5743,151
55461,49,Female,175,16,14,143,7330,4
55462,52,Male,185,73,18,366,14334,18
55463,32,Male,136,81,19,124,35829,12
55464,22,Female,163,99,19,190,14539,35
55465,63,Male,98,60,18,408,31386,155
55466,67,Female,125,47,6,371,27013,43
55467,65,Female,159,15,16,368,41222,78
55468,23,Male,150,63,3,156,9405,95
55469,42,Male,78,28,2,369,6333,67
55470,63,Female,140,20,15,440,18388,64
55471,57,Female,42,97,11,224,3525,93
55472,46,Male,112,63,19,493,36666,103
55473,24,Female,155,33,18,86,6173,52
55474,57,Male,27,36,11,104,6410,17
55475,30,Female,180,13,3,454,17461,33
55476,55,Male,167,62,4,494,36325,72
55477,35,Female,165,68,6,227,16715,163
55478,19,Female,100,23,12,372,38135,148
55479,25,Male,35,72,4,377,16114,81
55480,28,Female,196,13,12,61,27428,45
55481,50,Female,77,88,4,283,40052,77
55482,55,Female,172,40,2,453,1192,68
55483,65,Female,125,30,12,184,38740,50
55484,44,Female,90,94,13,322,23982,158
55485,37,Female,87,25,16,42,26535,2
55486,29,Female,174,97,4,369,2796,121
55487,60,Male,166,73,8,425,27875,34
55488,48,Female,21,26,5,141,48997,16
55489,44,Female,86,24,14,434,3149,124
55490,49,Male,143,97,15,284,21925,171
55491,27,Female,145,39,11,16,30271,64
55492,20,Female,118,89,10,236,25677,155
55493,62,Male,42,79,10,264,5790,65
55494,44,Female,57,61,6,291,40205,13
55495,52,Female,111,49,16,245,12829,40
55496,48,Male,60,41,4,352,265,160
55497,32,Male,15,70,9,363,13094,67
55498,33,Female,180,20,10,444,3964,14
55499,30,Female,116,44,5,193,44301,120
55500,66,Male,49,16,10,208,19377,120
55501,52,Female,68,21,16,212,44492,58
55502,69,Male,38,15,11,444,43739,92
55503,28,Male,170,39,6,145,34387,46
55504,38,Male,36,42,7,406,5677,90
55505,68,Female,30,61,12,297,12845,126
55506,28,Male,27,4,13,498,1615,110
55507,47,Male,114,24,17,299,41535,115
55508,65,Male,114,3,9,155,38392,121
55509,52,Female,76,1,8,216,6407,33
55510,39,Female,185,94,16,64,8569,46
55511,55,Female,101,13,3,308,16818,82
55512,48,Male,92,54,5,417,961,125
55513,31,Female,174,82,13,414,36846,54
55514,41,Female,81,40,18,411,21990,66
55515,67,Male,105,11,16,407,1482,132
55516,66,Male,199,42,14,259,16026,54
55517,49,Female,191,93,11,446,17847,114
55518,53,Female,47,4,18,284,28350,4
55519,49,Male,129,25,8,214,22287,145
55520,32,Female,33,36,12,322,36581,80
55521,60,Male,178,64,19,201,37414,73
55522,52,Male,138,44,2,345,37604,176
55523,20,Female,157,40,9,11,23693,177
55524,33,Female,134,92,9,194,3583,151
55525,22,Female,111,45,14,171,19593,27
55526,38,Female,38,8,15,58,40243,25
55527,27,Male,41,85,11,99,27654,93
55528,36,Female,191,35,13,447,229,152
55529,42,Female,89,44,5,260,49660,80
55530,21,Female,37,18,6,31,9901,92
55531,46,Male,175,47,5,221,18677,20
55532,36,Female,55,25,1,486,49488,53
55533,60,Female,70,41,18,475,17358,83
55534,19,Male,171,5,8,486,18182,74
55535,27,Male,173,64,17,243,9846,154
55536,60,Male,112,62,11,181,35571,130
55537,42,Male,160,72,11,100,2680,3
55538,37,Male,20,87,3,172,9238,103
55539,65,Female,194,3,8,294,24982,66
55540,36,Male,54,37,8,15,19714,153
55541,40,Male,56,95,3,253,9621,109
55542,41,Male,46,93,10,430,49298,15
55543,28,Male,24,41,19,388,23058,135
55544,63,Male,83,20,14,482,21275,128
55545,51,Male,23,67,18,350,23252,82
55546,45,Male,83,87,3,451,2996,71
55547,22,Male,153,40,14,457,34095,41
55548,22,Female,113,85,11,168,6702,126
55549,68,Female,88,77,10,132,46107,172
55550,38,Female,117,8,14,369,48692,123
55551,29,Male,137,5,1,443,45810,33
55552,67,Male,116,25,16,473,43565,151
55553,21,Male,22,39,6,197,1487,64
55554,66,Female,191,37,18,23,21434,134
55555,59,Male,166,5,16,79,25324,63
55556,37,Male,175,8,19,148,20529,126
55557,55,Male,33,4,16,420,46632,171
55558,42,Female,16,41,5,367,36897,153
55559,31,Female,69,60,12,334,36231,8
55560,28,Male,153,54,6,88,25582,165
55561,49,Female,31,22,2,303,2127,93
55562,28,Male,184,78,16,327,27909,28
55563,35,Male,75,19,11,446,30105,53
55564,44,Female,145,77,12,89,24558,120
55565,35,Female,100,99,11,155,20565,124
55566,40,Female,49,68,19,382,43259,55
55567,28,Female,117,33,8,234,18329,164
55568,38,Male,80,22,18,236,29184,143
55569,61,Male,15,65,5,391,46558,54
55570,22,Female,149,11,12,189,12875,61
55571,40,Female,162,16,10,33,24690,97
55572,58,Male,185,68,15,108,6171,54
55573,42,Male,133,93,5,400,18650,29
55574,58,Male,148,44,17,279,14856,81
55575,27,Male,69,88,4,443,41254,109
55576,39,Female,114,9,12,103,33097,27
55577,36,Female,35,72,18,289,7472,115
55578,18,Female,65,78,8,472,40056,140
55579,24,Male,188,79,17,278,3468,126
55580,21,Male,177,62,8,156,26729,23
55581,18,Female,114,86,13,294,43467,50
55582,32,Female,22,15,3,31,33954,75
55583,57,Female,82,6,3,11,36078,88
55584,29,Male,121,1,7,112,20156,155
55585,39,Female,158,20,18,470,23882,59
55586,39,Male,81,36,7,45,31073,9
55587,67,Female,16,2,2,303,35568,33
55588,64,Female,15,70,7,283,48648,70
55589,34,Female,15,2,2,60,35137,179
55590,46,Male,116,3,7,152,18363,168
55591,63,Male,129,7,14,393,17340,6
55592,31,Male,149,84,15,492,34135,132
55593,67,Male,102,64,16,445,23937,3
55594,37,Male,106,41,8,26,35562,141
55595,67,Male,32,54,16,377,21914,26
55596,65,Female,102,41,7,86,47703,34
55597,50,Male,174,5,11,287,3304,47
55598,60,Female,187,89,4,132,40294,136
55599,32,Male,47,82,18,447,33373,76
55600,29,Female,87,63,13,445,2611,136
55601,57,Female,191,1,17,497,27803,147
55602,37,Male,175,25,12,393,32647,32
55603,47,Female,42,81,18,478,24938,21
55604,55,Male,101,46,10,355,11203,151
55605,20,Male,67,15,7,183,13038,91
55606,45,Male,58,69,12,141,8522,89
55607,43,Male,94,17,12,272,19751,71
55608,47,Female,197,21,13,403,44215,42
55609,30,Male,152,53,1,280,10709,35
55610,30,Female,28,55,7,419,38768,130
55611,19,Female,117,87,16,217,44111,106
55612,54,Female,50,10,16,305,37850,76
55613,66,Male,48,81,16,235,27188,52
55614,55,Female,102,57,16,198,34901,17
55615,19,Male,160,65,14,474,20089,86
55616,53,Female,30,37,11,367,3179,9
55617,43,Male,179,7,19,153,1546,3
55618,28,Male,55,76,11,363,12192,22
55619,25,Male,39,40,2,260,2836,36
55620,61,Male,140,50,7,385,31127,167
55621,57,Female,22,1,9,486,24820,18
55622,60,Female,126,20,9,254,546,81
55623,39,Male,108,31,14,27,45969,27
55624,37,Female,98,68,10,212,20377,118
55625,25,Male,160,90,16,213,16399,96
55626,46,Male,82,12,18,494,13134,141
55627,57,Female,190,22,1,11,43576,17
55628,43,Male,81,1,2,447,29229,61
55629,47,Male,160,1,4,385,5200,146
55630,34,Male,125,3,2,411,41219,17
55631,37,Male,32,76,4,63,18929,48
55632,69,Male,70,21,6,175,47362,16
55633,33,Female,165,13,4,362,15983,153
55634,63,Female,49,61,18,338,37294,27
55635,60,Female,148,13,5,152,3966,14
55636,24,Male,132,82,11,457,33415,92
55637,33,Male,40,33,13,101,31532,111
55638,62,Male,75,6,3,17,40761,116
55639,64,Male,102,25,19,261,35383,117
55640,65,Male,29,23,11,439,37046,50
55641,44,Male,105,88,11,109,45809,29
55642,40,Female,46,26,2,48,38116,28
55643,41,Male,154,4,15,445,3235,149
55644,26,Female,147,35,8,145,2524,152
55645,52,Male,78,75,2,371,23336,46
55646,68,Female,100,25,8,443,31622,60
55647,37,Male,169,20,15,59,30274,99
55648,54,Female,59,1,16,92,21510,148
55649,59,Female,49,94,13,263,24813,52
55650,34,Male,40,68,17,205,6025,150
55651,64,Male,37,23,14,36,40787,68
55652,48,Female,155,99,14,86,41448,144
55653,25,Male,145,22,1,303,23702,149
55654,32,Male,43,95,1,264,22196,172
55655,48,Male,78,62,3,30,40904,62
55656,47,Female,170,1,15,227,39563,149
55657,63,Male,178,59,5,54,14563,104
55658,37,Female,127,68,5,451,13189,139
55659,56,Female,148,19,4,416,48060,120
55660,29,Male,153,30,14,191,38460,37
55661,66,Female,180,1,7,295,14338,172
55662,34,Male,132,48,15,488,39672,124
55663,59,Male,176,19,11,360,24052,22
55664,47,Female,81,52,14,153,33171,171
55665,46,Female,122,85,6,61,39490,21
55666,36,Female,188,22,10,260,31821,161
55667,63,Female,100,50,7,115,21818,145
55668,28,Female,43,66,10,306,25819,36
55669,51,Male,74,6,14,208,46263,142
55670,67,Female,68,64,5,346,18204,165
55671,24,Male,107,21,1,289,20420,159
55672,61,Male,83,97,19,157,36225,132
55673,51,Female,131,19,8,112,29224,134
55674,37,Female,23,91,19,420,17721,178
55675,67,Female,140,37,17,11,10953,85
55676,55,Female,91,63,19,265,8937,38
55677,41,Female,24,29,16,69,45537,79
55678,27,Male,116,60,4,316,25448,133
55679,49,Male,72,92,8,394,31525,166
55680,69,Male,127,34,4,491,25535,24
55681,32,Female,194,1,13,100,9736,18
55682,54,Female,176,48,7,110,31285,93
55683,37,Male,120,89,1,123,33487,160
55684,20,Female,49,21,9,271,8200,71
55685,54,Female,117,34,4,431,20789,102
55686,57,Female,117,26,14,63,15441,90
55687,25,Male,175,36,9,197,28391,72
55688,57,Female,174,99,3,36,32506,89
55689,61,Male,197,23,15,249,29824,158
55690,40,Female,111,81,5,89,13167,88
55691,57,Female,150,47,1,199,44774,158
55692,28,Male,188,76,11,328,13446,133
55693,63,Female,156,44,19,364,6667,4
55694,25,Female,150,20,5,100,39039,179
55695,46,Female,120,27,17,44,14547,137
55696,47,Male,85,61,19,67,2022,55
55697,27,Female,91,37,17,198,18608,33
55698,56,Female,68,84,5,262,15582,115
55699,45,Female,35,52,9,45,1384,93
55700,66,Female,125,75,6,367,14799,31
55701,53,Female,89,92,13,101,16963,108
55702,30,Male,28,62,11,65,32696,83
55703,49,Male,16,66,1,76,14960,66
55704,53,Female,122,24,17,322,9007,148
55705,54,Female,159,80,6,178,33403,114
55706,43,Male,92,12,3,296,37985,85
55707,39,Female,62,16,16,140,1747,36
55708,21,Female,105,36,13,175,25910,84
55709,48,Female,150,2,12,446,41611,108
55710,35,Female,198,89,11,61,15973,20
55711,55,Female,31,62,2,161,4555,173
55712,41,Female,26,64,19,419,15357,100
55713,40,Female,180,29,8,114,15910,46
55714,39,Female,160,92,13,376,31771,117
55715,19,Male,40,74,14,101,30079,18
55716,48,Male,51,87,15,210,22902,97
55717,28,Female,84,96,17,302,911,146
55718,45,Female,183,31,15,382,44849,34
55719,63,Female,93,83,10,228,22089,79
55720,49,Female,184,15,1,441,31504,131
55721,22,Male,104,55,12,76,7639,72
55722,55,Male,55,33,9,178,28573,139
55723,27,Male,189,81,5,314,47489,174
55724,57,Male,156,52,15,37,27475,170
55725,63,Female,143,20,3,297,38988,17
55726,41,Female,31,73,19,364,41326,47
55727,52,Female,197,38,7,464,39254,30
55728,61,Male,67,3,7,336,4788,171
55729,65,Female,132,54,7,478,18703,136
55730,40,Female,123,66,2,41,7711,40
55731,34,Male,173,18,2,175,22874,148
55732,18,Male,150,87,12,413,38425,76
55733,48,Male,172,83,5,145,34076,85
55734,48,Male,91,7,4,77,11330,156
55735,59,Male,94,35,7,163,19438,28
55736,59,Female,59,84,16,472,19798,59
55737,51,Female,32,84,3,335,42494,80
55738,26,Male,113,83,2,313,20024,74
55739,39,Female,187,80,17,105,6026,7
55740,30,Female,161,85,9,206,34687,68
55741,42,Female,82,93,8,117,3060,24
55742,65,Female,97,60,12,55,42130,98
55743,35,Male,64,24,7,195,44672,41
55744,68,Female,39,93,14,463,266,54
55745,29,Female,180,95,16,332,24485,14
55746,57,Female,135,39,1,294,20429,172
55747,34,Male,178,12,10,92,25613,49
55748,32,Female,82,94,11,147,17510,63
55749,59,Male,70,53,7,336,3805,45
55750,32,Male,53,64,18,246,49692,72
55751,32,Male,77,4,19,458,49453,106
55752,56,Male,142,94,14,330,11777,7
55753,30,Female,149,5,17,154,24717,3
55754,34,Male,136,16,19,287,49252,88
55755,49,Male,73,27,13,109,13439,175
55756,26,Male,62,4,3,23,34101,30
55757,57,Male,147,72,2,271,21586,5
55758,37,Male,50,48,9,423,46711,104
55759,43,Female,102,8,7,56,27165,113
55760,44,Male,39,81,14,234,17411,7
55761,38,Female,187,46,5,413,11118,167
55762,35,Female,33,44,15,153,38117,130
55763,30,Male,149,67,1,205,48800,171
55764,33,Female,80,91,7,299,5291,140
55765,26,Female,94,52,5,266,49736,28
55766,29,Female,181,34,4,470,32976,108
55767,61,Male,139,62,11,441,13463,147
55768,55,Male,160,21,19,17,1178,28
55769,36,Male,117,24,6,287,20307,99
55770,24,Male,143,44,18,333,18674,76
55771,52,Male,145,41,5,299,11568,92
55772,65,Male,141,29,15,453,26623,147
55773,35,Male,35,6,6,438,19686,64
55774,33,Female,140,56,4,302,20337,91
55775,56,Female,138,14,17,386,36712,117
55776,21,Male,172,50,15,32,7130,137
55777,42,Female,25,78,18,93,34756,169
55778,49,Male,36,52,6,264,17826,50
55779,57,Male,125,88,19,382,10399,10
55780,30,Male,139,77,12,33,41272,82
55781,62,Female,71,1,9,484,48035,10
55782,34,Male,103,12,8,406,36734,135
55783,66,Male,145,24,15,334,6355,104
55784,54,Male,172,37,1,345,11934,160
55785,23,Male,142,84,2,325,1563,54
55786,36,Female,59,70,3,47,11311,70
55787,30,Male,50,76,19,441,28771,34
55788,43,Female,101,85,10,230,43453,43
55789,31,Female,132,3,14,419,48577,126
55790,48,Male,86,27,19,223,39620,133
55791,21,Male,196,53,11,481,36343,147
55792,56,Female,82,17,6,342,12351,113
55793,25,Female,192,15,19,94,16451,114
55794,42,Female,117,39,14,394,5832,54
55795,30,Female,173,4,8,13,3632,142
55796,49,Male,43,17,2,204,16274,138
55797,55,Female,178,11,18,123,30963,49
55798,55,Female,119,12,4,224,38406,11
55799,45,Female,87,32,3,345,15142,159
55800,47,Female,133,27,2,374,15853,138
55801,20,Male,99,44,4,150,23236,21
55802,45,Male,103,43,18,176,40656,129
55803,20,Male,103,91,11,296,6093,46
55804,62,Female,90,49,9,417,17933,107
55805,51,Female,153,93,8,393,30148,74
55806,33,Male,130,73,8,344,507,20
55807,39,Male,153,43,5,14,9738,21
55808,49,Female,168,3,13,136,14119,165
55809,55,Male,67,29,7,442,25642,142
55810,25,Female,156,85,5,95,8009,57
55811,25,Female,78,35,13,95,38704,57
55812,23,Female,152,48,16,404,45966,69
55813,31,Female,45,74,14,33,30186,152
55814,49,Female,50,87,5,54,41023,151
55815,52,Female,24,39,19,467,24293,47
55816,27,Male,40,89,4,120,31860,166
55817,20,Male,34,24,11,299,41077,141
55818,29,Male,139,20,2,404,46884,8
55819,66,Female,58,15,13,194,42672,102
55820,48,Male,76,85,16,244,15496,160
55821,46,Female,93,76,9,166,2483,145
55822,22,Female,23,18,16,415,40520,5
55823,69,Female,85,60,7,170,31280,72
55824,42,Female,104,87,16,209,45184,123
55825,58,Male,38,93,13,131,24718,125
55826,48,Male,154,41,5,442,20362,178
55827,38,Male,74,69,15,233,25643,94
55828,37,Female,98,90,7,497,1582,140
55829,56,Male,134,75,18,374,20198,172
55830,39,Male,92,11,2,32,27638,68
55831,21,Male,30,56,8,206,23679,138
55832,30,Female,43,18,10,488,9375,48
55833,62,Male,174,12,10,294,24893,156
55834,59,Female,133,16,11,15,35494,5
55835,67,Male,49,27,8,317,47980,44
55836,66,Female,57,17,16,354,25994,159
55837,37,Male,110,85,16,98,24403,16
55838,69,Male,133,31,17,488,17627,123
55839,30,Male,67,35,6,387,32229,23
55840,34,Female,34,27,18,407,19089,93
55841,53,Male,129,87,17,282,44974,111
55842,50,Male,22,32,12,473,11911,21
55843,18,Female,136,17,15,293,24342,130
55844,32,Female,56,11,7,274,35655,23
55845,30,Female,91,1,14,124,3356,139
55846,34,Female,84,92,4,133,17159,118
55847,41,Male,125,82,17,459,28121,123
55848,25,Male,30,49,11,269,11239,130
55849,67,Female,83,41,6,413,33370,82
55850,44,Male,67,20,10,178,8644,141
55851,62,Female,187,71,15,45,1829,45
55852,40,Male,193,37,6,238,24552,72
55853,63,Female,20,16,16,143,48261,138
55854,25,Male,137,39,12,253,35677,91
55855,25,Female,47,45,19,74,48692,81
55856,43,Female,29,64,16,246,45924,21
55857,64,Male,28,47,14,443,21407,1
55858,30,Male,181,23,6,457,11723,144
55859,56,Male,77,32,9,12,30329,171
55860,54,Female,19,49,1,46,4243,134
55861,66,Male,135,81,8,118,35627,76
55862,45,Female,104,19,7,499,5441,112
55863,42,Male,121,98,14,259,16203,11
55864,33,Male,194,78,8,12,46796,96
55865,19,Female,30,67,11,244,42138,177
55866,35,Female,113,39,9,426,4016,20
55867,34,Male,180,89,19,452,19310,21
55868,47,Female,67,60,7,260,768,36
55869,56,Female,91,11,6,152,45798,38
55870,30,Male,107,49,18,257,4305,56
55871,49,Female,195,15,5,65,45412,91
55872,67,Male,188,83,19,70,35740,11
55873,46,Male,112,61,11,77,45396,18
55874,63,Female,112,43,5,88,4254,81
55875,47,Male,157,15,9,336,27462,98
55876,35,Female,73,79,8,376,24461,45
55877,30,Male,192,79,11,205,20582,154
55878,60,Female,151,73,6,455,33104,126
55879,38,Female,40,5,15,204,21370,59
55880,47,Female,17,83,6,32,30495,134
55881,38,Female,114,88,11,23,26199,43
55882,65,Female,61,29,15,399,31362,94
55883,34,Male,19,62,12,298,37739,103
55884,57,Male,76,60,9,18,18120,17
55885,36,Female,98,69,10,149,35292,77
55886,69,Male,147,22,15,251,44915,117
55887,32,Female,152,13,17,262,42539,46
55888,26,Female,94,50,16,236,9324,169
55889,69,Male,77,47,8,382,12237,141
55890,27,Male,39,29,17,104,48981,134
55891,61,Female,58,80,11,188,7460,161
55892,48,Female,167,17,11,12,39752,132
55893,40,Female,172,20,6,193,40271,178
55894,69,Female,28,78,2,55,14646,48
55895,47,Female,100,6,1,301,9459,99
55896,50,Female,185,22,6,150,27714,27
55897,69,Male,170,9,5,22,16794,6
55898,26,Female,33,32,9,195,10782,58
55899,64,Female,116,88,5,491,39472,1
55900,18,Male,184,33,18,94,48658,28
55901,61,Female,34,77,19,427,27582,29
55902,52,Female,93,99,15,499,45763,96
55903,28,Male,153,70,15,52,25007,156
55904,51,Female,196,49,9,393,17387,91
55905,33,Male,112,30,14,165,19151,68
55906,26,Female,135,16,5,193,18731,41
55907,49,Male,166,65,17,56,39364,106
55908,32,Male,31,82,15,428,15329,116
55909,29,Male,170,86,17,215,11242,160
55910,50,Female,64,90,9,219,1923,123
55911,62,Female,197,14,13,284,41291,150
55912,31,Male,24,56,13,92,15795,121
55913,25,Male,163,37,5,106,22948,57
55914,25,Female,72,49,14,188,43269,22
55915,44,Female,176,78,7,364,25607,66
55916,29,Female,109,90,5,157,28537,169
55917,18,Female,121,50,12,294,8794,43
55918,60,Female,185,36,3,393,22898,34
55919,57,Male,153,52,9,81,38563,114
55920,59,Female,47,23,10,226,10009,2
55921,68,Male,60,66,1,218,28885,59
55922,28,Female,143,71,14,330,49330,36
55923,56,Male,163,45,1,303,469,8
55924,60,Male,76,86,10,442,13565,161
55925,48,Female,101,28,11,133,17738,33
55926,34,Male,87,20,2,359,48937,18
55927,50,Male,198,49,2,165,30668,64
55928,49,Male,15,57,11,42,24484,61
55929,46,Male,35,82,8,278,32944,83
55930,38,Female,36,88,3,225,22220,10
55931,38,Male,196,97,9,437,6972,178
55932,57,Female,18,59,16,110,35316,106
55933,40,Male,79,26,16,479,43143,22
55934,23,Female,193,19,10,189,39026,39
55935,39,Female,77,13,6,136,4722,102
55936,67,Female,157,74,11,342,2363,65
55937,55,Male,50,62,8,497,46842,30
55938,54,Female,43,14,1,469,15777,133
55939,62,Female,194,73,6,386,4363,111
55940,68,Male,188,11,8,178,43950,26
55941,25,Female,83,67,14,314,15372,120
55942,58,Male,171,12,3,375,37454,63
55943,66,Male,125,35,2,144,14495,174
55944,52,Female,189,39,1,301,13937,31
55945,68,Male,167,32,11,102,11053,169
55946,28,Male,158,14,6,230,43126,140
55947,41,Male,114,65,8,419,27127,17
55948,66,Female,55,27,7,164,19010,146
55949,38,Male,162,60,6,289,16297,113
55950,68,Male,178,43,18,488,22095,92
55951,19,Male,62,65,12,208,37151,39
55952,57,Female,144,55,8,346,27453,74
55953,36,Male,171,93,19,250,38879,111
55954,56,Female,158,88,5,426,14164,161
55955,45,Male,177,81,19,107,13112,136
55956,34,Female,125,35,9,259,38176,91
55957,23,Female,76,95,12,411,41146,26
55958,36,Female,121,32,15,114,11316,76
55959,55,Male,120,19,13,270,36860,35
55960,45,Male,146,95,13,138,46254,57
55961,19,Male,127,39,5,336,6799,21
55962,55,Female,82,20,2,387,8846,165
55963,54,Male,193,28,19,491,23238,124
55964,68,Male,103,3,8,268,19830,133
55965,69,Female,175,32,14,301,13422,17
55966,21,Male,92,86,6,428,4504,126
55967,39,Male,166,58,7,444,32889,98
55968,43,Female,89,54,14,386,38400,97
55969,66,Female,39,42,6,149,35818,82
55970,60,Male,170,15,16,24,22207,25
55971,53,Female,21,83,4,397,44497,105
55972,30,Male,127,62,7,193,14830,61
55973,69,Male,50,31,16,490,34689,94
55974,49,Male,24,61,4,25,18610,37
55975,34,Male,127,26,7,230,47268,109
55976,58,Male,50,69,2,399,17734,141
55977,53,Female,32,57,8,72,34397,121
55978,63,Female,148,20,10,250,848,40
55979,36,Male,149,66,2,494,33323,170
55980,52,Female,116,21,6,288,3023,84
55981,63,Female,154,60,4,342,8357,70
55982,57,Male,183,63,1,437,15781,153
55983,45,Female,39,51,6,266,40511,170
55984,18,Female,195,92,12,194,28161,138
55985,59,Male,47,84,14,85,45094,95
55986,35,Male,101,39,15,36,38237,43
55987,65,Male,87,11,18,34,22963,128
55988,57,Male,20,57,17,351,4134,89
55989,50,Male,151,3,9,71,22198,156
55990,29,Male,81,37,15,491,7285,152
55991,25,Male,158,84,18,155,47000,99
55992,41,Female,107,96,18,242,16850,41
55993,33,Male,122,25,5,473,7517,61
55994,67,Female,197,21,16,358,29686,124
55995,21,Female,182,80,9,295,18464,133
55996,55,Male,40,42,3,423,18132,97
55997,61,Female,52,1,12,93,33349,139
55998,44,Female,177,23,14,184,34603,8
55999,26,Female,156,24,1,415,45761,149
56000,64,Male,189,47,9,390,10676,5
56001,33,Female,117,89,9,179,44818,34
56002,29,Female,56,7,13,299,7617,9
56003,48,Male,193,38,8,456,2837,38
56004,41,Female,161,47,11,13,48093,43
56005,31,Female,80,35,14,296,5770,96
56006,62,Female,189,78,16,316,21433,138
56007,42,Female,56,62,11,59,39018,12
56008,51,Female,52,73,19,279,26221,99
56009,20,Male,155,3,10,17,22529,146
56010,41,Female,120,20,8,366,32879,140
56011,59,Male,186,97,11,78,49372,31
56012,26,Female,166,44,8,401,12792,11
56013,43,Male,110,32,10,148,28200,98
56014,37,Male,172,26,17,257,13091,27
56015,57,Male,84,48,11,38,48110,21
56016,27,Female,52,5,12,192,33977,128
56017,36,Female,111,59,10,222,45700,13
56018,20,Female,122,61,17,432,7979,45
56019,41,Female,133,49,3,406,47569,175
56020,22,Female,165,30,7,329,40108,25
56021,20,Male,88,17,3,314,19232,77
56022,44,Male,71,70,17,28,8024,64
56023,33,Male,124,58,8,392,15168,99
56024,66,Female,93,63,19,460,45579,156
56025,32,Female,165,61,14,235,38353,148
56026,52,Male,50,63,5,239,49212,169
56027,29,Female,71,15,19,348,29957,4
56028,58,Female,143,1,13,105,47392,84
56029,61,Male,17,13,18,493,15217,24
56030,43,Male,28,48,11,124,28532,145
56031,64,Female,48,34,12,368,6708,133
56032,51,Female,84,30,8,189,45127,57
56033,40,Male,83,19,12,382,12133,154
56034,48,Female,193,64,1,87,12305,100
56035,67,Male,118,66,18,336,44956,145
56036,37,Male,43,57,2,285,25160,8
56037,29,Male,62,44,12,361,43722,10
56038,40,Female,108,12,19,375,7736,178
56039,21,Male,93,40,7,191,23036,124
56040,40,Male,131,24,7,104,2417,14
56041,65,Female,158,11,1,95,16730,91
56042,65,Male,199,66,18,398,28365,27
56043,18,Female,152,1,8,104,18510,5
56044,42,Female,161,58,10,344,3954,79
56045,19,Female,81,28,1,455,41239,156
56046,47,Male,178,68,15,154,29675,133
56047,20,Male,146,94,15,257,6795,86
56048,38,Female,89,59,4,190,28313,140
56049,42,Female,175,71,10,302,17561,8
56050,37,Female,42,22,8,28,14066,59
56051,66,Male,135,90,14,147,39020,60
56052,69,Female,23,29,13,53,19388,80
56053,39,Female,148,89,17,235,4590,55
56054,38,Female,137,74,7,442,9545,94
56055,50,Male,63,84,6,354,6212,171
56056,69,Female,105,78,9,46,6083,41
56057,55,Male,139,97,8,323,41772,10
56058,32,Male,90,69,14,229,27706,116
56059,63,Female,164,45,3,137,42970,84
56060,69,Female,118,70,13,152,20162,107
56061,32,Female,190,86,9,413,20748,7
56062,63,Male,163,17,9,192,4851,21
56063,42,Male,47,79,11,406,3156,75
56064,38,Male,198,39,6,413,38749,101
56065,41,Female,171,40,12,52,29371,44
56066,22,Male,67,28,4,488,36174,88
56067,23,Female,54,2,4,219,49225,37
56068,66,Female,32,82,17,434,37565,172
56069,60,Female,189,27,7,57,42133,65
56070,65,Male,27,21,6,321,28192,114
56071,61,Male,169,87,8,229,25676,6
56072,64,Male,88,7,7,376,859,38
56073,40,Female,110,61,8,205,8005,171
56074,21,Male,119,52,9,481,960,57
56075,44,Male,187,48,1,181,30973,70
56076,35,Female,145,19,3,246,41491,65
56077,38,Female,164,73,18,466,33926,112
56078,45,Male,169,12,19,184,28267,35
56079,52,Female,197,94,11,443,42918,24
56080,39,Male,81,71,16,41,38808,38
56081,57,Female,47,2,18,233,4608,3
56082,40,Female,16,17,6,63,2055,179
56083,20,Male,89,75,2,432,27985,168
56084,57,Female,188,76,4,478,16938,54
56085,67,Female,88,3,5,195,5821,66
56086,27,Female,175,21,14,243,35240,115
56087,42,Male,149,78,1,326,47610,60
56088,69,Female,157,79,14,240,37858,15
56089,66,Female,40,51,13,119,27214,174
56090,25,Male,153,10,16,484,3362,110
56091,28,Male,142,55,4,376,20464,4
56092,22,Female,180,36,6,109,39485,24
56093,62,Female,41,51,9,209,8595,83
56094,54,Female,149,74,1,220,808,94
56095,62,Male,143,17,17,230,27456,103
56096,55,Female,35,89,4,412,8276,40
56097,46,Male,93,61,6,334,34108,27
56098,22,Male,172,91,16,159,12553,37
56099,26,Female,108,97,7,172,26954,1
56100,65,Female,22,75,5,403,5074,137
56101,19,Male,97,13,9,152,5196,146
56102,18,Female,17,65,19,267,21507,123
56103,57,Female,69,95,1,254,46665,39
56104,68,Male,157,97,8,499,8373,30
56105,47,Female,50,85,4,159,39203,20
56106,28,Male,20,80,17,121,5396,143
56107,45,Female,135,87,1,108,8117,64
56108,61,Male,56,74,2,112,48579,119
56109,29,Male,64,48,14,220,938,153
56110,56,Female,126,97,2,21,14383,177
56111,43,Male,160,86,1,390,24071,67
56112,30,Male,64,70,13,235,11092,122
56113,25,Female,44,47,8,455,36691,26
56114,45,Female,53,10,9,310,857,173
56115,47,Female,130,57,2,451,23896,126
56116,26,Male,154,80,17,157,19310,6
56117,56,Male,73,13,6,188,9501,32
56118,48,Male,90,61,3,16,22772,17
56119,38,Female,186,58,17,161,30535,174
56120,64,Male,146,84,6,332,24621,53
56121,51,Male,178,68,8,79,2364,100
56122,48,Female,62,84,14,362,41306,132
56123,69,Male,156,86,10,62,45215,110
56124,42,Female,95,29,10,171,39770,156
56125,29,Female,63,16,15,426,4831,71
56126,18,Female,81,63,8,102,36197,144
56127,39,Male,91,47,11,160,21098,101
56128,57,Male,151,43,16,67,38197,167
56129,54,Male,35,23,3,205,31932,91
56130,64,Female,119,30,15,334,28151,158
56131,18,Female,86,57,13,491,23209,57
56132,18,Female,30,30,11,217,44798,56
56133,59,Male,158,67,14,433,48464,167
56134,59,Male,42,56,7,312,5396,127
56135,38,Male,193,24,19,308,33889,170
56136,32,Male,198,77,15,454,21371,18
56137,34,Male,94,96,6,435,29683,75
56138,39,Female,71,76,7,71,28315,22
56139,55,Male,124,8,14,204,22354,132
56140,52,Female,66,88,4,64,40817,3
56141,62,Female,188,44,9,372,20613,24
56142,33,Male,180,80,7,58,35946,52
56143,25,Female,98,96,15,115,9479,67
56144,64,Male,62,34,3,442,27942,123
56145,34,Male,141,35,5,87,38745,31
56146,34,Female,183,96,17,384,23125,53
56147,43,Male,112,50,1,426,23615,121
56148,30,Male,132,17,1,293,2296,163
56149,34,Female,107,2,16,66,5772,31
56150,55,Female,81,90,14,178,18776,76
56151,34,Female,88,54,11,385,12885,138
56152,65,Female,98,44,14,385,29642,84
56153,31,Female,169,81,8,216,21350,146
56154,62,Female,174,49,19,269,30624,108
56155,23,Male,198,2,2,285,38390,56
56156,52,Male,24,72,10,382,25203,36
56157,63,Male,182,70,5,354,19672,51
56158,31,Female,159,9,15,172,4376,147
56159,64,Male,132,1,1,253,10623,81
56160,25,Female,111,69,2,259,39578,104
56161,32,Male,20,9,19,318,40206,125
56162,44,Female,181,14,17,48,22817,139
56163,30,Male,32,27,15,318,20247,5
56164,66,Female,86,9,18,130,34949,101
56165,48,Female,103,36,8,95,29470,173
56166,52,Female,56,93,14,108,49066,100
56167,23,Female,18,84,8,383,43564,173
56168,22,Male,34,79,8,255,44680,176
56169,39,Male,42,3,19,357,49064,108
56170,66,Female,182,23,13,403,3417,14
56171,40,Female,118,73,5,217,10494,117
56172,42,Female,58,30,10,122,6016,28
56173,51,Male,37,19,7,480,41306,9
56174,43,Female,199,67,9,92,37649,59
56175,64,Female,61,50,14,74,25511,38
56176,22,Male,27,48,6,10,32175,93
56177,43,Female,158,3,10,446,16027,153
56178,37,Female,197,98,1,183,25470,72
56179,23,Male,109,66,11,259,46375,48
56180,23,Female,30,27,8,419,7858,147
56181,67,Female,133,87,6,235,6252,130
56182,35,Male,179,96,17,395,1053,6
56183,21,Female,194,99,4,293,447,158
56184,34,Male,131,40,6,93,46804,61
56185,31,Female,24,18,15,499,15629,2
56186,31,Female,136,27,10,248,23076,179
56187,30,Female,52,11,17,420,37505,83
56188,24,Female,58,39,10,37,10695,13
56189,61,Female,109,19,5,389,42569,49
56190,32,Male,88,89,19,296,27328,8
56191,36,Female,196,7,7,440,12163,9
56192,60,Female,127,95,19,400,2663,151
56193,64,Male,65,57,10,337,14854,73
56194,61,Male,66,2,19,489,9377,144
56195,52,Female,106,38,11,468,6673,144
56196,34,Male,73,5,3,313,40279,12
56197,52,Female,27,78,11,291,21950,121
56198,36,Male,183,82,6,192,3334,139
56199,37,Male,26,36,6,354,49009,82
56200,53,Female,64,68,15,144,4200,141
56201,52,Male,71,88,3,477,16373,163
56202,49,Female,192,77,11,370,7870,107
56203,65,Male,133,85,8,66,9812,171
56204,61,Male,71,57,8,124,21480,101
56205,57,Male,196,97,16,195,49474,158
56206,41,Female,22,20,3,487,23457,60
56207,34,Female,120,5,8,385,41845,67
56208,24,Male,151,24,8,10,1861,29
56209,60,Female,134,99,13,347,7682,153
56210,67,Female,77,30,1,465,19459,66
56211,18,Female,86,28,10,38,29207,5
56212,52,Male,145,53,5,241,23475,124
56213,49,Female,27,51,5,159,29732,95
56214,53,Male,151,7,17,489,12292,5
56215,30,Male,66,42,14,433,35131,85
56216,23,Male,76,35,6,199,19422,49
56217,31,Male,133,94,14,279,20044,26
56218,54,Male,123,34,12,257,40220,71
56219,65,Female,22,73,1,395,40767,158
56220,32,Female,109,76,5,428,13675,98
56221,64,Male,139,54,18,336,33522,156
56222,21,Female,187,29,14,204,11599,126
56223,57,Female,67,10,7,390,40893,14
56224,33,Female,77,27,15,264,28065,18
56225,45,Female,109,83,9,88,4208,57
56226,33,Female,95,13,15,372,2016,25
56227,21,Female,71,42,16,107,7739,70
56228,62,Female,196,37,9,159,47537,133
56229,43,Male,161,61,7,283,15674,85
56230,45,Male,81,96,7,311,49540,39
56231,49,Male,60,79,17,347,34188,114
56232,62,Female,108,21,11,456,23251,11
56233,19,Female,152,3,6,132,14147,102
56234,48,Male,127,8,14,107,44028,25
56235,20,Female,107,70,15,173,10453,158
56236,25,Female,160,93,8,55,29838,2
56237,41,Male,154,83,4,368,35875,36
56238,32,Male,63,17,1,248,15804,37
56239,60,Male,37,10,6,239,34683,2
56240,48,Female,76,97,1,302,15861,108
56241,26,Female,25,13,5,253,44695,175
56242,56,Female,87,91,19,27,14448,91
56243,62,Male,132,12,5,180,40777,96
56244,19,Male,198,66,5,369,31352,4
56245,25,Female,102,74,17,166,39078,94
56246,24,Male,103,85,12,213,17195,46
56247,61,Male,69,23,7,155,10901,109
56248,68,Female,167,65,15,488,27701,102
56249,56,Male,23,97,19,152,33251,164
56250,59,Male,26,52,13,196,2870,65
56251,33,Male,153,61,12,497,15335,56
56252,52,Female,127,26,19,131,26403,35
56253,47,Female,180,15,13,359,45789,119
56254,27,Male,170,22,6,109,41841,101
56255,55,Female,22,89,1,293,11831,23
56256,35,Female,189,65,6,446,40132,78
56257,67,Female,50,26,13,24,15716,44
56258,22,Male,139,21,13,393,31653,1
56259,46,Female,64,24,13,52,40598,140
56260,56,Male,121,16,4,298,46859,141
56261,51,Male,23,32,5,395,37224,155
56262,60,Female,81,16,13,196,20853,20
56263,62,Male,67,77,9,17,48208,111
56264,40,Female,96,42,17,121,16109,112
56265,22,Female,124,32,3,42,26135,98
56266,47,Male,159,50,18,428,2273,6
56267,23,Male,67,41,15,411,28351,136
56268,63,Female,170,24,1,99,36338,21
56269,61,Female,128,13,9,158,2684,103
56270,21,Female,77,75,6,457,42978,149
56271,46,Female,157,79,18,421,39870,45
56272,40,Male,33,10,1,221,40373,70
56273,23,Male,138,42,7,125,35634,105
56274,49,Male,100,41,10,182,28181,172
56275,59,Female,84,3,6,29,3584,158
56276,35,Male,61,55,7,388,17106,138
56277,32,Male,122,16,6,141,18277,75
56278,57,Male,190,44,8,301,4383,1
56279,49,Male,34,81,2,363,27065,138
56280,26,Female,51,89,9,246,15544,153
56281,54,Male,144,30,9,86,33565,83
56282,27,Male,50,99,7,232,30918,74
56283,37,Male,147,37,9,445,42805,111
56284,23,Male,78,60,17,135,7695,14
56285,65,Female,21,77,3,48,26934,131
56286,20,Female,134,24,16,336,18920,168
56287,59,Male,36,26,16,218,31027,161
56288,28,Female,60,58,2,115,24267,135
56289,60,Female,182,9,11,149,18298,108
56290,34,Female,124,61,16,258,28514,3
56291,49,Female,60,19,15,64,13288,119
56292,21,Male,42,28,1,127,11176,165
56293,21,Female,101,7,17,359,3376,93
56294,34,Female,49,45,3,185,32325,154
56295,58,Male,143,86,19,363,30491,91
56296,36,Male,171,94,7,479,47380,25
56297,22,Male,23,63,11,222,24978,168
56298,49,Male,23,37,18,274,35866,43
56299,39,Female,36,16,14,149,28348,115
56300,23,Male,84,5,16,474,17848,94
56301,52,Female,197,29,6,473,7143,44
56302,39,Female,155,52,2,334,7050,29
56303,18,Male,161,23,11,348,48699,91
56304,37,Male,175,6,11,450,48532,57
56305,39,Female,79,36,10,293,43619,108
56306,65,Female,154,57,4,282,26013,137
56307,28,Male,57,33,17,31,31360,22
56308,30,Male,31,49,10,428,1754,70
56309,59,Male,82,41,9,378,44902,6
56310,20,Female,43,80,13,196,27935,155
56311,26,Female,197,55,11,216,871,122
56312,29,Male,149,98,10,156,41242,118
56313,40,Female,58,26,5,443,29920,52
56314,31,Male,147,37,3,163,12712,70
56315,50,Female,148,77,4,117,43637,177
56316,35,Female,21,17,3,325,34419,93
56317,66,Male,188,96,10,309,21897,151
56318,58,Male,199,32,13,449,5437,81
56319,26,Male,68,28,5,492,26796,149
56320,40,Female,60,93,13,308,23722,74
56321,27,Female,152,25,1,160,43285,107
56322,36,Male,18,47,11,467,25951,136
56323,64,Female,167,22,3,415,40953,14
56324,22,Male,105,91,17,184,27180,31
56325,64,Female,75,61,19,64,9674,179
56326,69,Male,180,44,13,276,734,146
56327,40,Female,174,20,16,320,47977,175
56328,47,Female,165,50,18,163,12240,94
56329,42,Female,125,88,19,394,40729,82
56330,45,Female,51,47,6,493,4866,165
56331,51,Male,17,47,7,199,37641,30
56332,62,Female,27,72,15,158,43613,30
56333,65,Male,176,51,5,17,2362,100
56334,64,Male,102,55,16,157,42986,48
56335,42,Male,90,78,6,182,36966,167
56336,27,Male,22,39,3,90,48057,27
56337,31,Female,97,14,12,88,24085,144
56338,59,Male,23,69,4,478,36660,160
56339,63,Female,170,47,3,330,26615,157
56340,47,Female,92,21,16,69,40444,94
56341,58,Female,138,15,16,460,37027,15
56342,42,Female,160,97,19,104,41490,44
56343,31,Male,56,81,15,321,46238,151
56344,52,Female,55,84,9,137,34495,48
56345,69,Male,175,1,2,131,45343,151
56346,65,Female,103,80,6,296,40019,114
56347,51,Female,91,82,14,350,49925,125
56348,27,Male,68,10,9,96,39114,14
56349,52,Female,178,23,10,391,40518,54
56350,28,Female,111,18,18,90,36663,92
56351,28,Female,112,58,15,31,33491,171
56352,38,Female,70,73,4,261,30460,173
56353,38,Female,114,94,5,199,42331,150
56354,39,Male,159,77,6,321,43713,124
56355,62,Female,24,52,15,95,45339,61
56356,24,Female,58,95,2,493,42581,18
56357,34,Male,144,46,16,388,10623,172
56358,19,Female,156,13,5,465,2416,86
56359,29,Male,183,96,4,376,32504,146
56360,59,Female,144,17,1,17,43315,57
56361,35,Female,33,67,8,327,6536,85
56362,28,Male,94,61,10,343,42011,15
56363,33,Female,103,65,15,239,15773,106
56364,66,Female,15,53,2,161,22063,58
56365,68,Male,144,5,19,287,46374,130
56366,35,Male,41,32,12,24,24294,14
56367,52,Female,16,89,10,477,9571,21
56368,43,Male,193,45,12,484,36563,171
56369,33,Female,152,56,9,421,20951,45
56370,23,Male,33,5,8,415,10251,34
56371,61,Female,155,87,2,296,937,117
56372,60,Male,190,76,7,466,43972,71
56373,64,Male,128,34,4,257,11184,79
56374,64,Male,70,61,19,264,19402,12
56375,65,Male,198,87,8,455,13286,123
56376,59,Male,192,80,13,352,46459,7
56377,29,Male,109,62,3,334,38310,69
56378,30,Male,187,69,5,374,18747,111
56379,21,Male,181,63,8,176,13448,103
56380,56,Male,163,44,2,90,19660,117
56381,19,Female,197,28,10,305,23500,156
56382,43,Male,71,70,16,78,28937,98
56383,44,Female,116,13,4,192,41686,25
56384,44,Male,183,43,14,336,33416,66
56385,32,Female,84,30,3,73,44380,51
56386,25,Female,96,26,10,273,14636,162
56387,24,Male,63,81,13,336,49294,174
56388,64,Male,186,63,5,95,24018,175
56389,63,Female,177,73,17,53,7073,120
56390,57,Female,105,57,17,303,6897,160
56391,29,Male,19,64,11,382,4361,125
56392,30,Male,193,80,19,158,40964,140
56393,60,Male,71,49,18,269,10243,125
56394,34,Female,106,52,17,425,319,147
56395,34,Male,50,63,11,320,14780,47
56396,53,Male,152,82,15,358,12774,166
56397,38,Male,192,13,8,453,31991,138
56398,25,Male,179,93,12,68,19431,10
56399,22,Male,126,88,17,103,45673,99
56400,43,Female,162,45,5,332,49702,41
56401,33,Female,27,46,4,14,10594,55
56402,53,Male,136,77,11,92,28108,118
56403,45,Male,123,89,8,337,42712,115
56404,46,Female,161,41,16,392,2450,43
56405,64,Male,106,46,16,46,21644,166
56406,29,Female,116,1,3,488,47164,155
56407,54,Male,70,73,12,36,23167,32
56408,47,Female,59,68,13,22,19821,115
56409,40,Female,74,92,1,499,23106,71
56410,33,Male,199,12,4,399,44669,176
56411,31,Female,68,88,6,74,24823,26
56412,27,Male,51,73,5,423,27052,58
56413,24,Female,51,35,5,212,46245,76
56414,62,Male,28,99,10,189,30871,152
56415,69,Male,109,33,19,306,47096,114
56416,54,Male,186,58,18,488,15216,174
56417,46,Female,116,35,2,473,15581,160
56418,20,Male,56,46,16,280,45184,144
56419,32,Male,15,84,15,398,16521,90
56420,53,Male,37,66,5,24,38362,141
56421,64,Female,42,44,9,10,11576,102
56422,63,Male,146,26,5,280,18476,6
56423,69,Female,183,42,5,493,17481,140
56424,36,Female,32,77,9,453,34706,137
56425,30,Female,63,30,9,57,14056,84
56426,59,Male,61,32,2,191,25744,59
56427,38,Male,129,36,7,496,11394,67
56428,54,Female,53,19,1,192,45901,152
56429,44,Male,20,22,2,337,44258,15
56430,69,Male,67,65,12,382,35471,63
56431,46,Female,39,57,6,223,22644,50
56432,37,Female,113,11,19,36,21734,96
56433,42,Male,79,26,16,235,23330,21
56434,23,Female,147,48,4,167,9862,1
56435,53,Male,22,19,18,469,44912,126
56436,19,Female,53,83,5,69,12022,11
56437,39,Male,125,12,18,75,13452,150
56438,49,Male,57,67,6,183,27414,108
56439,33,Female,96,56,14,61,35529,102
56440,35,Male,137,18,17,495,37462,88
56441,22,Male,147,5,18,479,16550,135
56442,53,Female,18,24,10,252,20187,113
56443,47,Male,122,78,19,346,49738,177
56444,62,Male,107,38,18,300,6961,100
56445,36,Male,143,67,4,253,24558,129
56446,40,Female,108,70,15,130,24913,65
56447,51,Female,70,76,6,51,3951,64
56448,30,Female,187,52,6,193,35668,154
56449,60,Female,17,75,3,54,6044,17
56450,46,Female,36,39,9,61,29353,139
56451,53,Male,70,59,11,160,8691,125
56452,39,Male,32,26,5,422,16615,10
56453,69,Male,167,65,14,38,8933,66
56454,69,Female,190,80,2,66,30716,32
56455,64,Male,130,48,19,284,49898,16
56456,53,Female,98,53,8,218,14959,112
56457,26,Male,173,9,13,17,20724,26
56458,56,Female,44,5,19,443,47235,104
56459,68,Male,94,72,5,400,25155,74
56460,36,Male,80,61,15,256,49848,100
56461,55,Female,24,21,4,404,18499,94
56462,23,Male,73,97,4,204,26961,137
56463,69,Male,65,63,18,331,24310,5
56464,64,Female,137,20,19,348,12895,7
56465,32,Male,151,58,9,421,24960,65
56466,37,Male,68,45,15,449,49840,12
56467,26,Female,95,22,12,37,10457,176
56468,49,Female,151,77,4,354,46351,25
56469,21,Female,23,75,3,340,39746,141
56470,67,Female,115,82,5,305,33138,169
56471,35,Female,166,63,17,244,32020,10
56472,22,Male,53,30,5,139,8791,168
56473,37,Female,150,63,4,85,48213,33
56474,40,Female,167,97,7,454,11984,163
56475,28,Male,124,44,7,242,47034,165
56476,54,Male,80,67,7,239,28428,103
56477,39,Male,24,58,17,341,17924,16
56478,21,Male,131,65,15,379,24666,72
56479,46,Male,166,36,7,418,37383,33
56480,61,Female,97,6,15,494,12013,35
56481,51,Male,173,37,4,360,27351,102
56482,30,Female,153,93,2,319,6820,76
56483,59,Male,148,75,13,410,26124,79
56484,26,Female,84,55,12,441,46745,17
56485,59,Male,174,77,10,405,8122,27
56486,48,Female,53,75,19,198,35057,114
56487,24,Female,190,59,15,487,33201,21
56488,21,Female,27,38,17,11,17139,149
56489,36,Female,73,25,6,345,27260,17
56490,59,Female,81,79,5,74,10346,155
56491,47,Female,198,77,13,61,36701,76
56492,48,Female,55,33,14,43,3475,176
56493,52,Female,198,13,14,310,15278,44
56494,38,Female,49,38,15,249,40441,164
56495,48,Female,180,58,16,138,37914,28
56496,36,Male,95,88,10,252,1045,25
56497,48,Female,48,20,1,365,30878,47
56498,49,Female,90,17,11,317,6853,101
56499,19,Male,84,24,7,332,1519,23
56500,69,Female,25,26,17,107,20701,75
56501,27,Female,126,40,4,85,42870,50
56502,19,Male,41,32,7,321,21687,65
56503,19,Male,62,93,3,451,14532,16
56504,41,Female,38,78,14,374,25017,124
56505,34,Male,32,37,18,228,3090,50
56506,49,Female,41,86,18,315,35593,13
56507,33,Female,68,98,1,110,5713,80
56508,33,Female,69,91,6,128,8844,35
56509,63,Male,134,92,9,418,31426,114
56510,56,Female,35,86,2,149,34597,32
56511,48,Female,129,60,8,380,43420,87
56512,60,Male,176,57,4,234,23720,153
56513,41,Female,134,58,10,264,47712,171
56514,18,Female,72,67,1,82,33526,156
56515,28,Female,190,22,11,458,41038,109
56516,38,Female,68,58,9,321,43875,66
56517,21,Female,160,85,19,315,1268,95
56518,24,Female,17,80,11,480,43914,97
56519,43,Male,166,73,4,165,42420,161
56520,64,Female,143,77,5,268,11162,47
56521,67,Female,20,74,17,431,15672,118
56522,29,Male,33,49,18,73,38866,35
56523,48,Female,100,85,5,319,21186,100
56524,34,Female,129,49,18,45,8010,64
56525,50,Male,185,42,17,257,8196,12
56526,28,Male,137,40,3,437,17033,120
56527,45,Male,150,71,11,53,3839,44
56528,49,Male,194,46,17,462,2113,174
56529,18,Male,87,22,8,128,43957,11
56530,64,Male,61,82,8,358,37601,89
56531,45,Male,99,21,2,190,5528,46
56532,59,Female,42,51,7,406,38377,59
56533,24,Female,60,14,6,437,28030,162
56534,19,Female,146,74,18,397,37779,99
56535,59,Male,134,97,7,79,5527,149
56536,41,Female,150,9,18,444,30318,52
56537,21,Male,130,18,12,367,36429,48
56538,61,Female,75,13,7,463,7733,78
56539,36,Female,31,17,7,276,1659,147
56540,43,Female,48,87,1,228,23066,132
56541,28,Female,34,25,10,447,44378,102
56542,57,Male,176,54,10,375,47299,32
56543,67,Male,57,16,12,199,30611,90
56544,60,Female,24,24,3,265,17040,156
56545,28,Male,108,95,3,196,8368,76
56546,62,Male,172,75,13,236,38498,169
56547,20,Female,129,23,13,70,844,33
56548,29,Male,167,41,6,177,10721,142
56549,20,Male,141,86,3,141,12901,104
56550,59,Male,199,33,15,164,7464,53
56551,44,Male,124,42,9,281,26986,108
56552,66,Female,121,48,6,219,21522,42
56553,19,Female,119,18,6,16,46716,36
56554,66,Male,85,63,8,20,5947,25
56555,33,Female,189,78,11,209,20840,168
56556,19,Female,98,92,19,260,20934,115
56557,47,Female,17,11,16,73,25869,86
56558,37,Male,60,24,9,189,2961,9
56559,55,Male,178,61,11,137,23457,107
56560,45,Female,40,64,16,271,14501,69
56561,42,Female,152,36,6,129,49821,149
56562,49,Male,176,83,17,57,8700,70
56563,27,Female,22,77,16,78,6217,129
56564,59,Male,69,97,18,386,22542,31
56565,57,Female,105,53,1,271,7047,173
56566,50,Male,152,83,18,239,9180,156
56567,30,Male,199,47,8,261,16874,128
56568,58,Male,128,52,10,454,33397,131
56569,59,Male,93,96,2,459,797,102
56570,64,Female,115,79,9,488,41018,116
56571,54,Male,100,57,4,240,37495,168
56572,33,Female,59,75,11,233,34525,4
56573,62,Male,64,23,10,466,23373,140
56574,39,Male,78,59,14,216,24639,122
56575,37,Female,109,69,7,350,33640,62
56576,67,Female,16,56,19,375,35822,71
56577,60,Female,187,86,6,446,18162,92
56578,44,Male,109,42,16,37,18016,176
56579,58,Male,76,18,19,374,38489,135
56580,33,Female,156,71,19,228,8432,56
56581,51,Male,88,33,13,398,4679,67
56582,49,Female,114,3,12,346,19517,141
56583,43,Male,125,28,15,110,17898,63
56584,42,Male,118,1,8,67,37246,41
56585,19,Male,29,63,4,33,23491,151
56586,29,Female,28,47,8,424,34863,175
56587,57,Male,173,37,16,236,46878,65
56588,26,Female,171,86,16,178,11688,159
56589,29,Female,41,48,2,498,5604,97
56590,43,Male,99,19,17,255,41494,36
56591,26,Female,23,14,5,333,12625,14
56592,27,Female,34,67,5,221,5793,165
56593,49,Male,93,83,12,372,45743,160
56594,51,Female,191,97,7,474,2876,156
56595,65,Female,71,85,5,439,24676,47
56596,37,Male,158,65,4,275,5465,80
56597,56,Male,114,26,17,430,29769,160
56598,19,Male,89,10,6,414,47712,152
56599,18,Female,150,99,14,30,42693,14
56600,68,Female,81,77,9,133,17692,175
56601,53,Male,33,70,4,378,36829,79
56602,41,Female,119,43,11,473,21712,116
56603,44,Male,178,70,16,106,5154,1
56604,19,Male,178,99,16,147,1312,19
56605,48,Male,25,80,16,347,1312,121
56606,31,Female,65,72,6,362,43426,58
56607,19,Female,140,59,15,102,16933,135
56608,46,Male,94,3,3,104,36930,77
56609,32,Male,197,5,9,33,18507,115
56610,29,Female,68,85,1,389,45660,64
56611,54,Male,31,95,11,405,24643,18
56612,45,Female,184,78,6,413,23912,50
56613,37,Male,38,83,5,463,242,68
56614,56,Male,159,37,18,145,44705,91
56615,41,Female,62,84,12,343,6077,16
56616,38,Female,98,52,7,142,27081,142
56617,27,Female,21,66,2,63,6174,78
56618,63,Female,156,63,7,301,15718,135
56619,31,Female,25,7,9,121,15691,56
56620,54,Male,26,97,8,431,48886,14
56621,35,Male,124,53,9,140,32544,170
56622,41,Female,147,6,10,429,13556,109
56623,31,Female,147,7,12,287,44552,70
56624,51,Male,142,44,2,273,46269,62
56625,29,Male,162,18,10,454,46473,43
56626,39,Female,68,54,3,391,30413,57
56627,23,Female,69,29,1,87,13017,102
56628,53,Male,93,83,17,272,11760,75
56629,62,Female,104,25,1,77,16060,159
56630,53,Male,111,63,5,71,17096,51
56631,39,Male,141,68,14,412,22697,67
56632,31,Female,44,13,6,372,16766,129
56633,33,Male,38,32,9,184,16458,80
56634,53,Male,145,27,14,289,35069,172
56635,42,Male,136,51,4,473,42264,178
56636,49,Female,114,34,1,399,16743,60
56637,50,Male,190,28,6,245,30879,3
56638,62,Female,85,73,7,145,44617,72
56639,53,Male,164,72,6,418,5768,114
56640,37,Male,28,85,1,233,41897,80
56641,35,Male,62,30,8,98,43471,111
56642,55,Male,43,93,12,467,19252,54
56643,20,Male,64,9,11,116,44213,2
56644,40,Female,152,13,2,50,36348,29
56645,49,Female,41,82,2,195,19699,16
56646,62,Male,93,64,2,474,24976,95
56647,33,Female,110,38,8,197,1507,59
56648,22,Female,170,22,7,375,10586,139
56649,21,Male,151,31,16,396,22143,24
56650,38,Female,85,99,9,18,11867,83
56651,57,Female,94,42,16,189,21390,160
56652,68,Female,168,62,2,195,10161,74
56653,31,Female,95,64,3,453,19839,96
56654,56,Male,101,74,2,91,35562,87
56655,48,Female,22,9,19,186,17816,97
56656,31,Male,16,95,17,103,5167,94
56657,23,Male,199,44,12,398,41734,94
56658,29,Female,194,63,11,455,16665,71
56659,33,Male,137,40,19,125,48366,171
56660,34,Female,135,88,6,169,41445,53
56661,62,Male,110,41,10,254,12382,114
56662,40,Female,107,72,14,292,20129,129
56663,31,Female,17,50,1,222,47287,94
56664,24,Male,150,20,15,161,23030,98
56665,63,Female,16,81,6,175,20885,118
56666,49,Female,129,92,13,460,16678,34
56667,32,Female,63,70,14,409,30271,61
56668,61,Female,115,42,13,152,33104,102
56669,34,Male,162,33,16,34,16188,61
56670,58,Male,43,92,1,209,31622,8
56671,64,Male,159,63,14,242,10641,54
56672,61,Female,88,57,13,13,29814,148
56673,51,Male,119,65,10,297,15809,46
56674,22,Female,164,52,10,182,3870,118
56675,62,Female,20,99,4,193,9737,93
56676,44,Female,76,88,14,260,21228,31
56677,69,Male,45,6,12,300,9391,154
56678,40,Male,133,7,6,446,48301,148
56679,57,Male,26,9,15,295,28013,22
56680,31,Male,26,61,5,368,9416,57
56681,32,Female,158,80,10,121,14455,104
56682,60,Male,39,34,9,314,22041,154
56683,50,Male,164,35,10,359,12778,17
56684,48,Male,105,99,12,474,20750,89
56685,52,Male,102,20,4,348,4403,101
56686,34,Female,90,58,4,445,48817,155
56687,45,Male,32,87,13,488,34801,67
56688,36,Male,59,60,14,474,5584,56
56689,63,Male,125,54,12,139,49250,24
56690,40,Female,94,35,13,196,35218,25
56691,49,Male,82,47,13,430,20218,114
56692,57,Male,154,46,2,38,26274,10
56693,30,Male,191,87,19,167,6319,36
56694,37,Female,175,4,9,383,17152,125
56695,52,Female,32,10,10,244,38169,173
56696,22,Male,68,75,17,287,29035,118
56697,26,Male,126,40,10,111,21609,145
56698,46,Female,111,55,13,468,17876,58
56699,23,Female,41,73,1,234,30078,83
56700,42,Female,92,40,2,284,4475,82
56701,48,Female,167,76,17,332,32933,23
56702,39,Female,176,81,13,241,8163,136
56703,19,Male,102,96,17,351,2845,50
56704,62,Male,68,23,13,283,41631,144
56705,22,Male,101,15,17,374,8037,89
56706,44,Male,19,92,19,487,15604,43
56707,42,Female,137,5,14,458,25307,96
56708,25,Female,178,40,10,477,43149,113
56709,18,Female,68,18,2,122,49960,114
56710,37,Female,178,21,14,398,31350,82
56711,61,Female,53,79,17,469,7725,96
56712,40,Male,123,3,5,148,42242,46
56713,49,Male,146,46,18,225,25750,177
56714,28,Male,88,90,3,323,37287,104
56715,56,Male,79,79,16,283,7153,15
56716,64,Male,182,53,19,337,28930,49
56717,41,Female,51,20,18,358,38095,149
56718,28,Female,81,59,5,193,21504,75
56719,46,Female,125,21,8,415,29277,6
56720,43,Female,173,90,6,321,49965,55
56721,33,Female,139,87,15,203,38939,83
56722,52,Male,101,51,3,288,28319,76
56723,37,Male,61,25,9,281,41543,15
56724,63,Male,169,68,11,309,25187,11
56725,20,Female,193,10,14,81,6238,127
56726,18,Female,162,86,9,205,2975,167
56727,64,Female,27,67,10,279,7677,120
56728,18,Female,58,83,15,402,6574,74
56729,34,Male,166,95,18,340,2483,51
56730,19,Female,139,9,19,249,17246,165
56731,46,Male,133,29,7,495,14091,177
56732,37,Female,145,37,19,117,20725,88
56733,23,Male,140,71,5,409,41381,100
56734,25,Female,152,38,18,406,951,65
56735,46,Female,63,88,1,301,14691,17
56736,65,Male,138,72,12,309,27942,142
56737,68,Male,92,98,6,109,48936,38
56738,50,Female,144,59,13,90,36122,118
56739,20,Male,117,57,17,279,39686,153
56740,52,Female,119,90,9,358,43296,124
56741,22,Female,134,60,1,26,24428,37
56742,44,Male,45,28,12,202,31828,86
56743,61,Female,82,28,1,221,18957,111
56744,29,Female,51,46,4,362,10725,135
56745,37,Male,38,71,7,135,24990,11
56746,62,Female,58,67,5,319,10263,78
56747,37,Female,97,86,5,135,29967,163
56748,26,Female,55,55,7,139,5527,113
56749,56,Female,193,38,17,154,32701,164
56750,21,Male,56,18,12,265,44610,52
56751,68,Male,122,76,15,32,34632,69
56752,36,Male,54,95,3,223,49753,170
56753,55,Female,62,63,17,138,41771,71
56754,44,Male,127,5,14,21,48503,15
56755,62,Male,98,44,15,150,12844,149
56756,60,Male,18,29,15,471,31297,82
56757,30,Female,122,14,15,467,13827,1
56758,30,Male,74,58,19,277,26681,139
56759,39,Male,128,44,11,66,40797,10
56760,45,Female,181,18,18,95,30994,173
56761,69,Female,19,7,10,283,29994,147
56762,64,Female,120,87,9,112,31830,118
56763,62,Female,20,97,3,348,6074,42
56764,39,Female,28,62,1,359,1306,94
56765,60,Female,140,45,11,152,47084,114
56766,36,Male,154,16,16,432,14093,41
56767,25,Male,76,64,3,343,8619,126
56768,69,Female,41,37,9,338,32627,148
56769,25,Female,68,25,11,462,41108,124
56770,59,Male,104,9,17,426,38987,155
56771,43,Female,26,55,1,185,21224,12
56772,65,Female,150,28,9,142,25019,126
56773,68,Male,88,9,3,353,42409,98
56774,43,Female,158,12,10,273,22955,106
56775,40,Female,194,18,5,156,49795,114
56776,60,Male,40,91,11,445,32860,166
56777,30,Male,150,90,5,21,41774,113
56778,45,Male,59,56,12,337,28556,58
56779,26,Male,98,90,14,401,48190,114
56780,37,Male,161,74,12,64,38900,110
56781,36,Female,159,58,19,239,11924,11
56782,65,Female,117,81,9,477,9327,158
56783,56,Female,138,51,7,131,42904,127
56784,68,Female,137,32,16,358,12869,83
56785,29,Female,130,88,7,242,32135,176
56786,32,Male,171,48,14,171,11078,40
56787,48,Female,28,8,8,91,41681,114
56788,31,Female,31,30,18,458,37905,94
56789,28,Female,27,26,3,468,34844,99
56790,43,Female,107,24,2,56,37000,68
56791,59,Female,77,27,5,373,2405,149
56792,44,Male,47,79,8,300,24601,5
56793,28,Female,43,92,19,169,33514,164
56794,55,Female,51,75,9,188,43713,135
56795,51,Female,117,39,2,371,24942,125
56796,60,Female,188,66,15,217,2269,31
56797,36,Female,38,51,8,399,31531,25
56798,23,Female,156,73,10,402,29719,102
56799,63,Male,147,50,7,49,49034,81
56800,69,Female,139,45,19,223,16171,79
56801,55,Male,67,87,1,441,23314,119
56802,66,Male,102,33,2,465,32984,162
56803,59,Female,112,19,3,361,27482,172
56804,45,Female,128,13,14,163,3009,107
56805,18,Female,109,78,15,347,45510,7
56806,52,Male,172,96,14,302,28035,103
56807,57,Female,134,22,8,445,8719,51
56808,25,Female,87,20,18,405,43157,153
56809,69,Female,170,97,17,175,25121,156
56810,64,Male,120,5,7,491,38560,170
56811,24,Male,40,84,1,461,2554,155
56812,28,Female,32,78,9,281,12663,165
56813,56,Male,178,91,9,454,14848,55
56814,21,Female,150,90,11,33,15441,38
56815,42,Male,160,32,19,471,41703,56
56816,29,Female,72,30,6,410,20034,92
56817,43,Male,174,91,7,124,20289,162
56818,55,Female,107,26,15,360,48139,157
56819,63,Female,63,82,6,269,40675,176
56820,29,Male,190,87,9,315,40011,72
56821,60,Male,85,88,15,373,2948,77
56822,68,Male,79,4,6,235,42516,46
56823,54,Male,47,67,7,111,21843,37
56824,63,Male,64,43,17,495,30180,3
56825,41,Female,18,30,6,140,42526,78
56826,33,Female,133,16,9,273,6612,77
56827,30,Male,98,71,3,21,27629,50
56828,42,Female,131,39,14,428,8577,149
56829,69,Female,178,86,6,331,25542,107
56830,21,Male,116,41,4,190,41071,176
56831,28,Female,170,31,16,358,36883,31
56832,49,Female,145,49,16,480,5541,7
56833,66,Male,20,13,9,170,40908,57
56834,24,Male,187,41,4,123,28361,36
56835,63,Female,37,93,8,27,38833,86
56836,28,Male,149,28,8,113,17381,24
56837,45,Female,134,64,6,195,23850,24
56838,58,Male,75,19,8,351,20240,56
56839,40,Male,114,87,6,471,22936,77
56840,62,Male,79,72,14,102,10051,124
56841,40,Male,148,25,14,310,33005,28
56842,67,Female,38,38,18,152,34946,160
56843,45,Male,51,99,13,152,14629,77
56844,60,Male,59,90,15,310,15792,78
56845,64,Female,193,3,3,461,31758,96
56846,43,Female,114,2,6,109,31161,45
56847,42,Female,116,5,17,462,43889,69
56848,46,Female,187,61,16,460,39209,99
56849,36,Male,77,20,6,469,32888,120
56850,50,Female,43,76,8,71,3654,68
56851,53,Male,115,38,13,93,37642,78
56852,31,Female,123,80,13,437,36328,146
56853,31,Male,110,36,17,285,20820,75
56854,52,Female,167,46,3,176,37266,83
56855,47,Male,24,93,13,304,46767,2
56856,45,Male,49,99,7,138,3675,131
56857,34,Female,69,37,5,373,39528,157
56858,20,Male,167,54,11,76,21625,87
56859,33,Male,187,21,18,56,18768,48
56860,63,Male,110,21,4,466,46030,65
56861,47,Male,137,92,7,383,45873,42
56862,69,Female,26,70,4,319,29793,134
56863,46,Male,18,84,10,157,40265,59
56864,62,Male,120,60,1,259,47052,81
56865,32,Female,104,36,17,146,27448,19
56866,63,Female,81,77,5,104,15369,108
56867,42,Female,159,11,17,247,4433,61
56868,68,Male,79,88,3,293,2662,120
56869,55,Male,96,83,9,329,19816,130
56870,59,Female,119,87,3,44,43827,79
56871,64,Male,195,31,3,305,25023,151
56872,69,Female,98,37,9,390,24630,19
56873,55,Male,199,60,5,367,32077,97
56874,40,Female,119,61,10,267,49877,70
56875,42,Male,129,67,15,396,30485,178
56876,59,Female,42,98,12,279,32214,147
56877,24,Male,30,29,6,474,21414,94
56878,39,Female,35,67,7,364,29592,150
56879,34,Male,91,79,7,333,41074,131
56880,35,Male,56,71,4,56,33430,124
56881,66,Male,68,67,13,103,19547,133
56882,58,Female,46,16,15,191,45276,67
56883,27,Male,128,45,18,451,6116,39
56884,27,Male,52,34,18,199,10370,156
56885,24,Male,128,84,7,496,12935,129
56886,65,Female,180,44,10,60,32548,150
56887,67,Male,196,97,16,215,26739,109
56888,55,Female,124,78,8,313,12742,173
56889,44,Male,117,42,19,420,33270,51
56890,69,Female,91,35,11,342,22467,103
56891,50,Female,189,75,6,448,976,81
56892,18,Male,154,84,10,134,44419,106
56893,61,Female,67,30,19,221,823,51
56894,51,Female,175,53,14,378,34427,28
56895,21,Male,170,58,6,442,19970,30
56896,34,Female,135,28,4,417,39998,8
56897,21,Female,17,15,15,275,14923,41
56898,60,Female,168,38,5,144,37743,153
56899,43,Female,68,50,16,381,25255,59
56900,21,Male,54,13,7,282,31527,34
56901,18,Female,82,35,2,287,34029,167
56902,24,Female,128,24,13,324,33255,71
56903,47,Male,189,65,2,309,29964,116
56904,67,Male,144,88,9,276,48049,174
56905,26,Female,56,91,5,307,23818,38
56906,52,Male,176,18,3,288,40923,109
56907,25,Male,108,58,2,383,22919,161
56908,41,Male,163,26,14,453,34111,117
56909,36,Male,115,29,8,223,39512,22
56910,53,Male,186,72,12,497,9815,155
56911,67,Male,138,44,17,71,16082,155
56912,69,Male,16,90,16,376,13396,21
56913,60,Male,105,5,6,63,41817,163
56914,44,Male,73,33,6,347,40681,47
56915,49,Female,112,5,18,384,14109,50
56916,31,Female,30,36,2,374,27292,119
56917,35,Female,162,77,8,483,21873,138
56918,45,Female,168,81,14,121,41838,111
56919,46,Female,30,13,2,487,20041,28
56920,33,Male,122,25,17,278,35712,37
56921,52,Male,37,58,16,333,18937,169
56922,64,Female,56,2,18,116,18232,51
56923,48,Female,51,88,6,292,34647,8
56924,21,Male,86,36,17,380,32261,114
56925,54,Female,148,25,18,177,14889,161
56926,34,Male,179,34,14,83,37970,19
56927,56,Female,130,12,10,245,21914,30
56928,65,Male,164,19,4,101,4166,142
56929,63,Female,20,94,18,94,31717,36
56930,43,Male,46,37,11,381,46734,135
56931,65,Female,159,1,16,84,17437,116
56932,56,Female,52,60,4,93,6535,107
56933,58,Male,159,67,19,254,41752,34
56934,21,Male,51,49,6,237,19990,178
56935,47,Female,165,90,8,92,49171,32
56936,47,Female,191,79,18,403,25795,42
56937,39,Male,191,46,19,24,13385,161
56938,28,Male,75,48,18,310,9976,119
56939,19,Male,91,92,16,190,37879,14
56940,61,Female,174,68,7,347,11006,156
56941,29,Female,141,19,17,272,18455,114
56942,47,Male,100,88,3,423,17210,167
56943,53,Female,21,40,15,87,37175,94
56944,35,Female,164,6,4,238,4966,31
56945,43,Male,99,80,16,242,27954,152
56946,24,Female,20,96,14,39,8417,132
56947,18,Male,156,94,17,383,36016,9
56948,43,Male,158,63,9,164,41781,100
56949,40,Female,17,35,7,314,46345,70
56950,43,Female,151,72,14,194,28261,24
56951,62,Male,61,61,12,457,9108,98
56952,23,Male,99,5,17,366,7867,65
56953,23,Male,108,37,9,456,40871,145
56954,61,Female,184,76,12,441,39693,100
56955,25,Male,184,89,12,264,20317,165
56956,41,Male,37,97,8,178,31378,50
56957,39,Male,17,88,10,90,4664,173
56958,36,Male,143,11,12,295,2045,20
56959,54,Female,81,99,5,219,12629,59
56960,35,Female,85,40,1,268,41173,59
56961,48,Male,145,65,9,485,24219,90
56962,54,Female,191,8,15,46,35726,139
56963,47,Female,81,87,2,295,17114,84
56964,59,Female,69,84,4,63,15362,65
56965,50,Male,146,96,4,478,24525,77
56966,27,Female,45,11,3,378,19462,58
56967,54,Female,80,71,16,221,3604,100
56968,29,Male,115,58,8,351,25213,123
56969,47,Male,78,94,7,493,49734,44
56970,44,Female,45,48,12,109,48678,142
56971,56,Female,131,13,12,94,42449,125
56972,26,Male,80,60,4,481,27628,52
56973,38,Male,173,49,15,222,5268,162
56974,29,Male,61,67,6,400,46936,122
56975,46,Male,36,7,3,273,10429,155
56976,50,Female,108,77,7,479,23678,12
56977,60,Male,97,25,6,95,12108,38
56978,32,Female,60,23,1,72,43612,90
56979,19,Female,103,51,8,456,23748,168
56980,69,Female,133,47,1,201,25661,104
56981,56,Male,60,97,16,423,44654,149
56982,61,Male,15,5,3,491,46939,160
56983,35,Female,110,96,2,102,3214,89
56984,20,Female,167,94,6,262,37142,12
56985,24,Female,75,95,8,147,25084,89
56986,60,Female,119,13,7,462,3304,154
56987,35,Female,95,42,7,58,19521,36
56988,61,Male,28,5,19,130,14217,16
56989,55,Male,59,23,18,48,42873,162
56990,54,Male,91,62,3,43,12263,113
56991,50,Female,181,1,11,367,48782,152
56992,61,Female,80,74,11,275,17534,167
56993,48,Male,46,91,3,18,4765,157
56994,28,Male,110,54,1,197,34506,159
56995,21,Female,72,72,10,105,43772,63
56996,35,Male,118,3,2,142,13425,43
56997,21,Male,70,83,17,172,24521,19
56998,66,Male,148,64,9,148,30823,138
56999,51,Female,81,51,18,307,27827,56
57000,46,Female,192,2,9,89,45829,43
57001,41,Male,132,49,11,100,27910,48
57002,39,Female,52,31,17,265,19948,40
57003,19,Male,145,74,14,157,18699,34
57004,61,Male,126,80,18,188,41384,110
57005,23,Female,147,84,18,266,1046,113
57006,59,Female,166,3,12,227,32592,113
57007,42,Female,68,35,18,276,32550,129
57008,38,Male,48,98,8,326,48179,19
57009,33,Male,53,85,8,88,14782,1
57010,48,Male,126,36,8,176,37037,120
57011,31,Female,102,64,15,113,24231,88
57012,56,Male,62,32,8,313,27037,153
57013,45,Male,63,18,14,347,7111,103
57014,49,Male,48,34,13,481,42743,84
57015,45,Male,114,56,8,293,28748,28
57016,68,Female,149,67,17,354,21690,107
57017,66,Female,32,53,19,224,26897,45
57018,26,Female,84,67,6,84,23825,24
57019,62,Male,128,91,17,234,13112,44
57020,39,Male,48,66,4,345,9678,130
57021,49,Male,65,64,7,301,33025,151
57022,22,Female,119,67,17,352,10076,78
57023,40,Female,107,81,18,79,39837,62
57024,22,Female,156,39,6,372,16371,143
57025,59,Female,83,38,10,199,1504,160
57026,49,Female,103,40,18,481,20887,4
57027,27,Male,117,19,7,495,6203,126
57028,56,Female,150,83,14,115,16996,31
57029,32,Female,157,5,14,79,5336,59
57030,24,Female,97,69,10,19,2977,1
57031,46,Male,25,14,9,223,939,69
57032,64,Female,162,91,10,480,29290,14
57033,20,Female,197,49,2,14,48751,23
57034,36,Female,50,64,3,37,27024,108
57035,27,Male,96,57,16,324,40553,114
57036,45,Male,156,35,10,402,46721,118
57037,46,Female,52,85,11,432,28858,144
57038,32,Female,103,5,10,250,5821,137
57039,52,Female,15,88,12,245,32025,119
57040,23,Female,118,39,14,101,24391,98
57041,29,Male,79,24,9,327,12567,159
57042,64,Female,15,40,13,354,22916,45
57043,55,Male,139,50,6,372,1703,126
57044,30,Female,74,77,11,47,1027,135
57045,46,Male,39,58,1,228,19815,57
57046,36,Male,105,1,15,161,15289,64
57047,20,Female,152,43,7,201,10009,2
57048,25,Male,64,39,11,130,13555,6
57049,25,Female,154,10,17,180,22436,108
57050,37,Male,106,2,5,119,42844,61
57051,64,Male,46,63,9,153,14147,162
57052,21,Female,47,16,16,75,25285,17
57053,68,Female,40,37,11,331,5832,26
57054,38,Male,56,16,17,206,9086,76
57055,20,Male,192,87,6,55,20600,148
57056,62,Female,75,90,15,158,29992,41
57057,25,Female,55,80,3,69,49342,110
57058,40,Female,199,27,9,147,30250,99
57059,33,Male,144,63,12,499,22208,99
57060,30,Female,113,94,19,411,16482,54
57061,20,Female,112,64,18,99,5723,157
57062,65,Male,45,97,16,221,9638,48
57063,26,Female,165,32,8,178,41559,95
57064,31,Female,196,9,19,429,48789,90
57065,30,Female,129,11,5,122,19191,150
57066,24,Female,170,70,12,350,48359,72
57067,32,Male,161,30,6,75,32959,104
57068,24,Female,62,15,12,311,487,133
57069,55,Female,16,59,15,127,15996,52
57070,51,Female,153,48,10,234,4732,1
57071,58,Female,186,94,17,160,43337,45
57072,39,Female,115,82,7,176,33408,118
57073,41,Female,142,76,7,104,22196,40
57074,66,Male,73,60,11,269,5085,11
57075,54,Male,134,68,2,434,21676,126
57076,61,Male,52,57,2,268,34236,96
57077,18,Female,167,64,14,494,7064,135
57078,27,Female,121,54,18,446,14765,179
57079,60,Female,35,80,16,129,27288,149
57080,33,Male,56,87,11,83,385,39
57081,63,Female,178,75,9,371,20841,44
57082,25,Male,151,54,7,105,28046,57
57083,66,Female,154,59,4,301,16548,41
57084,42,Female,24,88,16,186,43608,39
57085,67,Male,147,86,14,36,36511,148
57086,29,Male,47,39,11,318,42639,22
57087,42,Male,83,15,8,314,37854,157
57088,34,Male,94,79,11,220,27838,46
57089,43,Male,115,74,17,367,37608,3
57090,63,Male,43,28,19,266,27354,133
57091,65,Female,160,36,10,483,34112,56
57092,31,Male,148,54,12,439,20748,67
57093,58,Female,67,17,1,327,31212,89
57094,53,Female,174,86,2,214,834,160
57095,40,Female,138,87,18,364,7777,97
57096,60,Female,56,93,7,75,17887,109
57097,23,Female,61,22,16,159,45821,41
57098,64,Male,173,75,13,176,17116,29
57099,22,Male,198,36,4,229,30504,103
57100,60,Male,25,29,10,309,19281,111
57101,42,Female,168,55,9,267,45809,109
57102,35,Male,169,42,18,212,30820,11
57103,30,Female,97,32,9,249,1152,95
57104,60,Female,199,14,10,324,35773,132
57105,31,Female,123,18,8,238,24170,93
57106,45,Female,41,38,11,483,47331,54
57107,35,Male,76,34,13,165,39750,121
57108,45,Male,162,45,13,227,29299,2
57109,68,Male,145,87,16,474,27598,100
57110,44,Male,158,32,13,204,44375,78
57111,49,Male,117,67,12,279,25755,48
57112,64,Female,58,63,15,25,38180,68
57113,26,Male,107,55,16,250,4330,44
57114,57,Female,44,43,8,261,24526,128
57115,49,Female,182,22,6,60,43733,94
57116,37,Female,133,87,8,365,3586,83
57117,45,Male,43,68,2,37,44037,19
57118,50,Female,44,77,18,485,42897,172
57119,21,Female,118,96,11,62,27199,159
57120,63,Male,124,29,17,317,44041,62
57121,51,Female,46,40,10,125,16349,143
57122,65,Female,152,45,2,418,31786,157
57123,20,Female,65,10,19,450,13494,67
57124,43,Male,150,77,2,18,10927,86
57125,25,Female,193,45,6,20,6290,175
57126,23,Female,50,17,17,494,5695,84
57127,33,Male,69,2,12,116,29225,125
57128,41,Male,177,17,5,310,12347,7
57129,65,Female,50,90,2,350,3752,129
57130,56,Male,70,38,9,267,17562,22
57131,47,Male,50,37,2,191,39515,57
57132,62,Male,103,63,14,427,22097,94
57133,30,Male,76,5,15,179,25178,125
57134,22,Male,123,25,2,470,11196,73
57135,42,Male,101,73,18,334,18098,27
57136,37,Male,167,92,12,148,9939,38
57137,35,Female,78,22,7,294,16977,128
57138,64,Male,71,93,16,120,49455,76
57139,35,Male,127,63,19,101,13497,141
57140,19,Male,84,35,3,229,1943,97
57141,27,Female,194,55,15,14,13736,143
57142,62,Male,198,20,15,29,5636,80
57143,67,Male,34,5,7,110,30789,98
57144,64,Female,68,39,8,304,621,48
57145,29,Male,15,63,7,467,39384,15
57146,64,Female,104,32,3,425,47550,99
57147,30,Female,152,63,19,166,7008,40
57148,67,Male,165,74,19,459,37681,30
57149,64,Female,193,40,18,392,36145,112
57150,28,Male,127,17,7,10,36744,23
57151,36,Male,166,79,19,221,20974,9
57152,52,Female,27,73,5,128,23312,160
57153,56,Female,171,32,13,394,23794,35
57154,43,Male,124,23,2,269,49211,49
57155,63,Male,105,75,18,408,24969,96
57156,31,Female,109,60,4,184,12798,173
57157,62,Male,57,77,4,423,29491,16
57158,61,Male,152,82,8,143,28794,32
57159,41,Male,173,56,11,111,15180,25
57160,58,Female,88,9,1,394,49601,94
57161,18,Male,28,69,9,464,44627,37
57162,68,Male,113,62,6,71,27605,37
57163,60,Male,123,64,4,457,38019,163
57164,39,Female,176,22,6,398,39079,45
57165,40,Female,159,32,13,63,4591,136
57166,36,Female,163,47,9,314,25013,175
57167,35,Male,110,2,14,16,40755,36
57168,29,Female,72,85,12,365,20304,118
57169,45,Male,150,92,4,12,20593,82
57170,45,Female,110,52,8,341,5105,103
57171,50,Male,52,88,17,388,35304,138
57172,36,Female,168,88,5,454,36885,1
57173,45,Male,78,14,3,344,45776,143
57174,69,Male,172,37,4,477,1314,96
57175,66,Female,23,27,8,434,26995,92
57176,54,Male,135,24,16,158,13210,87
57177,43,Female,46,64,11,297,39008,131
57178,52,Female,25,70,2,21,8167,115
57179,51,Male,176,26,8,494,22237,32
57180,52,Male,119,54,7,113,45731,148
57181,57,Female,160,15,1,120,47411,56
57182,33,Female,161,29,2,272,43136,78
57183,55,Female,196,74,13,444,47892,99
57184,30,Male,96,28,11,182,42756,104
57185,40,Female,51,59,3,104,34113,42
57186,39,Male,96,73,2,330,1827,73
57187,33,Male,26,21,16,453,10250,60
57188,45,Female,18,10,1,212,9874,175
57189,65,Female,57,4,7,54,22345,152
57190,52,Male,169,62,3,43,49721,41
57191,62,Male,65,4,16,220,14464,4
57192,63,Male,19,6,6,404,27968,76
57193,25,Male,148,90,14,234,21904,179
57194,61,Female,101,80,11,426,32161,1
57195,39,Male,120,72,19,273,49926,14
57196,38,Female,70,92,1,310,15959,138
57197,43,Female,124,16,13,465,49056,97
57198,57,Female,82,38,9,235,5704,164
57199,38,Male,110,49,11,113,40988,42
57200,42,Male,58,61,1,484,30983,122
57201,58,Female,157,65,13,230,47372,48
57202,18,Female,104,83,1,343,30019,18
57203,23,Female,56,50,3,427,22061,89
57204,40,Female,153,17,17,310,35540,76
57205,68,Male,87,28,5,132,22489,60
57206,40,Female,25,44,6,494,24021,156
57207,60,Male,169,12,17,458,12471,9
57208,60,Male,72,70,10,466,42316,152
57209,40,Male,142,71,11,445,7393,148
57210,49,Male,35,72,13,403,41918,27
57211,47,Female,35,3,10,231,35716,101
57212,30,Male,86,49,14,52,32907,168
57213,60,Female,143,21,13,219,38373,83
57214,35,Male,116,8,4,346,48773,54
57215,40,Female,27,64,17,463,9221,86
57216,32,Female,87,92,18,20,9240,82
57217,50,Female,20,59,11,225,8099,143
57218,38,Female,126,30,10,173,39949,97
57219,56,Female,31,32,18,234,26752,103
57220,40,Male,87,75,19,234,4544,179
57221,44,Female,26,20,9,255,13602,40
57222,62,Male,100,16,5,155,7403,171
57223,61,Female,194,25,1,200,13518,64
57224,35,Male,136,60,5,270,42689,135
57225,41,Male,84,45,3,296,5640,2
57226,68,Male,122,9,1,25,43409,30
57227,64,Female,66,51,19,203,3092,52
57228,57,Male,51,61,6,18,20208,101
57229,68,Female,131,40,10,11,6887,103
57230,59,Female,17,61,5,302,24007,33
57231,24,Male,22,67,12,93,39272,9
57232,67,Male,152,80,12,452,15589,11
57233,65,Female,61,76,17,218,30352,124
57234,37,Female,183,15,2,67,37422,76
57235,44,Female,78,53,14,482,26075,138
57236,23,Female,56,4,12,348,30752,54
57237,44,Female,57,23,13,115,35139,75
57238,26,Female,139,27,5,145,29139,97
57239,62,Male,151,37,5,317,8669,148
57240,48,Female,28,77,17,340,17607,5
57241,38,Female,105,43,5,470,4821,24
57242,43,Male,146,37,19,86,13105,160
57243,57,Male,16,85,4,466,25975,31
57244,65,Male,129,29,7,334,18301,106
57245,62,Female,15,29,17,219,33237,44
57246,30,Male,89,49,11,241,46793,147
57247,66,Male,79,75,6,134,19204,24
57248,40,Female,188,51,13,189,26162,118
57249,37,Female,139,50,12,471,5426,12
57250,54,Female,149,28,5,299,5453,178
57251,45,Female,80,74,10,223,46688,85
57252,34,Male,157,5,11,441,46730,115
57253,45,Female,86,56,9,106,8926,25
57254,58,Male,130,64,13,417,35366,179
57255,19,Female,135,89,3,258,23779,117
57256,42,Male,61,97,17,230,21216,142
57257,67,Female,104,17,18,22,40200,72
57258,58,Female,54,97,5,315,46473,29
57259,23,Female,56,89,16,100,32150,25
57260,28,Male,193,97,16,202,48626,87
57261,55,Male,49,55,11,208,29935,100
57262,23,Male,55,9,4,269,41623,140
57263,62,Female,99,91,9,73,222,178
57264,28,Male,138,89,15,339,41848,140
57265,31,Female,71,68,12,241,32719,82
57266,19,Female,52,73,16,236,1486,100
57267,57,Female,110,79,4,176,4060,176
57268,20,Male,150,16,3,260,10474,178
57269,52,Female,77,16,4,456,10926,19
57270,50,Male,101,13,2,195,29482,112
57271,41,Female,146,78,19,258,29977,53
57272,36,Female,190,86,7,281,26116,35
57273,35,Female,66,85,2,484,14490,113
57274,66,Male,52,73,1,349,2577,155
57275,69,Male,101,63,18,455,24971,67
57276,41,Female,19,41,8,147,27237,51
57277,62,Male,134,53,8,118,49204,105
57278,52,Male,84,68,10,327,9896,147
57279,18,Female,127,74,18,426,46672,43
57280,53,Female,38,99,11,464,38360,35
57281,42,Male,100,9,1,435,22002,15
57282,62,Female,159,51,7,53,19502,144
57283,66,Female,40,48,8,439,45184,99
57284,60,Male,17,80,14,351,25646,69
57285,51,Male,16,49,19,346,31060,85
57286,42,Female,106,18,8,210,24960,169
57287,33,Male,16,10,19,387,10081,30
57288,51,Male,164,85,4,113,17796,147
57289,46,Female,85,54,10,467,12037,88
57290,36,Female,18,79,10,493,39192,46
57291,40,Female,52,15,4,488,8889,60
57292,36,Female,117,11,8,424,1765,79
57293,42,Male,84,40,7,398,24993,24
57294,33,Male,66,47,15,129,4820,164
57295,68,Female,45,20,8,411,26137,177
57296,26,Female,168,98,10,399,45376,14
57297,18,Female,50,22,7,371,18089,39
57298,59,Female,168,48,19,443,22906,8
57299,36,Male,170,82,3,392,45477,176
57300,50,Male,147,16,9,37,25572,80
57301,51,Female,129,5,16,116,5156,81
57302,33,Female,88,65,14,289,39733,41
57303,61,Male,32,83,7,462,12111,35
57304,57,Male,29,74,12,37,48435,54
57305,35,Male,199,21,1,195,15896,165
57306,51,Male,111,61,16,204,6870,18
57307,42,Female,19,77,3,155,32891,21
57308,62,Male,51,55,1,269,23673,42
57309,23,Male,118,24,6,369,47498,65
57310,38,Male,100,23,2,186,43468,136
57311,23,Female,164,87,7,137,21545,114
57312,49,Female,194,11,8,393,25808,101
57313,58,Male,29,47,13,115,46495,167
57314,65,Male,31,2,16,425,45004,61
57315,60,Female,65,70,10,361,46178,10
57316,56,Female,59,53,4,392,36152,7
57317,48,Male,136,11,13,220,38716,35
57318,59,Female,170,15,17,358,41499,91
57319,27,Male,163,73,8,490,10486,42
57320,47,Female,184,12,8,331,37893,88
57321,69,Male,96,36,7,323,13300,29
57322,35,Male,159,92,1,20,17072,155
57323,41,Female,149,23,15,376,42505,38
57324,69,Male,103,27,15,490,41950,2
57325,26,Female,115,88,19,498,23849,25
57326,48,Female,54,14,4,369,44676,38
57327,32,Female,182,54,6,330,45348,59
57328,21,Male,57,99,10,393,26610,106
57329,57,Male,87,27,12,499,38245,7
57330,26,Male,193,21,4,26,23306,177
57331,62,Female,37,49,6,379,12625,108
57332,26,Male,109,62,14,345,28231,41
57333,43,Male,174,77,13,75,6633,179
57334,21,Male,173,72,3,383,14600,105
57335,34,Male,31,44,15,122,8141,94
57336,33,Female,126,44,3,141,19853,24
57337,32,Male,117,98,5,425,20183,36
57338,52,Female,72,61,13,80,46216,80
57339,69,Female,100,42,15,422,16460,138
57340,22,Female,49,23,17,70,22240,21
57341,22,Female,44,73,6,453,34241,27
57342,37,Male,195,1,18,466,738,55
57343,32,Male,193,36,3,323,44913,85
57344,35,Male,118,55,9,492,4412,133
57345,64,Female,179,16,8,253,19523,117
57346,19,Male,136,89,11,318,27390,59
57347,46,Female,148,18,11,14,33453,164
57348,30,Male,48,98,8,379,17970,74
57349,21,Male,70,38,1,326,33751,34
57350,59,Male,39,67,2,30,11451,52
57351,62,Female,129,20,4,195,35892,134
57352,27,Male,27,19,2,218,24353,142
57353,48,Female,77,13,2,240,22196,59
57354,58,Female,116,17,13,23,32355,57
57355,25,Female,136,78,6,361,29285,120
57356,20,Male,134,30,4,88,8261,37
57357,65,Male,147,86,15,478,40257,32
57358,63,Female,25,43,3,191,36500,20
57359,26,Female,123,48,4,87,24608,126
57360,47,Female,118,43,17,306,37492,81
57361,28,Female,125,93,6,281,18388,109
57362,52,Female,186,66,2,60,22979,52
57363,54,Male,83,53,13,266,25874,88
57364,59,Male,116,72,15,305,24887,85
57365,30,Male,16,78,5,27,24414,176
57366,53,Female,182,34,19,299,1169,79
57367,30,Female,51,77,6,227,18217,139
57368,29,Male,132,74,17,454,41519,101
57369,54,Male,63,72,1,109,21446,158
57370,27,Female,89,71,2,158,33886,60
57371,26,Female,178,13,1,394,16751,146
57372,69,Female,89,90,8,164,19905,120
57373,24,Male,48,56,4,444,28679,175
57374,19,Female,72,59,18,404,27036,126
57375,40,Female,125,32,9,385,16002,12
57376,56,Female,179,83,15,111,11231,178
57377,57,Male,110,79,16,124,21721,102
57378,56,Female,74,54,3,279,21558,112
57379,38,Male,154,2,1,101,25533,40
57380,40,Female,46,37,13,448,46629,19
57381,46,Female,146,83,14,420,37751,87
57382,31,Male,120,97,6,415,37461,100
57383,43,Female,47,33,5,30,44977,155
57384,68,Male,57,1,5,129,2173,80
57385,22,Female,126,28,4,417,11100,7
57386,48,Male,121,17,12,28,49449,77
57387,42,Female,23,57,14,33,19660,55
57388,48,Male,193,70,14,35,26695,91
57389,67,Male,128,52,11,162,2406,159
57390,37,Female,139,44,10,310,286,139
57391,61,Male,34,84,10,373,10158,145
57392,34,Female,181,47,9,422,11583,66
57393,62,Male,165,13,2,211,39283,67
57394,19,Female,55,76,14,148,3877,98
57395,42,Female,58,30,7,289,25457,114
57396,30,Female,139,85,17,33,14770,160
57397,56,Female,49,66,8,21,7845,152
57398,45,Male,165,53,4,144,45376,13
57399,59,Female,72,18,5,433,12984,150
57400,23,Female,62,28,13,90,27245,147
57401,20,Female,72,4,7,364,8526,167
57402,52,Female,115,42,6,79,29186,21
57403,35,Female,71,6,17,213,39180,144
57404,28,Male,181,9,6,88,10637,135
57405,37,Female,170,20,19,489,39928,84
57406,22,Male,78,94,3,288,28882,112
57407,36,Male,76,38,9,208,13356,126
57408,39,Female,97,68,15,388,27977,78
57409,36,Female,127,50,8,303,25510,154
57410,64,Male,126,60,15,424,20055,86
57411,33,Male,76,13,1,294,5639,105
57412,41,Male,108,99,8,437,36233,76
57413,58,Female,99,94,4,165,2168,113
57414,21,Male,40,42,10,85,40481,31
57415,32,Male,193,68,16,228,40059,104
57416,42,Female,135,25,18,333,14139,68
57417,61,Male,64,31,4,286,34192,168
57418,52,Female,129,12,8,274,40780,27
57419,31,Male,50,64,4,58,34155,137
57420,66,Female,168,79,10,107,49358,93
57421,36,Male,47,61,4,302,35076,16
57422,55,Female,137,53,16,30,15911,111
57423,53,Female,114,26,12,453,21604,113
57424,24,Male,82,61,10,32,27308,13
57425,47,Female,87,10,11,481,29503,60
57426,36,Male,150,12,2,147,23782,79
57427,66,Female,37,22,16,239,25335,137
57428,42,Female,84,53,19,335,45346,120
57429,33,Female,69,21,12,414,38605,125
57430,64,Female,185,35,4,366,25221,108
57431,57,Female,124,71,17,38,1508,32
57432,68,Female,163,82,12,324,34384,55
57433,25,Female,164,27,16,433,18489,153
57434,35,Male,23,60,3,30,44370,169
57435,45,Male,176,99,2,351,30682,26
57436,33,Female,168,47,7,108,23884,109
57437,69,Female,143,66,6,72,7982,157
57438,36,Female,122,96,1,311,39070,128
57439,59,Male,147,15,15,142,20262,82
57440,34,Female,183,24,12,24,26329,36
57441,62,Male,164,84,13,114,29916,97
57442,30,Female,82,10,8,120,6230,84
57443,24,Female,190,88,9,348,35970,131
57444,44,Female,80,24,1,345,44689,59
57445,27,Female,158,88,5,433,35533,162
57446,51,Female,67,57,7,120,2783,6
57447,53,Male,142,34,18,372,43432,159
57448,42,Female,79,41,8,352,11011,160
57449,23,Male,78,40,10,13,47075,42
57450,41,Male,82,11,8,478,22435,57
57451,35,Female,76,90,12,161,24081,73
57452,40,Female,95,1,16,51,4118,46
57453,23,Female,85,30,12,384,14069,112
57454,46,Male,128,43,3,35,6711,88
57455,42,Male,187,82,18,371,14316,56
57456,34,Male,66,26,5,203,36181,178
57457,63,Female,130,53,14,369,4087,123
57458,41,Male,139,47,16,17,1422,158
57459,28,Male,141,9,6,82,46278,164
57460,43,Male,79,9,16,459,5946,26
57461,68,Female,144,1,14,87,19691,50
57462,51,Male,191,71,5,157,19097,130
57463,45,Male,36,44,14,331,21436,106
57464,20,Female,171,59,11,77,45846,108
57465,28,Female,177,56,9,364,14632,7
57466,55,Female,90,51,7,192,28214,155
57467,31,Male,166,16,5,343,16375,80
57468,68,Male,108,38,15,94,5183,49
57469,43,Male,172,11,13,88,10589,46
57470,65,Female,184,25,12,48,20722,154
57471,38,Male,85,93,15,315,17904,65
57472,56,Female,120,83,19,29,46168,2
57473,47,Female,64,82,19,79,18950,79
57474,25,Male,116,59,10,165,2735,64
57475,68,Male,127,29,17,126,22873,100
57476,37,Male,44,80,16,377,12606,60
57477,65,Female,26,40,5,436,32698,89
57478,49,Female,191,8,4,459,13653,137
57479,39,Male,96,98,10,37,20969,15
57480,24,Female,60,6,6,384,33192,165
57481,26,Male,185,45,11,107,29765,6
57482,62,Male,144,53,11,471,40364,171
57483,18,Male,111,94,16,338,3000,45
57484,46,Female,94,98,14,160,1480,76
57485,25,Female,68,21,19,373,48682,156
57486,21,Male,49,57,4,428,33489,106
57487,52,Male,66,76,5,31,18202,163
57488,20,Female,175,6,19,270,30034,66
57489,62,Male,98,63,17,69,12074,154
57490,57,Female,86,6,18,434,18185,148
57491,24,Male,193,53,8,422,2506,129
57492,44,Female,40,4,4,172,8022,92
57493,18,Male,75,9,18,123,45826,30
57494,44,Female,168,69,11,363,28603,10
57495,33,Male,51,74,14,205,47152,109
57496,55,Female,172,72,13,54,1142,150
57497,24,Female,109,87,16,122,36899,29
57498,61,Female,25,4,12,402,42313,69
57499,40,Female,195,58,9,188,26981,136
57500,58,Male,55,37,7,279,36717,139
57501,28,Female,147,71,10,334,25036,154
57502,59,Female,80,6,17,379,4940,147
57503,50,Male,155,51,18,65,16573,147
57504,67,Female,167,79,7,376,48851,158
57505,53,Male,186,99,3,356,12619,36
57506,54,Female,156,50,15,276,16991,170
57507,58,Female,83,96,16,423,5472,9
57508,34,Female,73,14,17,124,14817,135
57509,52,Female,198,99,13,366,8958,18
57510,65,Female,194,11,3,176,15303,137
57511,22,Female,80,10,5,363,47349,134
57512,65,Male,82,61,9,124,13173,45
57513,49,Male,26,81,18,417,44530,150
57514,20,Female,82,13,11,89,34947,79
57515,69,Female,185,34,11,323,26728,87
57516,64,Male,87,60,16,295,22748,160
57517,52,Male,20,51,8,417,26782,121
57518,69,Female,29,5,2,332,20422,144
57519,31,Female,56,74,10,38,40108,130
57520,65,Female,45,32,6,51,13676,41
57521,48,Female,195,12,4,469,2515,179
57522,48,Female,20,52,5,128,41260,14
57523,34,Female,47,13,11,71,4956,177
57524,41,Male,171,85,12,164,39764,177
57525,69,Female,35,54,16,294,14514,27
57526,40,Female,138,97,14,459,44604,81
57527,35,Male,196,54,14,450,232,167
57528,67,Male,198,41,15,198,14733,73
57529,31,Male,108,48,8,294,8723,164
57530,67,Male,163,51,5,113,21165,10
57531,32,Female,114,47,9,66,4415,93
57532,32,Male,69,50,16,466,16741,132
57533,23,Male,78,96,3,320,21529,85
57534,44,Female,100,76,12,381,19272,101
57535,32,Male,188,46,7,181,25468,2
57536,67,Male,36,99,17,393,38012,156
57537,53,Female,74,38,15,165,28659,89
57538,25,Female,118,92,15,174,31673,154
57539,32,Female,153,13,12,416,44082,121
57540,20,Female,61,76,2,342,8046,30
57541,64,Female,173,22,8,78,38353,9
57542,30,Female,91,2,5,489,35066,129
57543,58,Female,32,93,3,485,5654,56
57544,51,Male,36,77,1,67,24909,56
57545,41,Male,198,99,16,216,30900,61
57546,57,Female,159,13,10,481,35095,45
57547,49,Male,52,57,10,425,29878,141
57548,49,Female,39,34,11,94,35353,142
57549,47,Male,46,19,12,334,32554,138
57550,69,Female,157,9,8,110,45687,145
57551,66,Male,27,95,5,301,48992,145
57552,30,Female,192,33,9,260,7962,159
57553,18,Male,25,27,11,229,20781,174
57554,51,Female,27,45,15,169,4626,49
57555,32,Male,111,2,17,196,29247,90
57556,61,Male,192,79,11,393,1674,100
57557,31,Female,115,83,13,453,13251,93
57558,46,Male,52,57,17,96,6189,18
57559,51,Male,15,95,7,473,40456,11
57560,35,Male,53,57,9,339,9440,96
57561,24,Male,41,16,18,358,49767,131
57562,46,Male,50,79,18,164,29995,104
57563,48,Female,174,6,10,364,38475,144
57564,42,Female,183,14,12,499,5982,137
57565,55,Male,157,27,18,289,46871,68
57566,31,Female,45,38,9,352,18962,173
57567,25,Male,141,19,9,332,25437,2
57568,44,Female,20,37,10,173,12846,119
57569,19,Male,103,4,1,407,7493,89
57570,34,Male,194,58,11,77,49640,120
57571,54,Male,164,90,14,437,35568,22
57572,31,Male,45,9,10,441,18309,121
57573,42,Female,114,40,14,371,14532,177
57574,47,Female,87,15,19,384,39021,149
57575,46,Female,60,4,10,297,31359,74
57576,37,Male,111,90,17,221,33684,87
57577,38,Female,185,52,2,129,19996,4
57578,39,Female,15,18,14,410,5523,58
57579,52,Male,186,53,18,486,28798,118
57580,54,Male,71,59,2,194,46458,26
57581,33,Male,23,99,19,432,20664,113
57582,67,Female,19,54,8,425,11454,167
57583,66,Female,93,41,6,461,31752,104
57584,60,Male,128,60,7,225,35328,129
57585,34,Female,23,93,13,499,26909,98
57586,33,Male,187,88,2,139,2146,48
57587,19,Female,38,4,7,87,3712,21
57588,21,Male,184,85,1,497,8318,159
57589,38,Female,164,39,6,179,1551,175
57590,56,Female,117,7,16,47,48578,23
57591,51,Female,74,23,8,64,47785,91
57592,47,Male,100,85,13,448,19659,7
57593,23,Male,179,63,18,299,20488,128
57594,34,Male,130,65,14,55,10739,49
57595,56,Female,181,41,18,180,17111,99
57596,42,Male,98,89,4,139,11045,31
57597,22,Female,104,95,15,173,47070,125
57598,22,Male,103,44,5,79,11366,175
57599,37,Male,195,45,14,301,13667,93
57600,33,Female,134,69,16,415,15993,35
57601,68,Female,170,95,15,78,46636,34
57602,58,Male,157,51,11,431,22231,15
57603,54,Male,20,65,2,114,21744,78
57604,57,Female,66,54,18,63,42441,85
57605,26,Female,154,56,4,415,38453,71
57606,22,Male,33,94,15,377,29961,81
57607,59,Female,89,82,12,468,47143,170
57608,19,Male,144,72,3,372,3479,146
57609,26,Male,69,90,4,257,23316,38
57610,60,Male,29,40,16,424,13218,64
57611,53,Female,114,58,6,318,15940,29
57612,39,Male,83,15,2,382,44454,118
57613,39,Male,157,19,9,115,20520,115
57614,39,Female,57,10,12,358,34012,10
57615,51,Female,31,88,12,324,14682,17
57616,46,Female,112,16,14,106,3639,160
57617,55,Male,130,43,17,351,16896,115
57618,63,Female,166,31,9,442,16148,84
57619,50,Female,88,16,12,36,41475,81
57620,35,Male,130,80,10,81,43610,174
57621,24,Male,44,28,11,387,2090,71
57622,18,Male,81,62,2,194,13959,115
57623,50,Male,65,20,16,143,20805,56
57624,18,Female,74,35,1,183,12392,61
57625,41,Male,17,59,1,290,23562,103
57626,21,Female,118,9,2,107,25271,44
57627,21,Male,19,10,12,402,2228,166
57628,35,Male,42,45,18,73,26868,104
57629,44,Female,122,82,12,493,15890,178
57630,60,Female,153,15,1,424,46219,74
57631,49,Female,115,30,11,412,29782,32
57632,50,Male,90,48,2,122,3107,121
57633,45,Male,29,96,12,74,32939,90
57634,59,Female,97,40,2,225,3343,53
57635,58,Female,62,91,17,363,9119,176
57636,53,Male,141,91,6,410,21974,1
57637,23,Female,60,83,16,299,7774,103
57638,33,Female,42,74,19,492,42627,118
57639,51,Male,21,44,6,429,9506,30
57640,40,Female,108,46,7,406,1877,9
57641,67,Male,96,6,19,324,35011,108
57642,59,Male,102,24,17,98,7881,33
57643,41,Male,148,73,6,256,28740,26
57644,66,Female,82,91,15,341,31914,42
57645,30,Female,69,7,9,158,3314,42
57646,35,Female,191,6,2,366,46621,96
57647,30,Female,132,33,5,375,5053,39
57648,66,Male,193,85,5,495,27619,61
57649,54,Male,148,38,12,458,41063,47
57650,60,Female,122,44,10,249,27662,170
57651,56,Female,65,17,4,15,31305,48
57652,59,Female,52,31,12,246,6799,161
57653,34,Female,153,37,15,374,29646,155
57654,32,Male,194,11,10,276,2541,171
57655,35,Female,107,92,18,345,45212,157
57656,40,Male,34,5,5,415,17693,147
57657,68,Female,24,64,13,247,27417,128
57658,47,Female,40,76,4,148,23056,99
57659,51,Female,62,3,9,174,7608,111
57660,21,Male,105,56,18,291,36041,28
57661,20,Female,128,63,3,194,21954,10
57662,24,Male,28,38,11,163,38513,106
57663,35,Male,114,54,4,115,43695,144
57664,59,Female,26,2,9,158,1115,100
57665,24,Male,130,90,12,194,16845,1
57666,57,Male,137,2,10,419,38482,118
57667,23,Male,37,12,10,280,48012,82
57668,39,Female,99,40,9,368,36008,132
57669,18,Male,86,2,10,200,5103,132
57670,21,Male,181,80,9,172,45803,115
57671,63,Female,136,94,1,404,44154,148
57672,66,Female,151,57,16,210,39209,63
57673,69,Male,109,47,14,115,23521,35
57674,67,Male,39,36,13,224,34940,116
57675,60,Male,31,4,6,333,35142,45
57676,46,Male,184,75,14,487,21474,57
57677,38,Female,43,24,8,229,28661,121
57678,43,Female,81,82,18,354,39690,152
57679,31,Male,99,91,1,479,23898,20
57680,26,Female,71,62,12,226,9231,156
57681,64,Male,86,2,11,483,40216,166
57682,29,Female,28,15,13,443,44996,152
57683,59,Female,53,75,4,38,28089,24
57684,68,Male,158,91,6,247,28424,70
57685,68,Male,32,49,13,73,17131,102
57686,23,Male,89,87,13,434,45322,127
57687,37,Male,116,35,6,105,12058,118
57688,41,Female,34,94,4,163,22313,25
57689,44,Female,131,47,3,37,29708,81
57690,55,Male,188,24,15,349,38520,17
57691,25,Female,131,83,11,185,4076,58
57692,18,Female,187,60,2,260,22465,148
57693,66,Male,18,93,17,203,36759,2
57694,66,Male,98,77,2,288,19455,83
57695,41,Female,162,48,1,48,40510,9
57696,64,Male,153,23,5,78,774,123
57697,24,Male,128,12,17,286,1301,104
57698,36,Female,79,41,1,129,17959,83
57699,39,Female,160,29,7,95,29702,109
57700,52,Male,181,70,3,186,38202,120
57701,47,Female,58,51,16,468,20532,134
57702,46,Male,132,23,16,103,14016,11
57703,39,Male,114,31,12,101,7074,149
57704,28,Female,32,21,9,429,48481,106
57705,37,Female,189,24,14,90,14519,128
57706,46,Male,173,72,12,350,20388,30
57707,68,Male,142,9,16,430,45790,82
57708,58,Male,181,22,17,237,21048,115
57709,59,Female,52,4,12,392,38813,149
57710,51,Male,189,77,4,482,36699,151
57711,18,Female,150,98,17,97,24109,61
57712,48,Male,118,3,1,359,20981,158
57713,47,Female,27,28,17,137,24471,174
57714,65,Male,69,90,11,307,44682,18
57715,35,Female,102,98,19,199,31836,62
57716,34,Male,99,15,18,364,43514,173
57717,55,Male,123,8,2,478,3950,61
57718,31,Male,57,48,9,143,13324,59
57719,40,Male,146,99,9,478,34267,163
57720,42,Female,85,88,12,145,27841,110
57721,32,Female,26,52,13,334,17470,150
57722,63,Female,73,55,16,49,26334,114
57723,39,Female,196,37,13,147,12199,152
57724,20,Female,58,4,14,296,44145,51
57725,36,Male,30,55,7,265,31306,65
57726,61,Female,148,12,2,295,21474,143
57727,51,Female,28,19,12,444,39970,112
57728,52,Female,129,79,17,94,23185,156
57729,67,Female,126,57,5,429,5727,42
57730,18,Male,137,94,10,326,20041,148
57731,69,Male,72,37,18,36,24141,43
57732,38,Male,173,76,3,239,44460,171
57733,46,Male,183,83,13,300,36266,2
57734,23,Female,134,98,13,325,11790,151
57735,54,Female,49,7,10,297,45532,140
57736,18,Male,24,92,2,355,47147,174
57737,68,Male,95,55,16,141,30622,126
57738,18,Female,172,28,4,100,43220,161
57739,44,Female,58,93,19,365,47500,44
57740,38,Male,197,37,5,238,45870,153
57741,33,Male,85,84,7,36,46449,35
57742,61,Male,32,61,9,312,2356,163
57743,57,Male,97,75,5,399,10815,65
57744,43,Female,93,39,8,475,2994,171
57745,33,Female,100,23,2,291,31304,159
57746,45,Female,181,52,7,289,37211,156
57747,18,Male,56,84,4,208,23410,139
57748,53,Female,196,84,15,384,48328,32
57749,27,Female,138,11,18,309,3242,66
57750,60,Male,44,66,2,407,23279,60
57751,34,Male,34,13,14,406,7092,179
57752,40,Male,140,77,10,163,4291,145
57753,24,Male,110,41,5,308,19818,115
57754,61,Male,139,49,12,52,33403,68
57755,24,Male,56,15,10,331,31721,166
57756,61,Female,103,56,18,119,26233,64
57757,32,Female,101,54,6,120,35340,131
57758,51,Female,19,31,12,480,10596,54
57759,63,Female,64,61,1,421,32057,76
57760,62,Female,55,58,7,10,33079,172
57761,21,Female,108,87,12,489,36002,127
57762,31,Male,181,60,7,149,38542,158
57763,31,Male,71,53,9,375,6088,110
57764,33,Male,199,86,15,187,9488,88
57765,24,Female,179,61,12,446,5249,113
57766,49,Female,149,80,13,69,40328,54
57767,36,Male,147,42,4,192,26072,48
57768,19,Male,65,29,10,428,17541,35
57769,27,Male,120,84,3,454,21415,68
57770,67,Male,150,92,5,291,5168,26
57771,34,Male,198,27,4,424,28862,72
57772,54,Female,25,44,19,322,41253,88
57773,29,Female,164,93,15,405,19350,107
57774,23,Female,112,5,7,230,39793,56
57775,39,Male,113,52,3,398,867,69
57776,49,Female,153,53,16,236,33482,80
57777,58,Male,110,52,15,400,37257,96
57778,37,Female,120,38,18,153,43261,157
57779,18,Male,157,44,3,233,27799,126
57780,64,Male,180,53,14,61,33779,105
57781,23,Female,15,2,1,90,48536,59
57782,36,Female,60,54,7,158,22291,25
57783,35,Female,102,84,2,36,22656,27
57784,23,Female,185,77,10,241,5949,99
57785,62,Female,36,90,16,120,18062,22
57786,50,Male,17,35,12,381,48407,47
57787,40,Female,156,46,18,88,22402,122
57788,40,Female,144,72,6,288,25807,55
57789,43,Male,75,92,17,136,3269,9
57790,30,Female,174,79,8,465,49702,54
57791,24,Male,52,55,9,290,18889,114
57792,32,Female,60,72,19,404,23792,64
57793,61,Female,184,11,2,328,23454,118
57794,44,Male,148,29,7,450,47607,109
57795,43,Female,55,69,11,350,34232,99
57796,50,Female,167,63,13,191,41945,167
57797,32,Female,153,47,10,128,6934,83
57798,53,Female,124,7,15,275,30832,8
57799,62,Male,55,64,7,187,20490,107
57800,44,Male,71,82,6,210,14839,155
57801,22,Female,188,64,12,377,46814,112
57802,19,Female,137,92,3,394,45366,161
57803,50,Male,100,12,16,479,10699,138
57804,33,Male,190,12,9,79,865,106
57805,40,Female,77,36,10,167,15066,144
57806,55,Male,53,29,13,320,3857,11
57807,33,Male,152,11,8,107,48541,19
57808,31,Male,178,53,6,214,20732,52
57809,46,Male,41,70,3,95,47493,143
57810,43,Female,197,85,12,399,14152,42
57811,52,Male,95,74,9,370,30386,100
57812,32,Female,195,96,9,289,43351,96
57813,20,Female,121,47,11,94,7103,83
57814,40,Male,50,33,6,368,38267,79
57815,46,Female,99,81,2,224,16415,166
57816,51,Female,169,67,7,142,27626,128
57817,50,Male,183,43,9,400,33685,86
57818,58,Male,42,18,19,396,3120,49
57819,58,Male,30,74,18,256,33622,77
57820,40,Female,49,53,12,150,25907,84
57821,24,Female,178,39,11,447,6528,49
57822,20,Female,198,72,10,456,27998,79
57823,49,Female,113,34,3,85,36779,150
57824,48,Male,161,37,12,399,32836,171
57825,35,Female,199,41,4,107,14637,50
57826,60,Male,136,97,10,472,48715,84
57827,24,Male,175,49,2,312,6311,124
57828,58,Male,37,10,12,475,11119,19
57829,18,Male,133,40,11,64,17665,91
57830,31,Female,77,18,14,314,12575,72
57831,69,Male,84,25,15,450,27817,146
57832,49,Female,164,41,14,268,5563,10
57833,23,Male,94,36,12,31,10733,50
57834,56,Male,73,2,2,44,3401,49
57835,27,Male,167,83,2,37,7198,169
57836,24,Female,31,74,1,498,26863,99
57837,43,Male,53,49,15,179,38299,143
57838,51,Male,91,67,10,149,43919,120
57839,47,Male,106,53,1,138,16874,23
57840,53,Male,181,19,1,109,7160,76
57841,38,Female,38,26,1,487,38706,113
57842,34,Female,180,54,11,382,3623,27
57843,50,Male,102,51,12,256,11558,6
57844,27,Male,199,25,15,32,3699,24
57845,68,Female,58,17,14,366,24757,86
57846,64,Female,50,74,1,293,46054,137
57847,59,Female,113,61,1,122,24388,67
57848,68,Male,84,46,6,382,22152,70
57849,29,Female,136,55,3,206,17427,78
57850,33,Male,138,50,14,173,47941,42
57851,58,Female,94,75,6,390,17497,60
57852,49,Female,59,11,8,319,21023,83
57853,32,Male,168,12,15,440,22251,176
57854,44,Female,153,40,17,65,32901,87
57855,45,Male,194,48,9,19,24480,133
57856,34,Female,167,56,16,142,20574,108
57857,63,Male,45,8,1,407,42136,166
57858,67,Female,99,88,16,161,26868,147
57859,19,Female,59,14,19,200,1400,71
57860,53,Male,129,87,9,293,23973,24
57861,67,Male,81,56,17,286,18232,105
57862,24,Male,90,54,6,252,321,80
57863,30,Male,54,17,14,497,4570,138
57864,32,Female,188,45,18,341,42119,149
57865,42,Female,196,5,14,285,4015,143
57866,40,Female,55,3,7,199,37375,64
57867,39,Female,134,9,10,124,47721,141
57868,43,Female,95,84,16,361,17936,71
57869,50,Female,52,20,7,316,21806,168
57870,28,Male,114,83,6,367,887,136
57871,27,Female,178,21,6,305,27105,105
57872,42,Female,186,80,7,243,13756,166
57873,54,Male,71,33,17,350,13644,52
57874,65,Female,80,5,8,90,47974,2
57875,60,Female,44,24,2,202,14303,150
57876,55,Female,24,63,19,380,37404,119
57877,58,Male,75,79,7,373,221,118
57878,62,Male,50,26,12,421,16173,4
57879,41,Female,68,89,3,447,40285,52
57880,57,Male,111,92,4,267,18588,111
57881,63,Female,18,33,11,474,6912,7
57882,50,Female,197,18,12,240,12344,1
57883,34,Female,68,18,19,23,28662,83
57884,41,Male,125,38,19,23,33937,94
57885,54,Female,105,33,11,53,3978,114
57886,19,Female,103,27,13,219,30884,55
57887,49,Female,78,49,1,49,8736,117
57888,41,Female,133,50,6,43,26505,13
57889,26,Female,106,15,16,244,49252,28
57890,21,Male,164,77,2,330,24661,14
57891,34,Female,167,52,14,243,3531,131
57892,34,Male,95,98,18,283,4495,16
57893,67,Female,73,68,17,377,23027,89
57894,65,Male,199,99,18,299,16162,174
57895,47,Female,196,19,19,352,44767,111
57896,57,Female,58,95,15,442,19891,121
57897,28,Male,194,25,2,345,15273,131
57898,38,Male,90,76,4,476,49891,98
57899,38,Female,158,76,1,238,48199,131
57900,35,Male,115,25,8,389,10685,169
57901,46,Male,139,33,14,448,43220,157
57902,41,Female,30,60,11,327,13465,168
57903,27,Female,69,37,14,137,1688,19
57904,62,Female,109,92,16,335,33253,148
57905,34,Female,93,43,10,417,5933,21
57906,35,Female,91,9,7,218,48248,148
57907,59,Male,54,14,16,313,16696,92
57908,65,Female,35,3,4,89,37401,47
57909,37,Male,80,69,12,304,7126,91
57910,54,Female,150,56,12,185,43966,44
57911,62,Female,24,26,2,242,26275,114
57912,35,Male,199,53,6,335,1763,89
57913,34,Female,146,41,15,345,16027,2
57914,26,Male,57,82,15,274,46667,171
57915,31,Male,119,21,16,294,14091,88
57916,66,Male,77,39,3,461,25132,147
57917,46,Female,185,80,1,453,39657,90
57918,48,Female,96,23,12,419,21138,174
57919,21,Female,65,93,15,127,8862,169
57920,35,Female,70,74,19,175,19498,67
57921,37,Female,185,58,6,327,35954,91
57922,64,Female,166,69,19,419,15786,14
57923,60,Male,48,75,17,151,14226,148
57924,61,Female,73,29,9,492,35588,35
57925,26,Female,144,62,13,256,11654,153
57926,30,Female,144,53,15,186,9533,128
57927,32,Female,152,45,16,308,37371,132
57928,44,Male,165,27,13,353,21243,57
57929,32,Male,157,34,2,273,17622,2
57930,45,Male,132,14,2,177,23151,66
57931,54,Male,142,41,11,34,28643,89
57932,36,Male,31,74,16,200,11942,111
57933,43,Female,96,60,17,397,29991,87
57934,69,Male,28,42,3,24,16638,149
57935,43,Male,95,51,1,25,26077,89
57936,42,Female,137,75,18,319,45668,91
57937,43,Female,30,11,14,136,40380,52
57938,43,Male,46,35,9,276,12303,118
57939,63,Female,37,19,9,37,40093,143
57940,45,Female,116,88,12,272,3667,174
57941,66,Male,176,65,3,379,1694,115
57942,35,Female,112,76,2,393,37101,31
57943,49,Male,158,61,1,303,3903,62
57944,20,Male,176,47,9,161,21449,34
57945,19,Female,118,14,13,488,48467,36
57946,50,Male,140,67,16,77,49534,121
57947,59,Male,175,52,19,46,34204,104
57948,36,Female,82,32,10,385,28997,44
57949,34,Female,185,80,5,44,12627,77
57950,61,Female,78,10,14,143,41780,18
57951,50,Female,85,17,15,375,48806,45
57952,29,Male,32,40,3,170,30358,108
57953,66,Female,127,68,9,381,37095,167
57954,20,Female,139,63,1,233,434,26
57955,60,Male,141,15,1,119,272,112
57956,66,Male,75,97,19,111,29343,101
57957,43,Male,89,39,6,364,22351,75
57958,52,Male,121,57,11,474,1989,96
57959,25,Female,162,10,18,191,41827,24
57960,69,Female,153,71,14,489,36991,117
57961,53,Male,188,97,16,407,12204,105
57962,24,Male,95,17,1,156,10731,178
57963,63,Male,120,76,10,225,31548,39
57964,63,Male,42,17,10,496,47212,111
57965,53,Female,190,16,13,148,11751,159
57966,33,Male,177,78,1,336,35228,83
57967,41,Female,22,3,3,438,37230,164
57968,18,Male,105,51,14,197,31992,167
57969,66,Female,164,94,16,97,7588,21
57970,42,Female,135,46,6,256,39902,23
57971,27,Female,166,55,1,195,40424,54
57972,33,Female,80,99,5,97,47159,164
57973,33,Male,109,26,8,343,25744,143
57974,25,Female,78,76,12,161,43187,130
57975,46,Male,79,31,1,276,41338,76
57976,56,Female,139,81,13,209,22898,70
57977,45,Female,28,72,9,392,39085,166
57978,23,Male,39,19,8,437,2251,65
57979,33,Male,114,90,13,344,21015,50
57980,37,Female,119,68,2,499,47247,117
57981,33,Female,145,15,15,255,44695,87
57982,24,Male,147,58,14,459,35908,1
57983,58,Female,79,78,19,225,11209,21
57984,31,Male,196,30,9,438,3828,57
57985,60,Male,33,48,19,83,40602,147
57986,43,Male,120,56,14,169,38431,29
57987,43,Female,68,42,8,264,42391,178
57988,31,Female,152,24,5,26,36666,34
57989,24,Male,158,52,7,447,34927,81
57990,50,Male,118,43,4,147,34494,54
57991,43,Male,188,34,8,479,43337,32
57992,62,Male,171,60,4,15,24423,132
57993,37,Female,29,83,1,228,27848,30
57994,20,Male,62,3,8,413,30904,95
57995,69,Female,153,68,7,10,7129,146
57996,21,Male,48,11,11,73,3719,69
57997,43,Female,178,13,16,218,18279,29
57998,28,Female,172,50,17,10,22480,140
57999,19,Female,113,82,5,366,24574,15
58000,31,Female,33,19,7,198,47039,79
58001,61,Female,84,44,10,472,45279,53
58002,47,Male,129,33,13,256,576,163
58003,66,Male,175,38,15,266,978,142
58004,29,Female,110,3,6,474,38243,103
58005,43,Male,89,99,2,183,36311,146
58006,61,Male,164,65,4,118,14628,166
58007,50,Male,50,35,14,69,22576,86
58008,30,Male,165,36,15,52,3795,166
58009,31,Male,77,38,14,437,14261,55
58010,41,Male,168,39,4,47,14656,139
58011,51,Male,107,25,6,372,19083,67
58012,61,Female,19,64,7,267,47905,53
58013,43,Male,196,13,13,91,13387,172
58014,38,Male,180,68,17,405,17170,153
58015,45,Male,39,70,17,230,7689,142
58016,65,Female,112,75,4,416,32377,47
58017,53,Female,26,1,19,120,31626,95
58018,57,Male,164,72,13,274,6944,89
58019,19,Female,151,54,9,145,9001,140
58020,59,Female,98,98,2,443,10892,7
58021,26,Male,43,9,18,345,19067,177
58022,40,Female,186,36,17,327,46886,142
58023,32,Male,123,37,7,32,31426,157
58024,30,Female,41,59,17,358,40452,175
58025,40,Male,69,21,10,68,16023,142
58026,34,Female,147,20,14,275,26127,179
58027,65,Male,66,1,12,149,308,142
58028,19,Male,27,99,12,455,25301,87
58029,37,Female,56,59,17,390,1698,136
58030,37,Male,157,28,19,125,42109,77
58031,63,Male,93,71,14,213,31311,100
58032,20,Female,32,56,17,167,47976,108
58033,29,Male,64,9,15,339,21531,65
58034,57,Male,16,65,6,471,43554,37
58035,19,Female,101,36,19,205,37885,16
58036,53,Male,121,98,6,440,48973,148
58037,31,Female,155,34,6,221,7628,112
58038,33,Male,61,81,4,50,23445,32
58039,36,Female,103,32,1,368,29781,85
58040,51,Female,192,66,19,16,34025,158
58041,61,Male,26,25,11,359,22896,148
58042,63,Female,27,51,7,381,17952,29
58043,23,Male,151,63,2,114,24686,152
58044,30,Male,73,90,4,481,32089,129
58045,53,Female,187,45,6,467,15067,27
58046,39,Male,57,26,5,317,42831,21
58047,35,Male,88,21,9,54,15805,145
58048,29,Female,37,82,11,47,32284,92
58049,69,Male,93,93,18,173,25703,160
58050,47,Male,187,51,17,90,3825,172
58051,68,Female,37,24,13,350,47993,114
58052,57,Male,115,92,17,67,21784,98
58053,24,Male,176,12,10,311,41864,22
58054,49,Female,158,11,18,132,12221,42
58055,65,Male,123,27,17,204,20267,121
58056,36,Male,193,23,12,202,17072,48
58057,23,Female,125,33,15,411,11498,136
58058,37,Male,174,80,19,395,24045,130
58059,44,Male,180,92,15,113,43249,133
58060,60,Female,198,92,13,121,8561,28
58061,54,Female,31,38,7,141,45176,132
58062,65,Male,100,55,11,105,7350,53
58063,24,Male,53,70,8,92,42752,100
58064,22,Female,55,42,16,477,46123,129
58065,28,Male,62,29,11,179,41725,79
58066,32,Male,170,34,5,58,42577,134
58067,20,Male,91,57,7,442,40323,88
58068,22,Female,192,3,16,382,28143,52
58069,40,Male,15,6,16,144,25160,77
58070,54,Male,131,48,17,274,47167,24
58071,26,Female,192,64,19,208,11037,93
58072,32,Female,33,13,15,292,19719,152
58073,20,Female,73,36,15,414,20760,108
58074,46,Male,121,79,15,44,23507,20
58075,23,Male,183,70,3,353,16563,34
58076,34,Female,152,33,12,489,19840,15
58077,43,Male,42,76,6,213,31380,51
58078,38,Male,48,57,5,480,24096,127
58079,25,Male,53,55,11,429,41397,4
58080,38,Male,140,13,12,250,49205,53
58081,28,Female,97,97,7,358,48814,142
58082,55,Female,120,51,9,332,11832,161
58083,25,Male,198,92,18,52,23026,124
58084,59,Female,194,53,14,273,21416,50
58085,41,Male,124,36,4,491,10324,63
58086,52,Male,135,5,8,386,27937,50
58087,31,Female,121,25,16,87,30335,93
58088,31,Female,145,81,4,45,2776,74
58089,27,Male,37,37,19,392,35039,164
58090,29,Male,159,19,6,313,19713,86
58091,55,Male,85,35,19,183,43671,97
58092,61,Male,168,34,15,425,44209,100
58093,63,Female,121,54,12,144,4484,178
58094,51,Female,160,46,12,339,36503,169
58095,58,Male,60,6,2,149,39333,98
58096,27,Male,84,83,9,64,16483,155
58097,34,Female,45,1,3,261,15498,30
58098,34,Male,107,71,1,497,552,160
58099,20,Female,151,34,14,288,3322,22
58100,48,Male,132,56,13,468,5407,69
58101,68,Female,177,83,5,189,31141,149
58102,18,Male,95,97,7,22,47791,56
58103,29,Male,74,26,14,213,18615,84
58104,56,Male,90,42,16,464,35894,159
58105,21,Female,77,91,18,318,38793,101
58106,59,Female,114,38,14,72,4244,95
58107,30,Male,194,26,1,83,45356,171
58108,51,Male,62,99,6,464,37588,146
58109,59,Male,166,59,10,316,1370,29
58110,38,Male,88,84,6,451,15705,124
58111,39,Female,72,24,2,164,5840,51
58112,21,Female,44,21,7,16,37885,76
58113,35,Female,171,60,17,384,21829,12
58114,22,Male,24,90,14,315,12025,93
58115,36,Male,53,20,7,417,26381,71
58116,19,Female,69,6,9,352,40274,144
58117,29,Male,42,67,19,162,47230,128
58118,34,Female,160,10,11,53,11325,12
58119,27,Female,183,12,3,45,6001,62
58120,51,Female,132,97,4,450,48466,106
58121,23,Female,128,22,5,106,24847,60
58122,25,Male,89,62,4,174,2492,81
58123,68,Female,79,61,13,243,15177,28
58124,28,Male,95,80,9,112,42393,64
58125,29,Female,114,17,14,445,49545,95
58126,26,Female,114,10,16,390,29409,72
58127,19,Female,60,12,6,456,45587,110
58128,25,Female,74,83,10,16,28358,178
58129,28,Male,151,40,13,103,29164,26
58130,53,Male,187,23,3,453,24811,168
58131,27,Male,170,40,11,488,46807,110
58132,38,Male,111,74,3,130,5397,112
58133,37,Female,17,74,7,374,32777,159
58134,65,Male,193,50,10,46,23772,126
58135,25,Male,150,10,1,30,14158,71
58136,53,Female,128,94,4,107,41404,113
58137,46,Male,130,4,8,311,3666,5
58138,59,Male,72,1,17,30,12159,141
58139,29,Male,84,43,5,241,49011,146
58140,31,Male,107,83,17,477,38180,82
58141,65,Female,154,5,9,363,6145,119
58142,67,Female,151,94,8,81,32236,50
58143,38,Male,119,90,7,361,22079,128
58144,39,Female,63,34,5,61,6519,84
58145,38,Male,97,66,4,231,45445,113
58146,61,Male,31,24,3,294,27630,164
58147,67,Male,68,14,8,334,47267,113
58148,47,Female,126,41,5,487,25991,115
58149,56,Female,186,42,5,469,49967,104
58150,37,Female,174,13,17,176,20747,33
58151,41,Female,177,29,15,292,14859,69
58152,40,Female,63,65,8,214,21858,96
58153,24,Female,196,46,7,376,25229,158
58154,26,Male,158,34,17,147,44464,96
58155,18,Female,99,63,12,45,34499,68
58156,43,Male,26,4,4,104,14639,22
58157,55,Male,140,28,18,25,21145,59
58158,55,Female,112,83,4,496,49155,8
58159,61,Male,150,1,10,246,6771,37
58160,39,Male,163,36,3,173,34743,99
58161,61,Male,62,13,5,99,49253,56
58162,27,Female,150,5,12,117,7336,86
58163,23,Female,42,97,5,93,10881,65
58164,34,Male,94,14,5,264,48027,103
58165,68,Female,24,80,4,427,42309,170
58166,67,Male,66,32,6,174,20290,112
58167,55,Female,157,50,10,209,5355,97
58168,41,Male,146,27,6,333,23989,177
58169,68,Male,104,35,1,324,46521,68
58170,27,Female,76,3,16,166,29763,137
58171,25,Female,121,4,11,40,21930,136
58172,38,Female,146,7,6,75,13914,58
58173,23,Female,55,77,18,98,29267,106
58174,38,Female,113,3,6,495,26913,54
58175,56,Male,69,81,17,268,47558,85
58176,41,Male,42,59,12,262,48259,48
58177,50,Male,115,74,17,243,16666,105
58178,35,Female,61,1,18,116,44540,156
58179,45,Female,151,28,10,78,43739,101
58180,69,Male,144,59,12,287,37904,110
58181,49,Male,131,53,4,345,2274,81
58182,29,Male,122,10,10,210,24321,128
58183,65,Male,190,71,5,62,4674,159
58184,59,Female,83,3,4,441,43084,141
58185,44,Male,42,7,16,466,48657,59
58186,27,Female,93,9,5,250,31312,82
58187,63,Male,28,99,19,341,32788,159
58188,69,Female,60,90,6,184,8772,33
58189,59,Female,155,69,7,51,836,118
58190,49,Female,30,13,10,269,999,53
58191,59,Female,182,94,7,378,32893,95
58192,43,Male,172,40,14,219,27331,122
58193,42,Male,95,62,10,475,49634,91
58194,28,Male,72,62,11,51,20893,121
58195,40,Female,62,10,14,436,25955,36
58196,51,Male,63,87,12,362,33584,123
58197,69,Male,103,11,4,179,2288,34
58198,57,Male,144,76,13,391,20457,121
58199,40,Female,28,62,3,268,25804,61
58200,46,Female,117,77,13,452,1244,3
58201,48,Female,135,56,19,495,17229,6
58202,24,Male,159,49,15,346,17524,148
58203,57,Male,137,16,19,213,45497,4
58204,50,Male,173,73,4,404,29802,101
58205,38,Female,152,74,6,346,31025,53
58206,19,Male,84,93,15,172,49694,103
58207,35,Female,117,9,4,114,1866,71
58208,64,Female,116,33,6,187,35432,166
58209,50,Female,179,88,2,200,237,164
58210,54,Female,78,35,4,133,21015,34
58211,51,Male,172,75,18,207,47776,6
58212,37,Male,176,39,15,108,43320,128
58213,52,Female,32,77,12,15,49602,146
58214,68,Male,77,87,8,297,21591,27
58215,67,Female,63,25,12,276,28192,39
58216,35,Male,70,80,9,52,16847,51
58217,63,Male,105,56,7,304,23111,19
58218,41,Female,72,48,8,150,38854,96
58219,25,Female,169,85,10,278,31706,88
58220,47,Female,69,10,11,48,26190,162
58221,61,Female,99,41,2,439,38073,89
58222,27,Male,33,83,4,171,34589,24
58223,40,Female,165,99,9,204,18337,153
58224,69,Male,117,59,8,425,25337,76
58225,66,Female,126,28,5,333,38476,94
58226,28,Male,122,41,14,113,10157,30
58227,19,Female,61,66,2,254,20740,54
58228,43,Male,121,51,17,74,6061,115
58229,53,Male,193,62,8,210,44701,78
58230,50,Male,98,30,2,378,31837,120
58231,64,Female,170,40,15,251,44416,25
58232,30,Female,142,40,2,16,32958,125
58233,57,Female,199,69,11,228,32146,5
58234,42,Female,72,62,14,12,37720,2
58235,21,Male,157,15,10,351,14465,111
58236,59,Male,158,3,7,473,29040,80
58237,36,Male,111,24,14,465,17629,103
58238,35,Female,61,41,13,462,8215,124
58239,54,Male,154,63,2,314,34070,166
58240,47,Male,117,48,10,323,40271,124
58241,36,Female,185,61,1,487,25162,17
58242,40,Female,98,48,1,293,18196,31
58243,33,Male,171,47,3,380,36323,129
58244,18,Female,63,56,11,420,43536,134
58245,29,Female,145,76,19,31,2707,70
58246,41,Female,126,8,9,103,18784,36
58247,51,Female,74,78,13,366,11164,136
58248,25,Male,80,18,4,80,9198,93
58249,35,Male,101,84,6,379,15022,73
58250,65,Male,140,23,2,231,20367,138
58251,22,Male,40,69,9,22,48301,24
58252,43,Male,85,65,18,415,32778,168
58253,47,Female,88,46,4,468,44189,2
58254,30,Male,61,66,1,14,33608,20
58255,36,Male,90,80,1,31,38893,33
58256,46,Female,110,69,17,472,20670,14
58257,20,Female,184,22,19,392,44155,55
58258,43,Female,45,65,3,318,27014,37
58259,57,Male,36,12,17,304,35067,105
58260,29,Female,31,19,3,46,11034,84
58261,19,Female,162,22,4,40,15060,113
58262,28,Female,150,55,13,71,40866,134
58263,61,Male,112,62,15,230,12477,161
58264,45,Female,63,51,12,368,15899,128
58265,35,Female,101,48,3,90,22373,50
58266,30,Male,52,17,8,392,3949,84
58267,54,Female,67,13,1,242,4946,79
58268,39,Male,42,28,18,15,12781,86
58269,29,Male,91,67,13,114,39470,179
58270,19,Female,171,5,7,346,13160,156
58271,54,Male,153,60,13,171,42599,100
58272,24,Female,189,15,17,352,37245,172
58273,43,Female,187,81,13,61,27744,140
58274,43,Female,32,44,13,167,37855,57
58275,41,Female,64,46,11,22,8303,154
58276,29,Male,103,29,14,195,13154,25
58277,33,Female,191,68,10,231,38901,15
58278,40,Female,164,96,8,250,13213,103
58279,57,Female,59,49,6,318,24091,98
58280,26,Male,141,43,19,157,4648,77
58281,49,Male,107,68,19,399,8868,104
58282,32,Female,35,77,12,64,28341,65
58283,54,Male,90,20,7,424,21912,113
58284,30,Male,178,18,18,68,5394,123
58285,22,Female,166,64,18,412,30749,111
58286,28,Female,174,49,3,207,47590,123
58287,27,Female,105,42,9,107,5550,54
58288,69,Female,110,12,6,165,5896,167
58289,30,Female,110,89,1,259,32214,179
58290,58,Male,89,94,10,406,36625,20
58291,63,Female,124,79,8,189,42448,89
58292,67,Female,96,36,17,83,33236,11
58293,32,Female,142,8,3,70,45556,127
58294,59,Female,117,28,3,434,25797,52
58295,24,Female,147,86,3,54,33057,54
58296,57,Male,158,60,7,144,34893,69
58297,45,Female,153,49,11,219,29231,7
58298,49,Male,49,38,18,95,13811,140
58299,52,Female,126,80,5,279,30308,130
58300,32,Female,184,58,2,301,36215,103
58301,65,Female,101,5,14,273,17732,149
58302,53,Male,133,46,1,277,29598,69
58303,38,Female,112,98,4,433,16441,91
58304,23,Female,95,75,14,234,9994,95
58305,18,Female,152,2,15,225,5497,118
58306,21,Female,96,89,17,371,26578,121
58307,28,Female,150,25,3,240,8396,36
58308,61,Female,40,1,4,199,38900,21
58309,43,Female,17,95,18,151,26940,53
58310,54,Male,73,69,1,186,36029,147
58311,40,Female,130,40,5,60,49782,3
58312,46,Female,145,68,18,199,41549,81
58313,38,Female,180,69,13,14,8215,94
58314,65,Male,144,69,14,220,11942,100
58315,62,Male,159,16,3,204,3742,162
58316,62,Female,50,54,6,10,1573,157
58317,66,Male,100,63,11,113,5039,116
58318,44,Female,112,18,9,370,11690,73
58319,56,Female,138,17,19,110,49804,40
58320,57,Male,87,99,7,137,32390,50
58321,30,Female,124,82,10,362,30006,147
58322,40,Male,136,4,7,314,20598,150
58323,33,Male,144,95,5,258,6249,179
58324,47,Male,176,95,4,410,48851,49
58325,21,Female,41,9,17,466,22242,123
58326,57,Female,179,31,5,360,43148,150
58327,33,Female,164,5,17,300,25904,113
58328,48,Female,82,16,17,460,25885,60
58329,59,Female,28,42,17,278,8897,7
58330,42,Female,112,41,1,381,39996,119
58331,61,Female,37,80,2,430,25955,31
58332,29,Male,186,84,19,47,33463,132
58333,43,Female,129,30,9,343,38004,93
58334,54,Female,126,26,15,399,23721,7
58335,65,Female,110,49,19,259,585,131
58336,50,Male,92,31,5,230,30544,25
58337,45,Male,75,50,13,72,11926,162
58338,26,Male,99,15,4,262,36582,33
58339,29,Female,197,52,13,442,37739,95
58340,22,Male,85,38,6,274,7480,88
58341,69,Male,99,38,12,173,18480,126
58342,45,Female,64,60,9,32,28630,38
58343,52,Female,154,20,15,88,36485,110
58344,22,Female,29,99,15,127,27110,125
58345,51,Male,159,87,17,194,29794,126
58346,63,Female,48,44,5,443,30665,4
58347,51,Female,49,89,5,68,33778,176
58348,30,Female,53,63,5,379,26178,101
58349,56,Female,197,50,14,400,47816,61
58350,59,Female,147,22,2,312,3994,81
58351,62,Female,44,72,9,261,5507,110
58352,65,Male,146,54,14,98,27180,78
58353,31,Female,157,9,15,238,8321,61
58354,28,Male,117,15,4,352,42376,129
58355,59,Male,177,48,6,340,5429,6
58356,55,Female,88,20,14,449,3155,21
58357,21,Male,69,35,5,247,28798,83
58358,50,Male,74,67,11,401,49313,28
58359,24,Male,38,60,14,301,3153,155
58360,58,Female,36,98,7,435,38710,160
58361,25,Male,186,34,14,304,5384,140
58362,54,Male,46,99,13,330,17672,65
58363,68,Male,109,73,18,53,33284,174
58364,27,Male,97,94,2,342,12210,168
58365,60,Female,193,54,9,89,6438,93
58366,32,Female,17,90,11,183,12946,137
58367,55,Male,84,12,11,150,46988,82
58368,32,Female,174,88,6,46,594,62
58369,22,Female,144,19,1,23,38283,109
58370,46,Male,102,80,5,131,9965,144
58371,36,Female,123,26,14,406,17646,99
58372,68,Female,73,23,16,247,19007,100
58373,27,Male,91,33,9,405,32619,168
58374,29,Male,28,57,19,64,30627,35
58375,21,Female,65,30,8,421,4571,127
58376,48,Female,153,23,8,31,3781,83
58377,35,Female,92,74,16,349,13749,91
58378,33,Female,94,36,18,412,6748,3
58379,57,Male,24,95,8,212,4458,128
58380,53,Male,94,86,9,423,32263,53
58381,42,Male,138,43,5,447,42802,100
58382,40,Male,48,66,2,355,7147,164
58383,29,Male,135,53,14,24,40204,37
58384,51,Female,94,87,18,39,38196,101
58385,53,Female,67,99,13,38,12667,44
58386,54,Male,170,60,12,261,31051,64
58387,20,Male,32,37,15,169,34510,179
58388,26,Male,168,61,15,126,32937,124
58389,35,Female,116,96,1,167,35867,6
58390,60,Female,149,53,7,117,26810,69
58391,52,Female,187,12,13,124,34446,149
58392,51,Male,112,35,18,281,25787,57
58393,58,Male,59,67,1,429,42591,156
58394,31,Male,49,98,11,347,46940,85
58395,21,Male,194,38,13,498,25232,24
58396,46,Male,128,24,9,185,21594,115
58397,58,Female,35,81,16,240,44224,92
58398,62,Male,170,40,11,293,20635,75
58399,67,Female,110,65,3,327,20160,22
58400,32,Female,58,57,17,259,24419,110
58401,45,Female,94,72,2,476,24679,34
58402,59,Female,70,79,9,449,32233,118
58403,33,Female,152,45,9,65,21463,37
58404,29,Male,165,89,16,340,23789,41
58405,69,Male,190,72,1,282,34106,79
58406,22,Male,194,96,17,199,9752,105
58407,51,Female,157,13,10,30,14994,43
58408,59,Female,69,79,5,174,36158,22
58409,18,Female,57,6,8,380,24831,91
58410,56,Female,64,97,13,427,21103,143
58411,49,Female,20,71,5,490,44351,21
58412,43,Female,175,97,4,294,45305,52
58413,34,Male,76,47,8,77,11828,4
58414,65,Female,69,93,7,489,31292,175
58415,44,Female,181,44,5,453,10351,146
58416,41,Male,154,32,10,276,30257,71
58417,52,Female,130,3,17,227,43289,118
58418,63,Male,45,54,6,347,37945,163
58419,59,Male,88,84,10,393,23288,7
58420,56,Male,195,78,16,382,39159,169
58421,43,Female,48,92,10,105,5965,138
58422,66,Male,183,38,4,197,25013,140
58423,55,Male,24,4,2,484,36007,91
58424,40,Female,66,79,1,217,48709,156
58425,39,Male,199,17,3,83,28182,58
58426,21,Female,92,37,13,373,25460,146
58427,66,Female,17,88,12,171,20567,178
58428,26,Male,199,36,1,170,16216,127
58429,21,Female,175,58,10,403,49538,45
58430,24,Female,149,41,6,499,48447,106
58431,40,Male,18,8,9,69,27519,110
58432,19,Male,181,67,1,35,3628,55
58433,66,Male,62,30,12,371,27186,38
58434,41,Male,88,86,5,34,40726,4
58435,57,Female,93,52,1,267,28010,15
58436,48,Male,158,97,2,355,30927,149
58437,64,Male,180,25,14,349,23338,149
58438,48,Male,18,52,2,12,36356,179
58439,64,Female,18,59,5,297,30946,108
58440,57,Female,134,30,10,266,21653,35
58441,65,Female,133,67,6,289,19518,125
58442,68,Female,169,4,5,315,20955,4
58443,60,Female,31,93,2,436,13312,160
58444,51,Male,110,57,9,257,48269,140
58445,41,Female,84,63,10,53,48799,54
58446,66,Female,196,32,8,42,7134,30
58447,43,Female,111,87,6,303,22571,9
58448,33,Male,22,83,5,121,7059,19
58449,64,Male,128,79,18,317,28770,80
58450,30,Female,195,51,18,300,16231,158
58451,32,Male,19,63,2,282,29348,110
58452,44,Female,61,80,12,323,11641,45
58453,21,Male,54,87,8,313,2951,23
58454,33,Male,136,1,4,52,41141,76
58455,47,Female,149,19,4,313,18159,5
58456,61,Male,154,35,9,53,6703,119
58457,47,Female,108,63,9,298,17640,43
58458,53,Female,167,94,12,468,22244,2
58459,20,Female,42,81,14,96,25320,176
58460,39,Male,185,26,3,239,6443,40
58461,66,Male,91,13,6,489,39768,99
58462,39,Female,189,86,15,92,49681,117
58463,67,Female,63,23,19,213,46344,164
58464,67,Male,100,97,4,485,9970,40
58465,66,Female,68,91,1,139,35974,134
58466,29,Male,32,35,9,147,30780,142
58467,38,Male,41,12,16,92,22424,125
58468,21,Male,86,9,9,421,7345,101
58469,48,Female,148,98,12,184,19499,33
58470,61,Female,136,78,14,145,13697,108
58471,48,Male,119,67,15,116,26548,147
58472,40,Female,83,44,16,160,22773,171
58473,37,Female,85,61,8,441,14122,54
58474,32,Male,164,21,10,118,11207,96
58475,40,Male,189,7,14,231,1072,92
58476,45,Female,131,97,17,357,15994,92
58477,33,Male,46,99,3,328,24081,124
58478,54,Female,123,11,4,342,22588,95
58479,38,Male,111,45,16,256,45501,61
58480,32,Male,15,32,14,46,41416,141
58481,34,Female,196,86,14,277,21501,170
58482,67,Female,188,83,16,83,37000,18
58483,54,Female,183,36,8,124,14887,109
58484,30,Female,122,37,18,90,36228,72
58485,36,Female,128,75,7,202,7366,113
58486,47,Male,55,41,3,223,9085,48
58487,62,Male,22,77,6,24,24026,95
58488,35,Female,174,92,16,345,13226,84
58489,31,Male,44,49,4,93,23785,164
58490,53,Female,60,15,19,384,13206,87
58491,53,Male,119,13,2,275,49907,173
58492,37,Male,194,53,4,307,28732,138
58493,69,Female,110,33,2,163,5809,137
58494,36,Female,75,72,7,314,6842,174
58495,62,Female,155,32,15,262,13756,145
58496,61,Male,103,48,17,416,42437,33
58497,24,Female,182,68,14,457,38196,65
58498,61,Female,140,57,11,282,31242,148
58499,21,Female,75,62,17,427,9339,126
58500,51,Female,134,82,5,370,4573,144
58501,19,Female,186,87,14,322,14260,142
58502,22,Female,135,93,17,351,46308,129
58503,27,Male,186,2,2,141,597,163
58504,49,Male,62,77,7,208,49573,129
58505,59,Male,73,16,4,334,47574,171
58506,58,Male,199,8,8,360,34745,69
58507,30,Female,25,19,1,92,4260,75
58508,56,Female,39,32,10,461,31317,96
58509,22,Male,60,67,1,315,16477,144
58510,27,Male,68,32,1,135,22312,121
58511,27,Male,48,85,4,223,12830,111
58512,55,Female,98,25,17,332,31300,72
58513,44,Female,149,53,5,224,17358,150
58514,68,Female,76,81,14,461,33307,52
58515,38,Male,71,25,6,247,16590,155
58516,25,Male,107,33,7,97,1496,64
58517,18,Male,130,31,8,393,487,45
58518,45,Male,90,36,18,452,41876,26
58519,66,Male,147,87,4,471,33537,141
58520,56,Female,90,89,3,122,21302,158
58521,31,Female,177,49,4,114,25418,78
58522,38,Female,51,44,16,380,47783,30
58523,47,Female,158,48,13,72,39741,172
58524,38,Female,44,30,11,460,19135,176
58525,66,Male,56,13,11,248,16693,102
58526,26,Female,75,43,5,478,36618,9
58527,34,Male,62,93,1,35,3419,176
58528,22,Female,98,16,14,137,931,96
58529,48,Male,107,91,19,10,45469,68
58530,69,Male,199,26,5,103,11435,134
58531,57,Male,82,75,6,380,22277,89
58532,55,Male,60,47,19,461,8959,21
58533,60,Male,127,37,12,471,44208,78
58534,36,Male,42,3,14,411,38524,30
58535,53,Female,91,26,17,21,23688,57
58536,67,Male,135,98,7,175,9749,55
58537,50,Male,17,97,1,307,30324,2
58538,30,Female,51,15,17,429,29718,48
58539,31,Male,190,66,6,281,7463,22
58540,50,Female,161,28,4,458,47961,141
58541,46,Female,106,84,14,76,1271,89
58542,60,Male,97,38,8,176,7645,112
58543,66,Male,31,44,18,263,38039,43
58544,53,Female,135,53,13,364,35214,75
58545,61,Male,101,80,8,262,43715,74
58546,27,Female,54,4,16,255,43536,49
58547,48,Male,192,72,5,68,47217,165
58548,23,Female,87,44,3,472,22596,108
58549,18,Male,43,46,13,303,41283,35
58550,24,Male,193,84,15,153,274,19
58551,44,Female,56,26,4,218,2188,28
58552,38,Female,43,96,3,235,41316,106
58553,45,Female,80,13,2,467,31231,112
58554,33,Female,138,69,4,404,40255,115
58555,63,Male,159,44,6,293,3283,171
58556,40,Female,134,53,4,100,20402,121
58557,69,Female,123,51,17,495,49134,138
58558,37,Male,173,13,7,475,20275,79
58559,55,Male,106,41,18,120,45139,96
58560,42,Female,126,11,10,249,14056,24
58561,45,Male,66,37,17,359,49095,128
58562,22,Female,181,60,4,342,45948,172
58563,38,Male,74,32,19,89,46507,158
58564,35,Female,108,45,7,395,36033,115
58565,64,Male,193,18,13,413,8154,45
58566,23,Female,158,93,3,213,35201,118
58567,46,Female,112,79,8,486,14364,60
58568,36,Male,28,20,11,247,48538,116
58569,50,Male,184,44,16,337,42944,53
58570,18,Female,65,36,19,303,49223,103
58571,62,Female,38,69,9,193,5828,25
58572,20,Male,121,37,10,221,37136,102
58573,59,Male,185,33,6,260,20596,132
58574,38,Male,87,82,3,236,6508,92
58575,52,Male,161,19,8,176,35282,31
58576,58,Male,98,51,6,40,9855,147
58577,57,Male,75,32,8,345,21831,2
58578,20,Male,120,22,14,160,3114,4
58579,42,Male,108,1,8,171,44684,79
58580,62,Male,77,54,11,105,44532,38
58581,55,Female,168,89,10,282,42501,33
58582,62,Male,109,20,10,372,20518,18
58583,37,Male,49,58,11,33,2901,104
58584,69,Female,81,35,1,428,4244,160
58585,61,Female,70,70,15,127,49385,115
58586,62,Female,54,70,5,416,35113,161
58587,51,Female,171,61,14,401,7687,34
58588,38,Female,148,63,8,447,13197,51
58589,65,Female,194,61,17,96,48762,63
58590,40,Male,143,57,4,414,49756,47
58591,23,Female,194,3,4,284,37679,141
58592,68,Female,38,95,18,424,34892,52
58593,30,Female,116,99,19,59,24205,93
58594,66,Male,176,45,3,336,6223,52
58595,40,Female,129,15,9,121,35870,171
58596,26,Male,149,17,7,289,42757,106
58597,34,Female,89,15,2,311,15947,98
58598,19,Female,25,5,9,145,48470,131
58599,36,Male,50,86,6,342,17829,59
58600,36,Male,162,46,6,12,8831,127
58601,24,Female,77,11,16,171,29403,69
58602,59,Male,94,64,2,86,46559,126
58603,59,Male,102,92,16,194,43984,130
58604,37,Female,44,14,3,383,49467,44
58605,26,Female,172,39,16,67,21084,128
58606,34,Female,117,67,12,489,33264,38
58607,44,Male,126,55,3,172,40660,155
58608,64,Female,98,42,11,30,19532,91
58609,19,Female,164,75,11,74,8327,126
58610,53,Male,119,94,16,75,19189,15
58611,36,Male,35,5,5,450,23061,167
58612,34,Female,51,52,8,307,24505,166
58613,22,Male,41,22,11,308,17678,63
58614,56,Female,116,77,11,291,46221,62
58615,35,Male,177,44,18,460,30978,78
58616,24,Female,52,85,19,481,29587,18
58617,34,Male,74,59,10,419,5301,157
58618,56,Male,84,25,4,401,1274,71
58619,53,Male,46,21,10,184,16599,24
58620,57,Male,94,92,14,174,34495,38
58621,62,Female,169,64,6,465,32679,134
58622,21,Male,145,68,5,91,3399,148
58623,55,Female,191,93,15,155,11633,170
58624,42,Male,116,47,5,213,26379,22
58625,22,Male,116,35,6,173,40768,161
58626,47,Female,44,87,19,113,44196,46
58627,29,Male,36,7,17,139,13691,105
58628,21,Male,33,56,14,93,11177,170
58629,41,Female,45,52,11,129,34960,179
58630,46,Male,34,46,14,268,39439,85
58631,26,Female,161,9,5,113,6022,56
58632,21,Male,144,58,13,373,23028,77
58633,68,Male,54,23,12,43,40386,42
58634,41,Male,181,3,19,391,13005,13
58635,31,Female,105,61,10,378,39373,54
58636,22,Male,86,9,13,375,18722,140
58637,35,Male,123,53,15,183,4489,35
58638,59,Male,196,68,13,455,25863,83
58639,36,Male,41,49,4,335,13805,9
58640,29,Male,93,89,9,241,45196,13
58641,35,Male,154,70,19,194,8617,22
58642,34,Male,92,48,7,403,8836,40
58643,47,Male,31,82,15,353,10773,164
58644,41,Male,98,7,17,27,12433,117
58645,28,Female,152,99,14,426,27910,127
58646,52,Male,161,31,14,240,2102,169
58647,40,Female,172,56,9,144,45752,7
58648,34,Female,172,96,16,54,44814,55
58649,18,Female,167,99,2,121,3803,121
58650,32,Male,102,61,14,422,26258,79
58651,49,Female,88,92,4,92,22036,141
58652,26,Female,141,5,3,431,48318,99
58653,32,Female,116,30,3,48,8636,148
58654,45,Male,110,22,11,263,43271,23
58655,41,Female,177,17,5,418,4248,37
58656,52,Male,65,10,16,154,17388,20
58657,39,Female,115,71,19,326,24627,120
58658,44,Female,85,68,9,60,1960,147
58659,36,Male,85,42,11,302,30161,146
58660,62,Male,169,27,12,76,39273,68
58661,29,Female,24,7,8,33,27892,46
58662,37,Female,111,23,14,131,14292,176
58663,18,Female,185,75,17,475,41184,20
58664,38,Male,197,8,15,58,47174,72
58665,66,Male,148,8,15,483,20979,105
58666,62,Female,20,5,12,158,5544,162
58667,18,Female,91,71,9,468,8465,104
58668,27,Male,190,86,12,194,46395,7
58669,64,Male,91,2,19,259,15116,50
58670,49,Female,16,88,12,434,40849,53
58671,56,Male,65,51,11,154,12462,73
58672,39,Female,161,66,6,252,44322,11
58673,35,Male,135,12,8,374,14073,136
58674,65,Female,142,47,11,367,30779,32
58675,63,Female,16,55,3,158,47211,63
58676,49,Female,65,26,16,77,4387,145
58677,44,Male,168,45,6,233,11311,154
58678,45,Female,84,62,9,219,11186,51
58679,35,Female,34,70,9,201,34378,33
58680,56,Male,37,87,6,309,31747,26
58681,66,Female,68,2,5,133,36580,22
58682,46,Female,157,26,1,293,23923,95
58683,35,Female,148,14,3,301,4980,78
58684,61,Male,177,82,3,430,37435,104
58685,25,Male,150,57,12,392,38323,145
58686,48,Male,71,32,4,309,25841,41
58687,51,Male,192,62,16,59,13660,76
58688,24,Female,191,78,11,483,31719,39
58689,53,Male,129,30,8,378,20579,161
58690,35,Male,163,13,9,192,44918,32
58691,55,Male,137,40,14,256,9002,149
58692,26,Female,50,31,15,97,7845,78
58693,26,Female,85,37,19,147,37183,66
58694,63,Female,83,45,9,47,2038,177
58695,25,Male,72,86,17,58,38616,71
58696,68,Female,77,59,9,81,6884,31
58697,52,Female,30,28,3,267,26871,92
58698,35,Male,148,61,16,53,7144,169
58699,22,Female,92,19,13,300,40582,164
58700,31,Male,136,43,17,125,22283,74
58701,45,Male,194,59,4,158,41153,167
58702,47,Female,16,16,9,322,23736,111
58703,21,Male,128,69,9,356,6382,126
58704,56,Male,128,44,18,288,672,94
58705,37,Male,138,66,14,297,25932,109
58706,42,Male,160,10,3,227,37387,104
58707,45,Male,177,47,4,80,41211,169
58708,29,Male,100,19,1,170,40059,41
58709,19,Female,181,84,18,282,16484,5
58710,60,Male,143,93,4,136,46188,6
58711,31,Male,179,89,10,465,10575,62
58712,39,Male,35,81,4,179,38846,16
58713,48,Male,15,51,17,26,43376,88
58714,40,Female,146,13,8,313,48909,110
58715,65,Female,72,63,19,499,26599,147
58716,37,Male,15,16,9,248,21039,83
58717,55,Female,155,53,16,185,23988,123
58718,21,Male,188,35,15,219,49419,165
58719,32,Male,189,59,16,493,12206,64
58720,41,Male,21,39,12,66,9565,97
58721,42,Male,65,67,18,368,6256,69
58722,18,Female,17,73,7,198,45476,135
58723,24,Female,192,61,16,53,11922,42
58724,48,Male,168,50,19,416,17260,153
58725,29,Male,45,53,6,469,7423,56
58726,59,Female,114,46,6,131,31773,175
58727,22,Female,76,52,6,480,39519,85
58728,61,Male,168,29,15,318,31388,108
58729,67,Female,122,5,2,42,20523,178
58730,59,Male,69,67,9,321,20922,85
58731,55,Female,170,74,8,37,10327,91
58732,29,Female,58,95,7,160,23241,33
58733,56,Female,95,75,16,72,9584,26
58734,35,Female,180,81,15,16,43782,17
58735,19,Male,44,40,9,120,13944,21
58736,27,Male,80,72,15,139,865,2
58737,32,Female,150,2,2,458,30757,79
58738,47,Male,28,68,14,141,21446,44
58739,61,Female,115,62,11,17,9993,71
58740,34,Female,120,80,3,391,7652,36
58741,21,Male,117,58,2,314,387,46
58742,24,Male,76,85,18,38,28143,178
58743,58,Male,89,69,14,347,40658,67
58744,48,Female,93,58,5,320,26142,3
58745,68,Male,121,35,12,430,27425,119
58746,56,Male,110,14,14,360,40358,161
58747,51,Male,54,15,6,15,16918,45
58748,23,Male,155,6,8,417,24199,25
58749,67,Female,121,16,7,121,48942,165
58750,55,Female,31,87,7,114,10776,164
58751,62,Female,29,95,12,216,47658,35
58752,68,Female,175,46,7,49,16939,19
58753,51,Female,30,63,12,277,4527,45
58754,61,Female,27,12,16,329,3538,112
58755,32,Female,165,41,7,55,995,146
58756,31,Male,50,19,8,250,16773,155
58757,23,Female,57,76,1,279,12535,94
58758,67,Female,192,77,13,164,41973,31
58759,54,Female,128,2,19,125,14471,167
58760,67,Female,88,20,1,46,43262,67
58761,49,Male,95,95,18,214,44570,150
58762,20,Female,108,9,7,258,48329,10
58763,20,Female,155,21,17,495,47527,117
58764,39,Male,44,8,15,119,10642,8
58765,39,Female,199,39,19,495,35026,34
58766,27,Female,44,37,4,327,39038,146
58767,68,Female,24,29,17,332,47972,12
58768,20,Female,113,83,7,89,25996,96
58769,29,Female,108,35,16,85,42787,130
58770,46,Female,53,38,17,279,35348,17
58771,65,Female,51,90,15,107,31072,76
58772,34,Male,145,75,9,488,26175,71
58773,24,Male,103,35,13,432,41293,79
58774,30,Female,176,68,7,398,38019,2
58775,19,Male,180,3,19,85,10555,27
58776,21,Female,28,12,11,291,32010,154
58777,27,Male,53,32,8,90,19293,153
58778,56,Female,196,47,17,373,34247,140
58779,41,Male,144,63,4,318,49904,145
58780,34,Female,57,26,4,72,29564,95
58781,69,Male,195,43,18,276,22915,168
58782,23,Male,145,77,17,42,26862,5
58783,36,Female,183,44,3,306,12286,28
58784,22,Female,22,38,9,49,29351,72
58785,49,Male,110,29,6,183,44133,52
58786,27,Male,79,55,2,269,39840,142
58787,26,Female,93,52,12,233,39887,134
58788,44,Male,146,19,15,232,32569,18
58789,30,Female,82,35,9,276,4358,37
58790,36,Male,106,48,2,474,33922,99
58791,38,Male,24,91,12,164,14632,35
58792,41,Female,89,60,16,273,13923,126
58793,55,Female,192,31,7,158,47121,17
58794,21,Female,165,3,1,234,43737,110
58795,41,Male,75,35,7,392,22149,88
58796,52,Male,61,88,3,136,28564,10
58797,20,Male,17,52,5,14,39836,51
58798,21,Female,117,71,3,455,46888,112
58799,54,Male,31,51,15,297,30686,81
58800,57,Male,36,56,6,354,27844,52
58801,65,Female,130,99,15,67,49288,64
58802,52,Male,105,21,3,81,435,33
58803,48,Male,158,1,1,164,32835,97
58804,61,Female,118,53,2,291,28527,17
58805,42,Female,17,6,4,177,44803,124
58806,57,Female,66,98,14,38,18380,177
58807,30,Female,125,82,14,466,47658,108
58808,21,Female,175,62,10,91,36441,127
58809,63,Female,56,89,11,272,5485,7
58810,31,Female,144,79,4,115,40363,112
58811,30,Female,53,47,15,286,42550,127
58812,44,Female,60,96,4,473,15460,10
58813,23,Male,62,50,16,460,38497,31
58814,34,Female,41,82,2,361,11523,25
58815,53,Female,29,31,13,19,18795,65
58816,57,Male,21,64,8,71,13369,171
58817,66,Female,123,29,13,233,35609,131
58818,52,Male,199,15,8,145,19812,55
58819,34,Male,56,58,4,233,33894,48
58820,58,Female,23,23,5,123,6022,65
58821,19,Male,119,38,6,269,19505,113
58822,30,Female,148,41,19,166,44116,115
58823,69,Female,199,75,10,405,36795,60
58824,19,Male,90,15,3,238,44605,14
58825,69,Male,44,87,13,109,46521,87
58826,45,Male,197,3,9,264,32677,81
58827,60,Female,98,83,17,188,15426,14
58828,43,Female,140,1,10,284,23919,137
58829,39,Male,98,88,12,238,37181,85
58830,64,Female,68,75,13,376,3919,173
58831,60,Female,124,94,10,40,20497,2
58832,20,Male,41,11,19,117,13126,160
58833,52,Male,98,60,19,291,32450,8
58834,29,Male,21,65,17,118,45629,36
58835,41,Male,182,76,5,399,36338,165
58836,22,Male,118,4,8,38,31031,15
58837,37,Male,86,25,5,26,48733,34
58838,56,Male,16,72,15,413,31419,149
58839,56,Male,156,79,4,179,23402,9
58840,30,Male,152,43,13,375,22490,40
58841,58,Male,64,94,17,184,10315,26
58842,62,Female,160,40,5,83,21722,150
58843,29,Female,32,96,1,463,36059,141
58844,30,Male,30,99,15,249,10168,25
58845,27,Female,66,85,10,105,41931,115
58846,50,Female,194,95,11,11,22881,91
58847,57,Female,173,91,18,211,34506,143
58848,33,Female,98,44,13,46,19451,45
58849,62,Female,165,72,16,100,36517,21
58850,52,Female,110,59,19,242,37744,89
58851,20,Male,56,23,12,156,49530,40
58852,22,Male,127,62,14,306,25390,175
58853,43,Female,192,23,2,409,1954,86
58854,28,Female,138,58,10,262,8438,61
58855,24,Male,29,55,4,380,8215,14
58856,27,Female,104,33,1,221,44843,88
58857,59,Female,186,77,17,453,6697,67
58858,69,Female,56,63,11,450,2734,76
58859,51,Female,59,60,7,493,24991,175
58860,20,Female,108,99,17,73,13934,144
58861,25,Male,121,61,17,14,48336,71
58862,48,Male,177,80,9,155,29880,18
58863,28,Female,36,76,10,81,26012,173
58864,62,Male,142,61,6,406,32082,23
58865,24,Female,52,95,17,114,33975,26
58866,62,Female,111,69,16,339,5029,130
58867,19,Female,115,89,7,45,39432,150
58868,23,Female,21,21,19,156,26914,115
58869,58,Female,58,3,4,424,8257,166
58870,49,Female,90,48,17,265,29186,170
58871,37,Female,21,10,9,237,35127,156
58872,51,Female,74,87,11,358,19768,63
58873,67,Female,15,81,1,374,16562,17
58874,33,Male,76,42,7,288,34254,112
58875,42,Female,101,99,5,425,25143,115
58876,29,Male,103,89,5,122,4673,2
58877,24,Male,32,66,1,20,5120,99
58878,56,Female,122,91,6,203,36893,79
58879,34,Male,149,46,13,233,15092,108
58880,62,Female,129,9,15,259,36084,116
58881,28,Female,68,49,4,398,17878,109
58882,23,Female,81,4,17,258,31414,178
58883,40,Female,107,60,13,360,36944,143
58884,44,Male,152,90,11,278,47989,146
58885,63,Male,73,96,4,351,22974,77
58886,23,Female,83,29,7,457,373,38
58887,55,Male,112,86,19,300,12523,136
58888,19,Male,22,47,7,92,32753,80
58889,39,Male,69,77,14,38,23909,148
58890,37,Female,148,87,16,416,5181,26
58891,42,Male,143,63,9,348,43240,163
58892,32,Male,70,31,2,89,4034,121
58893,66,Male,118,51,16,104,2629,81
58894,46,Female,128,41,5,409,14389,154
58895,25,Male,102,36,12,419,24589,18
58896,54,Male,152,40,15,268,46962,172
58897,66,Female,122,95,3,131,46958,135
58898,69,Male,37,60,9,133,32580,35
58899,50,Female,158,15,7,32,11165,12
58900,39,Female,115,78,4,450,7662,121
58901,67,Female,158,99,9,402,27805,113
58902,64,Female,70,88,15,444,47718,44
58903,22,Female,122,30,7,225,33841,41
58904,56,Female,109,30,11,298,19680,54
58905,35,Male,20,27,19,471,20208,129
58906,55,Female,44,40,11,101,5753,25
58907,54,Male,143,78,1,33,10498,80
58908,47,Male,65,45,13,116,12664,122
58909,68,Female,120,75,13,315,34533,15
58910,48,Male,103,47,2,61,11915,75
58911,27,Male,141,90,17,208,8700,101
58912,32,Male,60,56,19,303,24929,131
58913,59,Female,135,54,15,309,25742,173
58914,65,Male,163,85,19,354,48879,120
58915,61,Male,113,9,10,391,30903,45
58916,35,Female,180,65,10,65,1363,179
58917,40,Male,83,70,9,203,16141,170
58918,50,Male,77,1,19,54,44879,167
58919,33,Male,64,86,11,445,29495,20
58920,55,Female,26,13,6,394,34024,146
58921,52,Male,83,38,2,352,42891,116
58922,51,Male,87,45,10,248,11834,167
58923,45,Female,58,40,15,381,23929,99
58924,19,Female,66,95,5,241,15919,29
58925,47,Female,23,15,18,475,10061,20
58926,30,Male,132,50,7,329,20660,170
58927,58,Female,24,2,3,248,3974,79
58928,33,Female,60,53,16,401,1659,96
58929,22,Female,117,95,17,491,47178,12
58930,45,Male,51,26,2,436,41101,56
58931,56,Female,66,66,16,145,205,115
58932,62,Female,113,75,1,294,37754,12
58933,37,Female,95,33,14,22,7138,53
58934,41,Female,27,82,16,394,10033,98
58935,44,Female,148,85,9,38,8368,8
58936,47,Male,115,59,17,187,8309,58
58937,62,Male,142,95,8,302,4029,24
58938,44,Female,62,26,9,266,14348,109
58939,43,Female,174,94,2,117,38488,61
58940,24,Female,25,21,13,78,23454,129
58941,59,Male,95,49,1,382,21464,89
58942,64,Male,19,80,7,185,9277,78
58943,55,Male,20,71,18,192,35038,70
58944,22,Male,131,86,5,251,39918,173
58945,40,Female,163,71,7,203,33128,137
58946,45,Female,56,66,12,376,42377,112
58947,51,Female,95,37,17,328,37146,129
58948,32,Female,169,14,5,31,16751,152
58949,49,Male,17,72,12,359,36880,60
58950,43,Female,74,93,19,20,19286,176
58951,65,Male,107,7,13,294,4639,167
58952,48,Male,63,38,16,371,20691,18
58953,36,Female,48,45,19,268,20189,105
58954,26,Male,51,22,10,182,9945,92
58955,46,Male,56,44,12,214,49801,52
58956,68,Female,15,81,7,257,37637,2
58957,56,Male,146,80,14,268,23318,101
58958,21,Male,117,97,10,339,19121,164
58959,20,Female,156,35,8,461,13678,48
58960,46,Male,124,60,15,279,32912,117
58961,69,Male,160,96,16,480,35677,88
58962,28,Female,48,3,8,90,19541,35
58963,50,Male,15,67,4,330,14246,81
58964,55,Female,67,72,17,450,2864,94
58965,28,Male,36,95,4,408,34757,115
58966,44,Male,164,55,11,197,48310,72
58967,50,Female,192,9,13,447,3434,170
58968,38,Female,30,69,6,382,48105,80
58969,56,Male,170,28,14,395,46474,38
58970,48,Female,133,15,7,347,49670,154
58971,55,Male,100,91,12,457,18761,31
58972,63,Female,56,31,1,240,10548,8
58973,19,Male,85,59,10,479,43713,35
58974,44,Male,131,82,1,37,33396,34
58975,53,Male,177,54,16,359,29115,138
58976,28,Male,34,68,7,470,43645,168
58977,64,Male,122,85,6,332,12794,108
58978,35,Female,144,47,18,12,30704,52
58979,18,Female,21,42,4,246,1100,140
58980,52,Male,191,23,16,190,40390,105
58981,52,Male,23,86,1,419,44558,155
58982,48,Female,41,65,2,13,33716,147
58983,45,Female,144,89,16,409,4489,57
58984,56,Female,99,54,9,357,40499,54
58985,18,Female,74,92,15,81,47148,15
58986,42,Female,126,11,16,191,31041,110
58987,60,Male,100,63,9,113,10803,165
58988,55,Male,191,22,7,281,33995,146
58989,37,Female,144,54,10,296,12636,44
58990,20,Female,159,89,7,96,44292,91
58991,68,Female,97,85,13,395,34108,102
58992,19,Female,118,36,2,82,49011,128
58993,35,Female,102,58,12,100,48149,84
58994,61,Female,34,20,13,182,41397,149
58995,27,Female,140,16,3,319,30033,29
58996,22,Female,112,92,11,196,21409,107
58997,26,Female,174,56,8,452,4753,15
58998,19,Male,65,93,11,415,43692,86
58999,51,Female,102,50,18,245,30914,87
59000,55,Female,184,90,7,171,15641,68
59001,48,Male,77,66,12,82,23576,88
59002,27,Male,103,74,6,234,29585,64
59003,67,Male,145,13,10,393,34578,14
59004,29,Female,103,15,15,239,27894,165
59005,53,Female,106,73,15,263,37407,54
59006,38,Female,90,27,19,449,13850,59
59007,66,Female,40,8,6,171,4958,128
59008,64,Male,190,70,19,364,27970,55
59009,23,Female,122,50,15,259,15507,171
59010,65,Female,22,88,18,419,33213,39
59011,66,Male,147,67,2,208,9669,77
59012,20,Female,153,26,7,438,15101,147
59013,27,Female,56,36,5,249,7042,164
59014,22,Female,133,21,3,246,7258,44
59015,63,Female,183,77,6,484,10720,46
59016,43,Male,122,52,6,85,30986,97
59017,38,Male,161,11,1,474,48980,168
59018,62,Male,190,8,19,414,1756,80
59019,43,Male,195,57,12,436,35190,147
59020,55,Female,197,46,5,351,30086,44
59021,61,Female,134,78,7,483,8696,94
59022,43,Female,174,97,8,304,44082,148
59023,25,Male,60,2,19,406,25568,44
59024,22,Male,106,64,6,499,49346,171
59025,32,Male,178,52,15,435,26813,111
59026,33,Female,160,65,6,54,35934,7
59027,18,Female,88,11,9,352,14284,42
59028,33,Male,110,6,4,188,11108,62
59029,54,Male,32,96,16,231,27596,2
59030,20,Female,154,79,10,384,45806,77
59031,69,Female,129,76,1,26,44202,46
59032,64,Female,86,64,11,228,4202,38
59033,48,Male,60,93,17,93,1560,95
59034,30,Male,197,55,18,200,9445,129
59035,33,Male,52,44,15,400,49791,175
59036,60,Male,144,86,6,448,4553,107
59037,38,Female,23,14,16,141,17366,141
59038,19,Female,122,83,2,296,35578,60
59039,44,Female,147,5,3,103,10206,55
59040,55,Male,112,99,17,104,433,107
59041,43,Female,33,25,8,193,26849,31
59042,55,Female,85,50,15,141,10823,97
59043,63,Female,53,73,13,91,16095,142
59044,42,Female,56,71,19,349,21072,86
59045,28,Female,159,82,1,305,33806,133
59046,25,Male,104,2,12,369,2984,119
59047,25,Female,188,10,18,121,22178,165
59048,50,Female,121,2,18,312,1551,96
59049,24,Male,162,60,3,315,405,3
59050,55,Male,150,45,18,416,16768,139
59051,38,Female,110,8,17,60,23329,42
59052,25,Female,161,58,11,303,7102,166
59053,68,Female,46,7,5,402,38470,152
59054,38,Female,140,99,7,198,43952,137
59055,37,Male,161,87,18,217,12886,141
59056,25,Female,38,72,7,158,48210,86
59057,63,Male,38,21,18,274,2929,146
59058,48,Female,198,97,2,381,16897,10
59059,67,Female,134,47,6,290,41387,140
59060,46,Female,32,1,8,122,39769,47
59061,65,Male,154,12,17,45,46425,83
59062,26,Female,55,75,4,120,19677,117
59063,32,Female,101,48,17,180,16160,10
59064,47,Male,190,94,16,87,45117,129
59065,43,Female,96,4,15,346,20679,71
59066,27,Male,158,34,15,37,19323,119
59067,46,Female,165,87,8,457,33894,119
59068,33,Male,181,32,17,54,3536,139
59069,53,Male,47,3,19,370,36089,127
59070,37,Male,38,92,1,449,40510,4
59071,62,Female,75,68,13,313,26884,86
59072,54,Male,69,57,6,401,15578,10
59073,39,Male,98,76,10,151,2555,133
59074,24,Female,182,24,1,24,23958,124
59075,40,Male,133,33,12,137,15884,76
59076,58,Female,86,3,19,176,38740,158
59077,57,Female,88,4,15,162,36367,57
59078,46,Male,143,30,5,72,11744,161
59079,33,Male,99,70,2,68,30498,165
59080,55,Female,167,49,19,212,44306,82
59081,45,Male,110,30,14,166,6937,23
59082,65,Male,67,72,9,12,8129,70
59083,55,Male,188,82,1,48,48977,7
59084,48,Male,124,16,13,287,808,19
59085,31,Female,74,53,17,110,17195,143
59086,50,Female,65,6,2,392,33988,117
59087,26,Male,135,24,14,178,46040,86
59088,44,Female,87,92,6,29,440,160
59089,41,Male,190,96,6,412,2252,79
59090,30,Male,182,89,18,150,5534,59
59091,43,Male,21,28,19,356,34570,70
59092,46,Male,89,21,9,284,10796,6
59093,68,Female,33,8,15,473,21073,76
59094,66,Male,157,36,7,331,32098,132
59095,60,Female,84,9,6,202,49720,119
59096,45,Male,70,40,5,396,18660,70
59097,45,Female,152,85,19,161,14328,115
59098,25,Female,188,51,1,245,26222,101
59099,40,Female,94,1,7,303,40077,142
59100,46,Female,123,63,18,395,32143,111
59101,22,Male,199,68,8,449,3716,83
59102,59,Female,49,74,12,217,37397,7
59103,24,Male,86,26,10,486,10669,61
59104,59,Female,106,40,6,46,18435,108
59105,53,Female,17,3,16,397,16448,72
59106,58,Female,80,9,19,87,32274,156
59107,44,Male,195,32,18,474,41938,99
59108,63,Female,66,67,13,181,36399,53
59109,19,Male,107,4,7,54,16146,83
59110,42,Male,195,6,7,346,49131,172
59111,26,Male,196,73,16,93,28030,28
59112,44,Female,61,26,10,389,4682,46
59113,18,Female,17,2,15,440,6452,177
59114,40,Female,157,66,14,102,23066,123
59115,27,Female,98,85,12,498,3471,155
59116,59,Female,48,86,15,163,28028,167
59117,69,Female,64,3,8,115,11004,84
59118,42,Female,47,35,7,367,30655,27
59119,20,Male,87,59,9,218,43005,35
59120,23,Female,17,38,14,213,3708,47
59121,23,Male,16,33,7,257,39944,52
59122,19,Male,146,15,12,357,20476,69
59123,35,Female,30,75,14,402,36079,41
59124,40,Female,196,74,11,361,20901,50
59125,19,Male,47,14,19,235,47600,45
59126,29,Male,23,66,6,345,49005,20
59127,39,Female,71,45,3,57,25828,120
59128,54,Male,54,48,6,255,33894,36
59129,37,Male,66,44,9,40,30097,91
59130,56,Male,30,37,2,192,27818,70
59131,41,Male,150,29,6,484,38895,152
59132,65,Female,101,99,14,486,48292,164
59133,37,Female,74,84,19,266,2295,133
59134,18,Male,178,85,4,135,45000,148
59135,18,Male,17,34,14,228,9218,105
59136,34,Male,29,59,10,254,37663,168
59137,18,Female,116,43,6,489,33737,98
59138,69,Female,37,33,11,452,23298,103
59139,62,Male,145,19,13,148,28746,124
59140,47,Male,172,8,18,236,41616,178
59141,58,Male,187,31,14,395,9464,74
59142,64,Female,31,11,11,311,48403,163
59143,20,Male,128,8,5,266,48873,64
59144,63,Male,72,25,8,264,5567,165
59145,28,Male,124,20,4,79,30725,45
59146,41,Male,199,38,12,464,21214,38
59147,39,Male,149,7,6,75,24282,110
59148,61,Female,181,77,8,11,27259,101
59149,62,Female,92,39,4,334,15363,85
59150,43,Female,198,74,10,278,5702,155
59151,30,Male,157,72,11,412,46375,73
59152,18,Female,58,20,15,348,27074,3
59153,41,Male,26,81,5,312,14776,59
59154,27,Female,22,11,3,138,28705,100
59155,52,Female,94,16,15,492,37368,30
59156,41,Male,55,42,2,155,47860,16
59157,45,Male,176,96,2,122,14099,29
59158,53,Male,60,90,8,297,18226,100
59159,33,Female,43,52,14,105,17601,24
59160,57,Male,30,37,9,465,46246,7
59161,33,Female,147,52,5,276,5817,177
59162,34,Female,19,9,12,413,11865,101
59163,68,Female,44,35,10,17,32612,46
59164,32,Male,131,67,1,229,48310,48
59165,33,Male,192,95,19,222,4671,102
59166,32,Male,19,7,11,111,47214,153
59167,51,Female,155,2,17,175,48870,43
59168,28,Female,63,25,3,271,21050,55
59169,18,Male,103,76,1,11,44643,162
59170,32,Female,64,94,17,211,20834,65
59171,43,Female,28,94,6,499,15077,156
59172,68,Female,122,93,13,338,13169,41
59173,21,Male,60,41,4,192,15634,157
59174,60,Female,96,75,5,268,36245,160
59175,22,Female,140,52,15,331,6155,34
59176,52,Male,98,87,14,237,12331,59
59177,30,Male,48,81,19,209,11336,63
59178,27,Male,85,77,15,466,20083,154
59179,28,Male,189,97,12,35,11310,12
59180,35,Male,74,65,18,491,1644,22
59181,51,Male,88,77,14,441,15208,56
59182,56,Female,95,38,10,359,48476,6
59183,58,Female,153,67,8,111,41247,36
59184,59,Female,112,80,4,145,32132,126
59185,67,Female,105,42,18,460,32980,59
59186,40,Male,109,71,8,340,27704,68
59187,24,Female,192,54,4,354,31913,52
59188,56,Male,146,67,11,381,30573,120
59189,20,Male,183,78,5,206,21860,77
59190,29,Female,74,64,10,469,48508,80
59191,24,Female,127,80,6,39,41479,107
59192,66,Male,95,4,4,420,20971,179
59193,43,Male,98,31,18,308,14127,90
59194,50,Male,39,13,17,142,15158,97
59195,54,Male,47,27,7,265,21452,68
59196,65,Female,33,59,9,29,38738,154
59197,32,Male,71,65,3,317,31759,73
59198,19,Female,29,64,9,30,13411,41
59199,58,Male,55,25,4,396,27225,133
59200,24,Male,74,37,19,50,6399,166
59201,49,Male,123,75,9,389,17680,116
59202,21,Female,110,73,6,457,17553,93
59203,37,Male,36,71,11,373,36219,102
59204,67,Female,185,14,15,461,393,104
59205,53,Female,174,94,6,481,27620,92
59206,49,Female,155,24,10,464,24135,19
59207,45,Male,180,67,18,161,13247,118
59208,30,Female,40,48,16,317,17836,65
59209,18,Female,147,91,4,468,17378,69
59210,52,Male,139,65,13,11,27498,53
59211,65,Male,191,38,5,53,34594,147
59212,47,Female,111,90,19,50,16282,66
59213,53,Female,147,70,18,335,46918,176
59214,42,Male,85,59,17,272,44001,66
59215,33,Female,190,12,16,303,38158,18
59216,36,Female,32,54,1,475,41250,80
59217,18,Female,109,51,1,182,44837,39
59218,22,Male,148,38,14,18,7443,127
59219,68,Female,80,46,2,62,30511,51
59220,39,Male,141,99,15,293,47748,127
59221,41,Male,56,10,3,137,7564,151
59222,60,Male,131,9,13,28,32127,161
59223,62,Female,194,87,19,461,11911,98
59224,69,Male,25,94,1,141,17904,154
59225,54,Female,40,52,13,22,36427,145
59226,53,Male,163,51,15,229,2569,78
59227,53,Female,182,22,16,276,19052,171
59228,21,Female,70,73,11,254,43753,48
59229,53,Female,132,83,3,267,26433,82
59230,69,Male,193,72,8,463,11769,148
59231,35,Female,162,68,6,149,20621,163
59232,67,Female,71,5,5,391,16929,33
59233,33,Male,19,83,15,256,31634,81
59234,58,Male,28,82,9,241,28657,99
59235,35,Female,38,29,5,430,38348,2
59236,39,Male,82,83,10,65,30241,162
59237,19,Male,194,6,6,97,40819,76
59238,38,Male,62,69,11,263,27482,90
59239,53,Female,189,58,4,61,6492,126
59240,61,Male,74,43,12,256,34880,160
59241,56,Female,17,69,6,261,31337,21
59242,64,Male,133,72,1,134,40164,5
59243,56,Male,151,91,18,210,12077,28
59244,46,Female,114,37,2,483,22679,87
59245,43,Male,97,58,5,397,24634,48
59246,38,Male,38,37,16,370,8258,96
59247,34,Male,146,82,12,141,38648,99
59248,33,Male,151,26,12,186,19844,70
59249,48,Female,15,42,11,61,2312,83
59250,68,Female,130,16,19,43,26258,168
59251,26,Female,177,22,7,31,41835,6
59252,48,Female,154,23,2,150,33443,142
59253,31,Female,160,47,6,328,525,119
59254,66,Female,24,67,4,280,48900,125
59255,54,Female,160,3,2,177,19847,67
59256,19,Male,166,12,17,47,41007,139
59257,69,Female,143,23,8,370,18719,167
59258,65,Female,93,11,5,255,16017,169
59259,63,Female,113,52,10,244,20837,24
59260,31,Male,158,50,16,64,9688,171
59261,50,Female,157,57,2,437,41103,109
59262,52,Female,147,64,19,382,481,95
59263,56,Female,59,46,7,129,33624,154
59264,64,Male,132,29,2,75,2410,29
59265,68,Female,66,70,13,331,28021,2
59266,37,Male,126,46,4,436,32051,30
59267,19,Male,149,16,16,337,9292,111
59268,68,Male,169,98,10,175,40436,74
59269,58,Male,126,51,17,219,45586,76
59270,36,Female,27,11,14,422,33111,118
59271,54,Male,31,11,12,84,19953,19
59272,35,Male,58,63,13,449,36901,54
59273,33,Female,155,53,8,143,42573,120
59274,21,Male,87,89,17,274,43743,151
59275,29,Male,19,58,18,415,44834,95
59276,46,Male,47,19,10,183,30459,33
59277,24,Male,146,32,13,252,21344,66
59278,31,Male,168,50,2,98,19875,139
59279,29,Male,82,72,17,259,24948,90
59280,52,Female,30,55,6,40,2248,146
59281,22,Female,164,76,12,286,32411,65
59282,34,Female,50,41,13,47,27872,160
59283,59,Female,116,99,4,317,5523,132
59284,49,Male,197,70,15,412,44087,86
59285,27,Male,177,21,16,147,2094,36
59286,60,Male,39,26,19,439,5520,114
59287,34,Female,86,1,15,494,36944,161
59288,22,Female,95,81,6,85,13425,142
59289,62,Male,75,99,6,348,44422,176
59290,59,Male,32,27,5,262,48176,37
59291,26,Female,72,50,2,459,33376,133
59292,66,Female,90,66,2,88,28325,50
59293,50,Female,135,65,5,47,7087,69
59294,53,Female,71,10,3,327,49929,101
59295,53,Male,111,95,6,337,8345,166
59296,35,Female,77,37,11,439,28383,174
59297,26,Female,26,69,5,172,20761,98
59298,46,Male,25,41,18,367,33570,143
59299,67,Male,155,46,14,436,20339,37
59300,31,Male,177,77,10,137,47231,27
59301,42,Female,41,45,3,167,32489,112
59302,32,Female,118,88,16,338,20653,1
59303,23,Female,81,27,16,328,48589,157
59304,59,Female,103,65,11,423,22904,125
59305,46,Male,59,84,4,378,47959,135
59306,32,Male,95,8,11,92,38302,29
59307,46,Female,81,67,8,422,9379,159
59308,21,Female,164,49,16,459,37204,38
59309,35,Female,116,96,8,485,43475,8
59310,67,Male,105,89,9,465,20818,95
59311,66,Female,56,89,14,226,36086,165
59312,61,Male,34,14,8,211,1283,96
59313,56,Female,62,62,16,287,3746,26
59314,33,Male,32,43,2,428,41199,176
59315,28,Male,142,27,19,435,46625,113
59316,31,Female,91,96,19,161,34318,11
59317,20,Male,20,27,19,35,18578,23
59318,68,Male,53,68,18,424,14340,162
59319,67,Female,25,75,13,352,27229,33
59320,59,Male,126,48,17,263,17327,130
59321,55,Female,167,67,1,395,36250,113
59322,62,Male,122,25,5,260,6811,61
59323,59,Male,108,64,13,176,43524,132
59324,35,Male,69,24,6,362,48538,12
59325,37,Male,98,9,10,481,37878,157
59326,65,Female,72,8,9,149,43416,107
59327,42,Female,51,95,6,238,36953,103
59328,55,Female,30,59,1,82,22340,170
59329,30,Male,84,17,18,437,40411,178
59330,21,Male,107,43,7,308,49843,66
59331,31,Female,179,95,10,245,39409,135
59332,50,Female,195,68,12,204,8176,125
59333,45,Female,158,4,15,480,20737,57
59334,69,Female,32,8,17,97,32239,46
59335,54,Male,161,42,3,106,2149,22
59336,25,Female,186,49,15,487,22077,139
59337,61,Male,144,6,1,175,3333,161
59338,51,Female,152,73,11,459,11909,148
59339,61,Male,60,42,6,305,2334,5
59340,22,Female,33,72,16,415,26637,68
59341,22,Female,52,32,12,212,33578,14
59342,48,Male,51,15,15,456,40534,131
59343,62,Male,126,82,18,196,22701,114
59344,26,Female,59,87,10,469,32931,27
59345,59,Male,131,69,12,284,27106,4
59346,49,Female,176,27,19,29,35529,128
59347,50,Male,144,97,5,384,23629,64
59348,20,Female,58,66,18,82,33796,86
59349,47,Female,111,59,19,436,18279,170
59350,67,Female,97,28,12,451,43364,157
59351,29,Female,138,24,1,347,43433,80
59352,46,Female,138,51,2,370,11272,163
59353,20,Female,41,21,3,319,22358,19
59354,43,Female,62,31,12,91,36433,116
59355,47,Female,108,75,14,305,49617,94
59356,26,Male,21,50,7,365,34257,69
59357,43,Male,169,92,4,36,28396,31
59358,19,Male,99,40,12,150,38379,171
59359,20,Female,126,68,8,56,28167,95
59360,63,Female,103,16,1,465,17056,149
59361,21,Female,142,76,5,121,39510,110
59362,42,Male,32,86,1,244,10967,162
59363,68,Male,47,99,15,160,2096,36
59364,30,Male,175,63,13,384,19738,41
59365,56,Male,110,56,13,324,22901,162
59366,61,Male,136,80,4,342,11891,153
59367,52,Female,39,24,15,135,18195,65
59368,40,Male,156,99,12,16,23018,76
59369,26,Female,180,28,8,59,21060,124
59370,19,Female,180,93,16,369,32306,22
59371,58,Female,18,85,12,75,24961,121
59372,61,Male,122,89,6,396,13516,22
59373,48,Male,96,31,15,371,12397,126
59374,61,Female,24,15,7,176,36301,173
59375,64,Male,49,42,5,480,18810,69
59376,19,Male,113,99,15,261,3413,10
59377,49,Female,118,50,12,272,43833,11
59378,35,Female,37,86,11,205,2717,156
59379,30,Female,79,5,4,192,29876,5
59380,63,Female,96,48,13,273,11440,12
59381,22,Female,167,13,18,297,46347,44
59382,59,Male,195,32,8,284,35122,109
59383,61,Female,31,67,7,127,15106,93
59384,27,Male,199,79,16,405,32729,90
59385,60,Male,162,91,3,322,19686,29
59386,42,Female,142,91,16,403,20202,36
59387,51,Female,167,30,16,471,20427,35
59388,54,Male,184,6,7,356,17104,113
59389,47,Female,187,25,13,286,854,8
59390,24,Male,45,28,13,413,241,16
59391,23,Female,79,62,19,386,15132,43
59392,20,Female,194,22,18,141,11303,69
59393,30,Male,94,68,7,156,13335,144
59394,20,Male,106,15,18,38,27084,56
59395,43,Female,163,26,18,336,1713,41
59396,41,Female,44,63,4,329,21350,77
59397,23,Female,137,18,9,234,20320,8
59398,60,Male,145,73,16,465,9672,54
59399,66,Female,84,63,4,148,37892,90
59400,59,Female,185,62,8,298,27914,120
59401,29,Female,43,68,3,290,40860,133
59402,66,Female,17,48,9,426,41379,9
59403,53,Male,175,50,8,493,21543,71
59404,19,Male,89,63,12,35,44967,30
59405,28,Male,59,69,14,301,26808,81
59406,56,Female,83,6,10,276,34597,108
59407,51,Female,174,58,17,295,23810,95
59408,43,Female,125,51,11,322,3449,65
59409,35,Male,98,12,10,106,17044,30
59410,38,Male,66,95,13,147,16873,47
59411,53,Male,130,47,2,486,42295,95
59412,57,Male,117,9,1,290,31101,88
59413,69,Female,182,7,1,105,423,159
59414,63,Male,155,29,16,461,2645,75
59415,61,Male,94,78,10,66,17037,106
59416,39,Female,43,51,10,132,45618,80
59417,47,Male,168,84,7,240,35014,137
59418,67,Female,116,55,7,299,30744,61
59419,60,Female,73,96,1,95,31695,97
59420,47,Female,191,59,13,470,6111,6
59421,25,Female,195,56,5,319,45258,45
59422,51,Female,173,22,3,60,13080,65
59423,64,Male,26,18,13,237,45035,37
59424,26,Male,178,58,12,15,25466,90
59425,68,Female,24,40,18,452,5679,145
59426,37,Male,148,89,5,319,47232,102
59427,57,Female,149,31,5,282,3586,110
59428,42,Male,45,56,2,419,21408,153
59429,36,Male,105,35,6,353,39133,50
59430,22,Male,17,26,7,402,19052,123
59431,28,Male,118,68,1,11,30021,71
59432,32,Male,189,84,3,285,26204,111
59433,25,Male,140,34,2,100,38742,31
59434,36,Male,15,76,10,271,20509,160
59435,40,Female,187,16,11,251,47918,115
59436,44,Female,196,42,13,484,43775,48
59437,57,Female,192,5,16,384,38193,145
59438,49,Male,149,61,11,255,37719,57
59439,43,Male,29,44,18,481,31464,161
59440,44,Female,103,35,11,88,2418,147
59441,36,Female,172,91,1,320,27128,15
59442,67,Male,136,1,18,313,14869,163
59443,59,Female,130,98,5,67,48345,177
59444,46,Female,50,43,2,234,8115,164
59445,56,Female,81,32,18,435,44399,54
59446,58,Female,147,63,7,211,7306,36
59447,50,Male,39,33,11,414,1074,53
59448,36,Female,25,95,11,15,15493,74
59449,54,Female,80,77,13,39,31777,44
59450,36,Female,170,66,4,160,8726,33
59451,50,Female,74,30,1,45,38955,172
59452,64,Male,152,10,18,119,34146,55
59453,33,Female,64,23,12,130,17213,44
59454,40,Female,181,97,10,250,39487,51
59455,24,Female,179,39,8,268,6214,99
59456,43,Female,77,45,3,99,33048,86
59457,49,Female,106,29,7,427,33877,51
59458,29,Male,52,30,11,39,41609,135
59459,25,Female,134,34,7,475,36038,129
59460,22,Female,47,52,7,474,27746,141
59461,59,Male,89,81,9,246,38397,48
59462,45,Female,59,22,3,380,20662,127
59463,22,Male,186,5,11,179,18563,114
59464,66,Female,143,11,17,158,4975,84
59465,43,Male,67,86,8,383,23412,175
59466,22,Male,189,32,2,97,48682,47
59467,39,Female,175,24,1,13,929,10
59468,32,Male,81,11,16,442,28075,26
59469,30,Female,157,11,4,261,44171,50
59470,45,Male,119,17,9,441,31110,175
59471,50,Male,28,32,8,482,8105,172
59472,60,Female,165,83,1,60,9405,129
59473,40,Male,138,27,8,33,6532,109
59474,50,Female,196,32,5,55,36232,63
59475,60,Male,134,61,1,125,45842,145
59476,35,Male,150,25,7,36,29719,145
59477,67,Female,196,64,15,104,19627,167
59478,47,Female,50,64,7,376,2390,43
59479,43,Male,142,28,1,444,6146,41
59480,33,Female,194,40,9,108,10961,15
59481,30,Female,148,91,1,125,20088,129
59482,56,Male,111,14,12,285,29925,58
59483,50,Male,170,42,7,345,42462,54
59484,43,Female,192,39,9,104,41949,133
59485,65,Male,180,2,5,208,24698,62
59486,18,Female,172,81,12,155,44459,127
59487,66,Female,95,1,2,401,8164,71
59488,55,Female,87,32,18,164,2164,46
59489,19,Female,196,83,9,279,32878,90
59490,66,Female,85,64,1,411,28048,156
59491,23,Female,60,78,10,330,1544,122
59492,63,Male,170,31,14,424,32665,84
59493,67,Female,159,58,14,285,35705,169
59494,55,Male,190,82,7,335,27191,151
59495,59,Female,186,78,12,265,19229,160
59496,41,Male,74,14,6,54,43767,167
59497,35,Male,74,88,13,10,43925,82
59498,44,Male,19,69,8,156,40989,33
59499,58,Female,149,16,2,304,43112,89
59500,25,Male,195,69,10,384,22605,160
59501,45,Male,159,54,6,164,31778,114
59502,27,Female,73,13,16,65,28173,50
59503,34,Male,23,80,10,409,21502,179
59504,46,Male,164,79,15,471,26739,19
59505,23,Female,59,31,10,235,47097,3
59506,31,Male,94,69,11,16,37373,116
59507,39,Male,27,21,2,29,37766,91
59508,23,Female,97,30,10,168,46640,145
59509,43,Male,26,23,12,479,28150,43
59510,56,Male,178,38,11,349,37760,157
59511,29,Male,24,29,15,88,3913,108
59512,52,Male,30,77,4,418,28524,44
59513,31,Female,106,32,5,375,41764,52
59514,39,Female,33,62,1,10,44510,97
59515,68,Female,118,91,1,410,12188,28
59516,40,Female,148,98,10,345,27476,109
59517,65,Male,146,45,4,238,4616,162
59518,24,Female,172,49,13,222,11940,54
59519,57,Female,117,33,14,292,16887,2
59520,67,Male,109,4,19,257,49870,114
59521,42,Male,188,18,5,128,29798,17
59522,30,Male,41,70,11,388,31999,146
59523,38,Female,187,64,8,236,22919,28
59524,58,Male,51,28,1,33,6365,28
59525,27,Male,151,58,5,199,44038,16
59526,26,Male,75,91,18,317,49431,161
59527,32,Female,49,90,13,316,13795,85
59528,69,Female,120,56,5,459,8494,5
59529,19,Female,61,20,7,66,15545,45
59530,42,Female,163,77,12,320,35418,165
59531,30,Female,159,92,2,318,9347,52
59532,51,Female,69,34,13,98,28436,62
59533,68,Female,102,87,14,284,46025,5
59534,51,Male,109,10,6,118,21498,107
59535,52,Male,20,94,16,150,25515,11
59536,55,Male,135,22,10,294,38677,86
59537,20,Female,177,5,11,489,41753,131
59538,59,Female,64,44,1,399,47519,179
59539,23,Male,179,9,15,385,36517,60
59540,65,Male,27,43,16,466,33530,66
59541,66,Female,39,4,10,253,21594,17
59542,36,Female,137,42,10,394,34667,131
59543,20,Female,143,65,3,417,22978,131
59544,35,Female,63,98,11,83,41884,40
59545,56,Female,136,41,11,364,30781,80
59546,26,Female,49,64,16,271,15210,76
59547,69,Female,97,55,6,185,17926,63
59548,29,Female,67,90,9,413,6428,51
59549,22,Male,194,18,1,239,31434,129
59550,20,Female,196,16,6,85,18866,51
59551,28,Female,90,87,18,332,32356,4
59552,47,Female,118,46,13,192,574,132
59553,21,Male,61,36,2,283,35290,175
59554,22,Male,57,90,19,286,9786,167
59555,18,Female,162,66,2,236,29784,84
59556,44,Male,175,44,4,457,28649,49
59557,45,Male,107,5,4,174,26331,39
59558,46,Male,158,29,10,284,25699,145
59559,35,Female,92,4,17,226,9232,143
59560,29,Female,21,99,16,321,30289,105
59561,30,Female,84,86,8,199,15196,156
59562,58,Female,163,49,6,27,37691,16
59563,19,Female,50,72,2,241,18635,134
59564,54,Female,118,85,15,423,15069,92
59565,62,Female,68,8,11,193,45070,160
59566,33,Male,161,52,16,115,14213,25
59567,65,Female,39,69,4,252,1747,39
59568,41,Female,81,21,11,435,45138,145
59569,52,Female,123,27,14,62,35421,46
59570,39,Female,195,38,8,235,42596,116
59571,53,Female,62,5,6,211,2564,53
59572,28,Female,184,85,19,95,15074,114
59573,63,Female,189,61,4,59,40566,51
59574,46,Female,105,8,4,392,8021,146
59575,52,Male,184,86,6,269,4814,20
59576,65,Male,16,18,11,328,38998,87
59577,32,Female,148,4,1,204,46709,133
59578,48,Female,141,4,2,378,17507,62
59579,59,Male,60,37,9,257,42610,103
59580,58,Female,120,15,16,65,26321,12
59581,60,Female,54,38,6,186,37754,81
59582,33,Male,72,27,9,485,32458,158
59583,27,Female,92,85,19,159,29843,144
59584,66,Female,47,48,5,405,46228,2
59585,49,Female,76,46,10,442,6958,125
59586,68,Male,26,46,7,22,24051,117
59587,19,Male,140,48,2,370,12205,131
59588,41,Female,63,59,4,298,44064,8
59589,40,Male,102,4,8,440,35226,37
59590,19,Male,92,75,3,73,28640,55
59591,55,Male,19,19,2,348,4742,49
59592,48,Female,193,57,9,114,33037,59
59593,68,Male,83,19,11,410,9716,60
59594,57,Male,125,91,4,248,44299,89
59595,43,Male,174,42,9,43,38881,78
59596,46,Female,191,92,6,333,46433,119
59597,20,Male,74,5,1,48,31381,174
59598,31,Male,60,48,3,465,41093,100
59599,42,Female,183,25,7,234,40359,63
59600,65,Male,27,67,9,138,567,127
59601,18,Male,122,26,8,142,38276,160
59602,20,Male,126,74,13,489,23113,66
59603,43,Female,114,88,18,49,43248,85
59604,35,Female,160,62,19,328,38044,4
59605,26,Male,127,93,9,394,26549,157
59606,55,Male,111,7,6,428,23509,177
59607,40,Male,65,44,12,479,3401,93
59608,38,Male,132,87,4,230,18504,23
59609,18,Male,50,27,9,410,25463,131
59610,38,Male,95,42,10,103,11485,54
59611,44,Female,117,73,3,108,10480,149
59612,59,Male,48,56,17,69,49504,80
59613,23,Male,154,3,7,138,24101,44
59614,61,Male,147,13,8,141,23760,148
59615,53,Female,62,70,11,402,12420,145
59616,45,Male,118,59,13,310,46892,12
59617,62,Female,105,38,3,425,9462,133
59618,34,Male,138,85,19,78,39441,80
59619,57,Male,54,83,14,23,3990,126
59620,69,Male,155,89,16,444,39864,92
59621,20,Male,40,68,15,483,37066,72
59622,29,Male,156,86,2,160,29647,46
59623,56,Male,110,69,6,183,24160,72
59624,29,Female,153,1,7,479,34027,93
59625,19,Male,180,50,9,420,45251,121
59626,63,Male,94,81,9,354,45498,18
59627,39,Male,71,73,17,301,12213,44
59628,40,Female,164,9,3,205,24185,43
59629,47,Male,125,53,4,41,9833,79
59630,22,Female,158,88,2,82,35234,77
59631,26,Male,90,10,1,203,18832,150
59632,38,Male,43,84,10,435,40674,60
59633,28,Female,144,81,3,59,41760,63
59634,22,Female,196,77,10,66,40954,24
59635,52,Male,16,29,9,496,1035,29
59636,44,Female,17,36,17,126,41559,129
59637,66,Female,198,87,15,201,10720,124
59638,19,Male,86,27,3,439,1207,1
59639,41,Male,25,18,3,226,9158,73
59640,48,Male,174,18,4,120,33400,21
59641,50,Female,18,9,4,467,25175,156
59642,56,Male,151,67,17,494,38089,146
59643,47,Male,102,7,6,98,33296,97
59644,63,Female,127,58,11,369,21314,52
59645,54,Female,198,79,12,319,26547,66
59646,68,Male,30,30,7,318,47686,115
59647,45,Female,100,73,13,166,1812,88
59648,48,Female,24,61,6,430,28949,62
59649,28,Female,178,91,3,78,29203,19
59650,40,Male,38,82,14,279,31082,2
59651,19,Male,78,95,14,234,2204,55
59652,57,Male,70,17,10,420,6903,79
59653,58,Female,103,53,5,14,39737,11
59654,44,Male,36,6,2,252,22208,144
59655,52,Male,194,39,6,127,19594,85
59656,19,Female,64,25,11,181,4445,27
59657,56,Female,61,42,18,152,10000,22
59658,54,Male,37,42,11,332,49135,3
59659,38,Female,97,59,15,266,33329,3
59660,22,Male,33,38,3,417,35389,149
59661,69,Male,194,31,2,469,48074,43
59662,62,Male,176,29,7,374,37158,89
59663,38,Female,43,9,5,327,40236,37
59664,46,Female,75,1,13,87,36429,94
59665,37,Male,99,80,8,66,20565,39
59666,55,Male,49,87,9,499,14106,148
59667,37,Male,19,72,8,29,15489,65
59668,67,Male,90,47,10,451,10521,163
59669,42,Female,21,76,2,23,32961,43
59670,19,Male,183,10,10,215,21312,21
59671,49,Male,144,16,11,246,15531,10
59672,43,Female,152,47,11,190,10852,45
59673,23,Male,116,43,5,300,18634,93
59674,58,Male,58,24,14,455,20843,3
59675,20,Male,84,8,3,198,4912,43
59676,50,Male,105,75,2,156,9760,41
59677,18,Male,177,26,18,349,40995,121
59678,68,Female,76,7,1,51,11538,107
59679,22,Female,34,79,1,437,22787,169
59680,30,Female,177,15,17,480,23109,9
59681,36,Female,179,48,6,363,32016,174
59682,29,Male,86,3,13,10,15325,144
59683,65,Female,134,16,1,333,25436,124
59684,42,Female,196,79,6,113,21826,113
59685,68,Female,109,89,8,264,21146,121
59686,52,Female,141,97,13,218,7656,47
59687,29,Female,127,14,2,227,6580,156
59688,47,Female,121,88,8,87,9111,28
59689,22,Female,94,75,1,439,24947,75
59690,51,Female,42,3,13,60,46664,94
59691,39,Male,174,73,1,297,34437,139
59692,56,Female,153,70,10,109,34141,29
59693,30,Male,184,31,5,221,14247,57
59694,64,Female,165,80,13,473,37634,74
59695,20,Female,44,75,5,412,37868,119
59696,37,Female,23,17,10,246,1374,59
59697,48,Male,73,49,3,304,20328,35
59698,22,Male,170,3,2,481,4408,36
59699,41,Female,93,83,2,407,46511,77
59700,57,Male,117,88,5,166,10333,58
59701,50,Female,128,55,4,307,36999,2
59702,25,Male,175,72,2,23,39599,28
59703,41,Male,61,40,9,125,40069,70
59704,67,Male,112,66,9,148,26173,63
59705,37,Female,164,87,9,84,4221,60
59706,33,Male,171,40,4,312,9089,90
59707,67,Male,176,30,8,369,1974,164
59708,69,Female,56,25,18,33,21950,104
59709,29,Male,194,7,9,415,11603,116
59710,30,Female,61,92,3,186,31543,43
59711,62,Female,88,50,6,448,36441,167
59712,59,Male,65,81,19,64,37031,133
59713,56,Female,187,96,5,222,27530,178
59714,42,Male,108,1,17,335,6468,16
59715,63,Male,134,91,19,343,45611,52
59716,49,Female,89,44,3,338,29110,71
59717,41,Male,176,49,8,172,2880,3
59718,65,Male,163,7,9,309,23328,89
59719,64,Female,137,3,8,173,3803,138
59720,61,Female,155,94,14,98,19928,51
59721,26,Male,196,1,10,24,13688,160
59722,57,Female,167,51,17,310,26205,133
59723,67,Female,136,98,3,131,29800,118
59724,40,Female,35,38,3,327,6113,171
59725,67,Female,15,43,3,357,41186,140
59726,30,Male,83,55,4,187,20355,159
59727,49,Male,100,57,17,471,39710,150
59728,67,Female,85,53,14,278,29463,59
59729,32,Male,27,33,2,114,46741,52
59730,53,Female,194,80,12,168,41726,47
59731,66,Female,37,62,5,14,41406,105
59732,22,Male,163,11,2,348,1723,49
59733,39,Male,20,72,12,401,2564,56
59734,33,Male,162,52,9,150,38320,31
59735,58,Male,90,1,9,178,5254,70
59736,27,Female,182,14,1,26,32903,76
59737,41,Female,23,94,7,41,4165,171
59738,35,Male,192,85,18,14,3892,81
59739,66,Female,42,21,10,391,38049,74
59740,35,Male,153,34,15,146,1973,109
59741,24,Male,130,90,9,116,24120,5
59742,21,Male,110,14,11,171,34059,4
59743,43,Female,89,40,1,266,15312,143
59744,22,Female,102,35,11,177,24703,130
59745,33,Male,70,42,1,472,6306,177
59746,52,Male,119,82,5,447,9966,56
59747,43,Male,49,20,18,391,14166,136
59748,35,Male,39,60,1,297,37408,16
59749,46,Female,127,9,10,391,26875,24
59750,40,Female,113,33,13,491,36484,55
59751,31,Male,161,49,8,364,12197,69
59752,32,Male,45,68,13,254,17175,60
59753,66,Female,95,4,2,122,892,159
59754,50,Male,64,48,12,187,12184,20
59755,42,Female,101,16,13,452,25184,54
59756,38,Female,61,47,8,485,2582,137
59757,34,Male,15,26,15,474,21984,162
59758,40,Female,139,70,7,199,8796,80
59759,60,Female,152,37,7,20,38810,144
59760,34,Female,150,22,17,32,22559,70
59761,31,Female,120,7,19,128,21326,134
59762,46,Male,139,42,3,291,10514,35
59763,37,Female,168,30,7,328,25640,105
59764,47,Female,176,74,12,439,1784,131
59765,36,Female,33,79,14,78,41376,21
59766,56,Male,86,6,2,355,7613,135
59767,30,Male,143,24,7,143,17326,78
59768,35,Male,190,66,16,262,37481,158
59769,40,Female,167,40,9,60,12230,22
59770,63,Male,38,15,1,52,9255,142
59771,50,Male,189,53,12,491,20566,89
59772,56,Male,98,85,2,435,35823,67
59773,57,Female,134,82,18,150,20630,133
59774,35,Male,83,5,14,34,30414,115
59775,26,Male,174,89,12,395,36652,59
59776,50,Male,159,36,18,279,45551,137
59777,49,Female,120,74,5,410,25225,176
59778,34,Female,83,46,7,370,30123,102
59779,36,Male,25,23,4,113,43310,37
59780,44,Male,180,88,13,433,32941,68
59781,23,Male,161,45,16,304,17699,148
59782,52,Female,117,10,16,162,3037,85
59783,54,Female,159,54,19,484,3628,178
59784,51,Male,27,70,4,313,23628,24
59785,37,Female,15,77,1,380,2393,124
59786,42,Male,16,85,13,481,19922,126
59787,21,Female,123,32,9,314,2366,49
59788,27,Male,158,43,10,170,42459,136
59789,27,Female,18,15,6,292,32658,75
59790,41,Male,71,66,7,54,15618,110
59791,38,Female,127,15,16,296,20002,6
59792,28,Male,37,81,17,328,19296,40
59793,44,Male,138,20,1,377,37956,81
59794,33,Male,131,50,9,175,45129,109
59795,43,Male,144,6,14,216,43569,145
59796,47,Female,101,79,15,117,44206,51
59797,66,Male,168,17,4,433,49587,2
59798,33,Female,139,26,8,451,46721,158
59799,24,Female,125,22,15,74,14089,160
59800,33,Male,21,73,4,276,17658,50
59801,52,Male,58,64,19,408,45606,144
59802,33,Male,175,76,3,362,12904,83
59803,57,Male,127,86,8,194,11282,45
59804,29,Female,178,58,2,377,33711,175
59805,52,Female,18,87,8,233,28719,33
59806,66,Female,132,37,8,162,17589,128
59807,38,Female,37,78,17,432,8404,98
59808,67,Male,167,88,16,298,18434,152
59809,60,Female,104,72,16,294,21485,35
59810,53,Male,106,90,16,195,36571,85
59811,65,Male,169,96,7,235,35228,88
59812,34,Female,65,28,15,209,31983,101
59813,49,Female,129,96,17,20,8014,60
59814,58,Female,95,86,3,406,30860,29
59815,23,Female,117,49,1,334,29645,18
59816,41,Female,94,73,8,476,10620,48
59817,44,Female,165,67,7,286,10154,11
59818,37,Male,117,89,18,12,9408,131
59819,42,Male,23,76,5,419,18737,170
59820,19,Male,47,93,15,426,15368,146
59821,26,Female,49,67,7,359,37550,16
59822,45,Male,64,41,10,287,37453,41
59823,55,Male,38,46,16,71,33575,43
59824,20,Male,166,87,2,14,37012,171
59825,37,Male,161,87,18,412,32750,91
59826,23,Male,53,55,15,18,40111,31
59827,56,Male,39,82,19,67,28994,28
59828,50,Female,167,11,14,289,3036,51
59829,18,Female,169,26,2,432,14291,27
59830,54,Female,46,72,18,469,33734,9
59831,23,Male,153,92,9,247,12990,121
59832,62,Female,122,82,1,326,27740,124
59833,51,Female,47,13,16,136,47900,166
59834,64,Male,161,36,12,313,49443,164
59835,32,Female,121,64,12,246,299,60
59836,62,Male,125,51,19,228,44184,57
59837,43,Female,135,76,10,187,40590,175
59838,31,Male,30,22,5,327,20253,114
59839,24,Male,25,60,3,499,33361,68
59840,63,Female,112,2,9,446,25369,51
59841,48,Male,130,56,15,158,27657,58
59842,41,Female,197,40,14,47,9277,48
59843,48,Male,39,28,11,127,8339,59
59844,46,Female,107,77,13,492,3252,76
59845,59,Female,125,97,7,489,41664,47
59846,49,Male,110,3,2,324,21820,143
59847,34,Female,176,63,3,493,1977,111
59848,31,Female,26,98,8,106,23517,112
59849,57,Female,35,23,1,436,12829,72
59850,53,Male,141,55,4,26,31389,121
59851,65,Male,43,32,13,334,41293,95
59852,41,Female,193,84,14,437,3125,2
59853,62,Female,135,28,9,477,7020,79
59854,44,Male,138,8,3,456,12699,40
59855,42,Male,165,3,14,288,784,171
59856,49,Female,47,94,4,368,8748,48
59857,69,Male,150,89,17,461,14988,57
59858,35,Male,184,53,15,163,40570,12
59859,63,Female,91,94,12,103,38164,68
59860,35,Male,55,29,14,441,11746,179
59861,54,Male,88,94,19,184,10142,74
59862,43,Male,77,98,10,311,10101,29
59863,26,Female,28,89,5,38,3881,92
59864,52,Male,89,81,17,43,8928,29
59865,25,Female,188,59,17,19,41310,83
59866,37,Male,81,24,3,285,10147,115
59867,59,Male,107,38,16,481,19134,107
59868,39,Female,67,28,9,299,48915,141
59869,36,Female,194,97,17,110,17471,98
59870,47,Female,108,62,12,150,44155,46
59871,45,Female,127,51,2,96,37806,20
59872,52,Male,149,7,16,403,19146,59
59873,60,Female,196,23,6,479,26384,120
59874,28,Female,25,46,2,310,7990,36
59875,48,Female,39,90,9,137,47638,1
59876,66,Male,169,78,5,215,39695,90
59877,65,Male,97,28,18,98,38499,131
59878,56,Female,107,24,18,91,48582,44
59879,53,Female,153,7,10,221,9633,60
59880,47,Female,69,79,10,128,33175,131
59881,40,Female,33,49,10,357,3099,85
59882,36,Male,106,3,18,145,31496,82
59883,29,Female,181,2,16,270,24735,159
59884,32,Male,104,7,6,478,44747,61
59885,48,Female,25,80,12,285,27501,49
59886,60,Female,156,21,4,386,38729,44
59887,54,Male,74,9,16,437,42148,31
59888,54,Female,178,12,11,217,6947,72
59889,32,Female,55,93,1,323,8004,89
59890,46,Female,144,24,5,413,44019,177
59891,67,Female,199,33,17,252,1849,46
59892,60,Male,121,78,11,482,35376,139
59893,43,Female,74,43,14,464,43580,104
59894,61,Female,162,82,9,354,42284,65
59895,19,Male,36,5,10,109,31463,145
59896,37,Female,142,79,4,124,30365,116
59897,32,Male,140,71,2,339,14666,28
59898,69,Female,117,89,6,433,22180,82
59899,21,Female,146,14,3,25,7742,74
59900,39,Female,198,36,13,13,34387,9
59901,67,Male,124,35,12,275,38663,162
59902,55,Male,72,50,18,444,24710,148
59903,40,Female,79,88,6,57,37141,131
59904,43,Male,72,79,10,232,1935,129
59905,68,Female,172,11,6,213,45296,60
59906,28,Male,90,24,5,29,46460,97
59907,45,Female,33,75,15,297,37353,50
59908,19,Male,142,44,15,203,1348,136
59909,25,Female,118,51,12,325,40991,146
59910,46,Male,121,17,9,20,31543,30
59911,28,Male,132,70,13,29,13746,97
59912,54,Male,93,85,16,288,42683,150
59913,35,Male,98,8,2,392,43921,81
59914,67,Female,186,79,17,342,23279,9
59915,31,Female,132,96,9,44,9102,22
59916,27,Male,163,74,19,410,25736,138
59917,52,Female,24,28,6,275,13310,67
59918,26,Male,44,79,4,241,12101,9
59919,52,Female,38,12,15,47,204,47
59920,28,Male,190,43,18,471,5119,40
59921,61,Female,69,82,12,92,24893,36
59922,29,Female,118,37,12,41,19375,147
59923,20,Male,141,88,17,63,29532,98
59924,56,Male,194,63,7,234,30209,2
59925,31,Male,139,93,5,322,13712,173
59926,45,Male,180,63,12,116,16420,83
59927,28,Male,107,10,17,482,9958,161
59928,56,Female,22,78,2,34,23476,64
59929,42,Male,171,80,4,407,6773,154
59930,38,Female,152,37,2,54,6029,119
59931,27,Male,89,11,14,437,47462,111
59932,60,Female,191,90,14,127,3572,162
59933,32,Female,177,19,13,303,22123,156
59934,36,Male,192,52,17,134,28105,92
59935,65,Male,54,18,17,45,27484,78
59936,39,Female,154,94,18,353,25961,6
59937,38,Female,99,32,3,498,40221,139
59938,69,Male,30,23,16,389,28122,46
59939,61,Female,92,12,19,432,37480,20
59940,49,Female,62,58,6,176,29741,164
59941,67,Female,105,77,6,278,3266,113
59942,40,Female,143,21,18,203,25391,16
59943,30,Female,36,21,9,427,3320,173
59944,22,Female,157,93,18,133,17610,48
59945,21,Male,28,93,6,280,29805,113
59946,45,Male,87,91,9,67,3270,4
59947,31,Male,33,29,18,377,25537,176
59948,25,Male,54,79,16,68,27406,98
59949,26,Female,112,47,13,459,45526,109
59950,68,Male,18,12,11,317,38637,156
59951,52,Female,47,58,8,226,10397,158
59952,54,Female,57,41,17,78,37790,29
59953,38,Male,179,19,9,491,25209,149
59954,35,Male,41,12,6,253,11308,42
59955,50,Female,187,23,1,112,31865,128
59956,25,Male,95,5,1,14,12354,50
59957,68,Male,127,26,13,308,29681,89
59958,66,Female,192,63,7,273,31665,126
59959,34,Female,131,52,10,250,29307,3
59960,60,Female,138,10,18,343,31605,23
59961,48,Female,109,86,6,358,43424,107
59962,51,Female,77,39,13,231,9925,5
59963,23,Female,148,23,5,328,22767,25
59964,39,Male,138,11,15,238,22192,35
59965,31,Male,130,92,12,461,41951,65
59966,20,Male,109,95,11,428,40716,39
59967,29,Female,81,72,8,464,13760,123
59968,53,Female,111,48,5,483,27932,111
59969,29,Male,130,92,8,41,15215,18
59970,62,Male,27,16,5,362,23131,25
59971,19,Male,163,46,10,383,25828,100
59972,19,Female,78,47,15,33,2284,129
59973,32,Male,179,95,6,315,11995,137
59974,40,Male,99,48,18,383,1881,169
59975,46,Male,190,80,3,196,27083,95
59976,34,Female,70,69,9,458,3922,22
59977,49,Male,186,99,10,486,28102,173
59978,24,Male,155,25,7,137,2236,20
59979,47,Female,146,77,19,121,3357,121
59980,45,Female,126,93,2,303,32507,140
59981,31,Female,47,91,8,431,12117,124
59982,61,Female,179,81,7,158,27457,64
59983,47,Female,67,37,5,160,43619,160
59984,34,Male,115,63,4,183,7755,62
59985,49,Male,166,29,11,206,24151,133
59986,63,Female,103,58,10,264,41581,120
59987,23,Female,193,98,1,423,31582,44
59988,68,Female,183,94,4,177,38420,157
59989,41,Female,43,31,6,91,15550,33
59990,23,Male,182,86,18,79,14171,87
59991,44,Male,65,89,13,334,26822,100
59992,35,Female,64,68,13,435,30044,13
59993,41,Female,125,99,1,411,19413,50
59994,54,Female,50,41,4,452,427,130
59995,41,Female,123,50,4,22,16588,156
59996,55,Male,74,44,18,128,49503,18
59997,51,Female,160,9,18,221,12644,66
59998,57,Female,34,59,18,111,11721,174
59999,64,Male,147,90,15,286,36045,145
60000,32,Female,160,91,18,205,32147,161
